aacode	aagfh11	paired	casecat	fqtr	fmonth	fyear	tenure8x	tenure4x	tenure2x	gorehcs	gorehs	region3x	rumorph	imd1010	market_r
J0011101	1152.38460363712	1	1	1	4	2011	4	4	2	6	10	3	1	1	2
J0011102	796.279826418121	1	1	1	4	2011	4	4	2	6	10	3	1	3	2
J0011103	902.353448947438	0	4	1	4	2011	2	2	1	6	10	3	1	3	3
J0011104	1637.98950841144	0	5	1	4	2011	1	1	1	6	10	3	1	3	-9
J0011106	1500.43353392736	0	4	1	4	2011	4	4	2	6	10	3	1	2	2
J0011202	1155.29628401855	1	1	1	4	2011	2	2	1	6	10	3	1	3	3
J0011203	1894.56762429469	0	4	1	4	2011	1	1	1	6	10	3	1	2	-9
J0011204	1206.46033648839	0	4	1	4	2011	1	1	1	6	10	3	1	2	-9
J0011207	1232.19806764697	0	5	1	4	2011	1	1	1	6	10	3	3	3	-9
J0011303	1233.98509915943	1	1	1	5	2011	1	1	1	6	10	3	3	4	-9
J0011304	898.512966218203	1	1	1	5	2011	4	4	2	6	10	3	2	3	2
J0011307	1086.9006500585	1	1	1	5	2011	4	4	2	6	10	3	2	3	2
J0011401	1885.1365374174	1	1	1	5	2011	1	1	1	6	10	3	4	4	-9
J0011403	1306.29946825087	1	1	1	5	2011	1	1	1	6	10	3	2	6	-9
J0011404	1724.40170668547	1	1	1	5	2011	1	1	1	6	10	3	3	6	-9
J0011405	1000.73689225939	0	5	1	5	2011	1	1	1	6	10	3	2	2	-9
J0011406	1615.32406676592	1	1	1	5	2011	1	1	1	6	10	3	2	5	-9
J0011407	1419.42622915103	0	5	1	5	2011	1	1	1	6	10	3	3	6	-9
J0011408	1880.24699763304	0	4	1	5	2011	1	1	1	6	10	3	3	4	-9
J0012101	1495.59644567003	0	5	2	7	2011	1	1	1	6	10	3	3	4	-9
J0012102	2258.6917487883	1	1	2	7	2011	1	1	1	6	10	3	1	5	-9
J0012103	1465.27346823619	0	5	2	7	2011	1	1	1	6	10	3	1	1	-9
J0012105	990.045958833795	1	1	2	7	2011	4	4	2	6	10	3	1	1	2
J0012106	5661.06918169735	1	1	2	7	2011	1	1	1	6	10	3	1	2	-9
J0012107	2751.64109765677	0	5	2	7	2011	1	1	1	6	10	3	1	4	-9
J0012108	1541.13246704083	1	1	2	7	2011	1	1	1	6	10	3	1	2	-9
J0012201	687.763070450703	0	5	2	7	2011	1	1	1	6	10	3	1	2	-9
J0012203	2067.57475065854	1	1	2	7	2011	1	1	1	6	10	3	1	5	-9
J0012204	1340.77981398175	0	5	2	7	2011	1	1	1	6	10	3	1	6	-9
J0012207	1708.59466865344	1	1	2	7	2011	1	1	1	6	10	3	1	4	-9
J0012208	1582.61475863175	0	5	2	7	2011	1	1	1	6	10	3	1	6	-9
J0012301	1515.82478202939	0	5	2	8	2011	1	1	1	6	10	3	2	8	-9
J0012303	2417.08036753741	0	5	2	8	2011	1	1	1	6	10	3	2	5	-9
J0012304	1191.88863681397	1	1	2	8	2011	1	1	1	6	10	3	2	5	-9
J0012305	1947.56408061812	0	5	2	8	2011	1	1	1	6	10	3	4	6	-9
J0012306	1158.25769435467	1	1	2	8	2011	1	1	1	6	10	3	4	4	-9
J0012401	2526.09634496829	1	1	2	8	2011	2	2	1	6	10	3	1	4	3
J0012402	693.387752445844	1	1	2	8	2011	2	2	1	6	10	3	1	2	3
J0012403	893.520681804357	0	5	2	8	2011	1	1	1	6	10	3	1	2	-9
J0012405	1800.04376710004	1	1	2	8	2011	1	1	1	6	10	3	1	2	-9
J0012406	746.716682909147	1	1	2	8	2011	3	3	2	6	10	3	1	2	1
J0012407	867.922218065802	1	1	2	8	2011	3	3	2	6	10	3	1	1	1
J0012408	1562.36526842285	0	5	2	8	2011	1	1	1	6	10	3	1	4	-9
J0013102	1511.69253332725	1	1	3	10	2011	4	4	2	6	10	3	1	4	2
J0013104	1631.50593311439	0	5	3	10	2011	1	1	1	6	10	3	1	8	-9
J0013107	1584.38826082142	1	1	3	10	2011	1	1	1	6	10	3	1	3	-9
J0013201	4327.7717676999	0	5	3	10	2011	1	1	1	6	10	3	1	6	-9
J0013202	1852.54401635299	1	1	3	10	2011	2	2	1	6	10	3	1	6	3
J0013204	1462.15324354352	1	1	3	10	2011	1	1	1	6	10	3	1	4	-9
J0013205	1503.36306360221	0	5	3	10	2011	1	1	1	6	10	3	1	6	-9
J0013206	1831.6135628553	1	1	3	10	2011	2	2	1	6	10	3	1	8	3
J0013207	1395.64325323703	1	1	3	10	2011	1	1	1	6	10	3	1	8	-9
J0013303	1617.66813439099	0	5	3	11	2011	1	1	1	6	10	3	3	4	-9
J0013304	1685.33686228852	0	4	3	11	2011	1	1	1	6	10	3	3	6	-9
J0013305	1692.99534485278	0	5	3	11	2011	1	1	1	6	10	3	2	6	-9
J0013308	1344.37981620867	0	5	3	11	2011	1	1	1	6	10	3	3	6	-9
J0013402	783.58536032771	1	1	3	11	2011	3	3	2	6	10	3	1	2	1
J0013403	1751.35271196138	0	5	3	11	2011	1	1	1	6	10	3	1	8	-9
J0013406	1838.0327502732	1	1	3	11	2011	2	2	1	6	10	3	2	6	3
J0014103	1121.25055437633	0	5	4	1	2012	1	1	1	6	10	3	1	3	-9
J0014104	1692.99534485278	1	1	4	1	2012	1	1	1	6	10	3	4	5	-9
J0014106	1312.14941844135	1	1	4	1	2012	4	4	2	6	10	3	2	5	2
J0014203	888.98460202672	1	1	4	1	2012	4	4	2	6	10	3	2	6	2
J0014205	1255.12163026492	0	4	4	1	2012	1	1	1	6	10	3	3	4	-9
J0014303	1583.58510819408	0	5	4	2	2012	1	1	1	6	10	3	1	5	-9
J0014304	657.995382674058	1	1	4	2	2012	3	3	2	6	10	3	1	5	1
J0014308	1154.34553456902	0	5	4	2	2012	1	1	1	6	10	3	3	7	-9
J0014401	1669.26490181258	0	5	4	2	2012	1	1	1	6	10	3	3	5	-9
J0014404	1277.56342734016	1	1	4	2	2012	4	4	2	6	10	3	1	2	2
J0014406	1782.19604229844	0	5	4	2	2012	1	1	1	6	10	3	1	8	-9
J0014407	1594.74052429906	1	1	4	2	2012	4	4	2	6	10	3	1	2	2
J0014408	1364.65877075546	0	5	4	2	2012	1	1	1	6	10	3	4	4	-9
J0021104	705.928051250512	1	1	1	4	2011	2	2	1	6	10	3	1	3	3
J0021105	1088.49796935901	1	1	1	4	2011	1	1	1	6	10	3	1	7	-9
J0021106	1208.33379721607	1	1	1	4	2011	4	4	2	6	10	3	1	6	2
J0021201	849.669840960953	1	1	1	4	2011	1	1	1	6	10	3	3	5	-9
J0021203	1533.71395211087	1	1	1	4	2011	1	1	1	6	10	3	2	6	-9
J0021206	1017.90228632824	0	5	1	4	2011	1	1	1	6	10	3	1	5	-9
J0021207	1967.74189511378	1	1	1	4	2011	1	1	1	6	10	3	4	4	-9
J0021302	1665.55182287514	1	1	1	5	2011	4	4	2	6	10	3	4	4	2
J0021305	1236.34486094425	0	5	1	5	2011	1	1	1	6	10	3	2	6	-9
J0021402	1554.88503598781	0	5	1	5	2011	1	1	1	6	10	3	3	5	-9
J0021403	1374.18346240339	1	1	1	5	2011	4	4	2	6	10	3	2	8	2
J0021404	1265.08696802021	0	5	1	5	2011	1	1	1	6	10	3	2	5	-9
J0021406	718.326775130684	1	1	1	5	2011	3	3	2	6	10	3	2	5	1
J0021408	1587.22620355168	1	1	1	5	2011	2	2	1	6	10	3	3	4	3
J0022101	1774.56042255989	1	1	2	7	2011	1	1	1	6	10	3	3	7	-9
J0022105	1894.5763086204	0	5	2	7	2011	1	1	1	6	10	3	2	7	-9
J0022106	1177.45915674715	1	1	2	7	2011	1	1	1	6	10	3	4	6	-9
J0022107	1571.93570971519	0	5	2	7	2011	1	1	1	6	10	3	2	6	-9
J0022203	1391.27628726586	1	1	2	7	2011	1	1	1	6	10	3	3	4	-9
J0022207	1821.58233025744	1	1	2	7	2011	2	2	1	6	10	3	3	4	3
J0022208	1473.02781969584	1	1	2	7	2011	1	1	1	6	10	3	2	4	-9
J0022301	1415.81127635312	0	4	2	8	2011	1	1	1	6	10	3	2	5	-9
J0022302	1318.18378883073	0	4	2	8	2011	2	2	1	6	10	3	2	4	3
J0022304	1219.41124268408	0	5	2	8	2011	1	1	1	6	10	3	3	4	-9
J0022305	2784.90533398132	0	5	2	8	2011	1	1	1	6	10	3	3	4	-9
J0022406	1614.39752019642	1	1	2	8	2011	3	3	2	6	10	3	3	5	1
J0023103	1517.03197273266	0	5	3	10	2011	1	1	1	6	10	3	1	3	-9
J0023104	1871.59209793009	0	5	3	10	2011	1	1	1	6	10	3	2	5	-9
J0023105	1240.96872309584	0	4	3	10	2011	1	1	1	6	10	3	1	6	-9
J0023106	1461.55260924425	0	5	3	10	2011	1	1	1	6	10	3	3	3	-9
J0023107	1644.9763848408	1	1	3	10	2011	2	2	1	6	10	3	2	3	3
J0023205	1690.0097793155	1	1	3	10	2011	1	1	1	6	10	3	4	5	-9
J0023207	1204.46964301338	0	5	3	10	2011	1	1	1	6	10	3	3	5	-9
J0023208	1679.78766194216	1	1	3	10	2011	1	1	1	6	10	3	3	6	-9
J0023303	1587.19541857991	0	5	3	11	2011	1	1	1	6	10	3	2	5	-9
J0023304	1056.32355022832	1	1	3	11	2011	2	2	1	6	10	3	4	6	3
J0023306	2112.01256745857	0	5	3	11	2011	1	1	1	6	10	3	1	5	-9
J0023307	1327.7207385019	0	4	3	11	2011	2	2	1	6	10	3	1	4	3
J0023401	2111.12398602348	0	4	3	11	2011	1	1	1	6	10	3	2	3	-9
J0023403	1439.71529533556	0	5	3	11	2011	1	1	1	6	10	3	3	4	-9
J0023406	1600.97398940492	1	1	3	11	2011	1	1	1	6	10	3	3	6	-9
J0024101	1433.84036319084	0	4	4	1	2012	1	1	1	6	10	3	2	4	-9
J0024102	1247.04081959479	0	5	4	1	2012	1	1	1	6	10	3	4	5	-9
J0024104	1340.25666217602	0	5	4	1	2012	1	1	1	6	10	3	1	5	-9
J0024105	1747.59189753832	0	5	4	1	2012	1	1	1	6	10	3	1	2	-9
J0024106	1021.73358344781	1	1	4	1	2012	3	3	2	6	10	3	1	2	1
J0024108	851.375483033858	1	1	4	1	2012	3	3	2	6	10	3	1	4	1
J0024110	1323.16867240329	0	5	4	1	2012	1	1	1	6	10	3	1	3	-9
J0024201	1277.78689108744	0	4	4	1	2012	2	2	1	6	10	3	2	2	3
J0024202	885.257556383412	0	4	4	1	2012	2	2	1	6	10	3	2	2	3
J0024203	1561.32220851102	1	1	4	1	2012	1	1	1	6	10	3	4	5	-9
J0024205	1445.86868543554	0	5	4	1	2012	1	1	1	6	10	3	3	4	-9
J0024206	1754.21739168378	0	4	4	1	2012	1	1	1	6	10	3	3	4	-9
J0024301	1556.18059457505	1	1	4	2	2012	3	3	2	6	10	3	2	5	1
J0024304	1331.45799459107	0	5	4	2	2012	1	1	1	6	10	3	2	8	-9
J0024307	3698.55591053037	0	5	4	2	2012	1	1	1	6	10	3	3	6	-9
J0024308	1877.76895395728	1	1	4	2	2012	1	1	1	6	10	3	3	4	-9
J0024402	782.248889023608	0	4	4	2	2012	3	3	2	6	10	3	1	4	1
J0024403	1380.99072125675	0	5	4	2	2012	1	1	1	6	10	3	1	7	-9
J0024404	1121.04314028495	0	5	4	2	2012	1	1	1	6	10	3	1	4	-9
J0024405	1219.50231752033	1	1	4	2	2012	1	1	1	6	10	3	1	8	-9
J0024406	1479.52721004321	0	5	4	2	2012	1	1	1	6	10	3	1	7	-9
J0024407	1301.43568597243	0	4	4	2	2012	1	1	1	6	10	3	1	7	-9
J0031102	1121.14913880024	1	1	1	4	2011	4	4	2	6	10	3	1	3	2
J0031105	753.612406592553	1	1	1	4	2011	4	4	2	6	10	3	1	1	2
J0031110	810.297200974191	1	1	1	4	2011	4	4	2	6	10	3	1	1	2
J0031111	800.145737753501	1	1	1	4	2011	4	4	2	6	10	3	1	1	2
J0031112	703.853777041434	1	1	1	4	2011	4	4	2	6	10	3	1	2	2
J0031201	610.648323099069	1	1	1	4	2011	4	4	2	6	10	3	1	2	2
J0031202	1209.21982661472	1	1	1	4	2011	4	4	2	6	10	3	1	2	2
J0031203	2788.44140457001	1	1	1	4	2011	2	2	1	6	10	3	1	2	3
J0031204	654.957856293374	1	1	1	4	2011	2	2	1	6	10	3	1	4	5
J0031205	939.442867989608	1	1	1	4	2011	2	2	1	6	10	3	1	5	3
J0031206	1212.00234433864	1	1	1	4	2011	2	2	1	6	10	3	1	4	3
J0031208	1289.5094939469	0	5	1	4	2011	1	1	1	6	10	3	1	2	-9
J0031302	1781.09984259574	0	5	1	5	2011	1	1	1	6	10	3	1	6	-9
J0031303	2553.63027236053	0	4	1	5	2011	2	2	1	6	10	3	1	7	3
J0031305	1336.55445293086	0	5	1	5	2011	1	1	1	6	10	3	1	5	-9
J0031306	1458.37593956011	0	4	1	5	2011	2	2	1	6	10	3	1	5	3
J0031307	993.487580249171	0	4	1	5	2011	2	2	1	6	10	3	1	5	3
J0031402	686.267974605428	0	5	1	5	2011	1	1	1	6	10	3	1	4	-9
J0032101	1781.38068576478	1	1	2	7	2011	1	1	1	6	10	3	1	6	-9
J0032102	1795.26117222706	0	5	2	7	2011	1	1	1	6	10	3	1	9	-9
J0032105	1201.24366510156	1	1	2	7	2011	1	1	1	6	10	3	1	3	-9
J0032106	1523.54668957564	0	5	2	7	2011	1	1	1	6	10	3	1	7	-9
J0032201	1470.54065504229	0	5	2	7	2011	1	1	1	6	10	3	1	3	-9
J0032202	5355.51565066849	1	1	2	7	2011	1	1	1	6	10	3	1	2	-9
J0032205	1787.94430226017	0	5	2	7	2011	1	1	1	6	10	3	1	5	-9
J0032206	1427.85322876072	1	1	2	7	2011	1	1	1	6	10	3	1	8	-9
J0032301	1677.69787700888	0	5	2	8	2011	1	1	1	6	10	3	1	7	-9
J0032302	1684.69474753272	0	4	2	8	2011	1	1	1	6	10	3	1	8	-9
J0032303	1632.54588089669	0	5	2	8	2011	1	1	1	6	10	3	1	3	-9
J0032305	808.698931070636	0	5	2	8	2011	1	1	1	6	10	3	1	7	-9
J0032306	1741.18461807538	1	1	2	8	2011	1	1	1	6	10	3	1	9	-9
J0032307	1951.77359349013	0	5	2	8	2011	1	1	1	6	10	3	1	7	-9
J0032308	2065.56531389412	1	1	2	8	2011	4	4	2	6	10	3	1	3	2
J0032401	1681.25453145015	0	5	2	8	2011	1	1	1	6	10	3	1	4	-9
J0032402	1944.77101979026	0	5	2	8	2011	1	1	1	6	10	3	1	4	-9
J0032403	1734.85942009663	1	1	2	8	2011	4	4	2	6	10	3	1	3	2
J0032404	2058.57824780931	0	5	2	8	2011	1	1	1	6	10	3	1	3	-9
J0032405	727.244947905094	1	1	2	8	2011	4	4	2	6	10	3	1	1	2
J0032406	2242.21473046427	1	1	2	8	2011	2	2	1	6	10	3	1	2	4
J0033101	684.180801963994	1	1	3	10	2011	4	4	2	6	10	3	1	1	2
J0033102	791.388857058576	1	1	3	10	2011	4	4	2	6	10	3	1	1	2
J0033104	2447.0418237539	0	5	3	10	2011	1	1	1	6	10	3	1	3	-9
J0033105	735.26361456012	1	1	3	10	2011	2	2	1	6	10	3	1	1	3
J0033107	1808.65691550853	1	1	3	10	2011	1	1	1	6	10	3	1	3	-9
J0033201	1910.50882415071	0	5	3	10	2011	1	1	1	6	10	3	1	2	-9
J0033206	1654.68889039762	0	5	3	10	2011	1	1	1	6	10	3	1	10	-9
J0033207	1732.73414828303	0	5	3	10	2011	1	1	1	6	10	3	1	10	-9
J0033301	1860.83707481965	0	5	3	11	2011	1	1	1	6	10	3	1	3	-9
J0033302	1583.25151022531	0	5	3	11	2011	1	1	1	6	10	3	1	3	-9
J0033303	1293.25105071762	1	1	3	11	2011	4	4	2	6	10	3	1	1	2
J0033304	2600.14806270342	0	5	3	11	2011	1	1	1	6	10	3	1	6	-9
J0033306	966.45992664485	0	5	3	11	2011	1	1	1	6	10	3	1	2	-9
J0033307	1309.40307680997	0	5	3	11	2011	1	1	1	6	10	3	1	2	-9
J0033401	958.029829097438	0	4	3	11	2011	4	4	2	6	10	3	1	1	2
J0033402	1422.50971667766	1	1	3	11	2011	4	4	2	6	10	3	1	1	2
J0033403	749.22545006429	0	4	3	11	2011	4	4	2	6	10	3	1	1	2
J0033405	737.150201202786	0	5	3	11	2011	1	1	1	6	10	3	1	3	-9
J0033406	3870.13572982751	0	4	3	11	2011	2	2	1	6	10	3	1	2	5
J0033409	1267.8796591872	1	1	3	11	2011	4	4	2	6	10	3	1	2	2
J0034101	1497.58580931744	0	5	4	1	2012	1	1	1	6	10	3	1	5	-9
J0034102	1424.29372434355	1	1	4	1	2012	1	1	1	6	10	3	1	6	-9
J0034104	1258.03847951146	0	4	4	1	2012	1	1	1	6	10	3	1	5	-9
J0034201	731.719269187981	0	5	4	1	2012	4	4	2	6	10	3	1	3	2
J0034202	1221.18127266156	1	1	4	1	2012	1	1	1	6	10	3	1	7	-9
J0034203	1710.5291642884	0	5	4	1	2012	1	1	1	6	10	3	1	8	-9
J0034204	958.388331749218	1	1	4	1	2012	1	1	1	6	10	3	1	6	-9
J0034205	1451.92274470235	0	5	4	1	2012	1	1	1	6	10	3	1	8	-9
J0034206	1678.52913702622	0	5	4	1	2012	1	1	1	6	10	3	1	8	-9
J0034207	768.531303843937	1	1	4	1	2012	4	4	2	6	10	3	1	6	2
J0034208	1212.70094394482	1	1	4	1	2012	4	4	2	6	10	3	4	5	2
J0034301	1409.5742095088	0	5	4	2	2012	1	1	1	6	10	3	1	7	-9
J0034303	2023.72382899999	1	1	4	2	2012	2	2	1	6	10	3	1	8	3
J0034304	1502.12771625209	0	5	4	2	2012	1	1	1	6	10	3	1	7	-9
J0034305	1425.05943654304	1	1	4	2	2012	1	1	1	6	10	3	1	9	-9
J0034402	1532.88673037374	1	1	4	2	2012	4	4	2	6	10	3	1	3	2
J0034403	1155.95803091395	0	4	4	2	2012	4	4	2	6	10	3	1	4	2
J0034406	2355.24734927734	0	5	4	2	2012	1	1	1	6	10	3	1	8	-9
J0034407	1408.51483814109	0	4	4	2	2012	1	1	1	6	10	3	1	8	-9
J0041101	1477.52555655363	0	5	1	4	2011	1	1	1	6	10	3	2	6	-9
J0041202	1361.91532827483	1	1	1	4	2011	1	1	1	6	10	3	2	7	-9
J0041203	1405.15994556073	1	1	1	4	2011	2	2	1	6	10	3	2	7	3
J0041204	1252.98917236979	1	1	1	4	2011	4	4	2	6	10	3	3	7	2
J0041205	1519.00686850603	0	5	1	4	2011	1	1	1	6	10	3	4	5	-9
J0041301	1416.4814490388	1	1	1	5	2011	1	1	1	6	10	3	2	9	-9
J0041303	1131.2147182443	0	4	1	5	2011	4	4	2	6	10	3	3	5	2
J0041304	1984.77028778099	0	5	1	5	2011	1	1	1	6	10	3	2	8	-9
J0041305	2156.69296574657	1	1	1	5	2011	1	1	1	6	10	3	2	9	-9
J0041401	1164.64849005735	0	5	1	5	2011	1	1	1	6	10	3	2	4	-9
J0041402	1690.3252966825	1	1	1	5	2011	2	2	1	6	10	3	3	7	3
J0041403	1389.78393035611	1	1	1	5	2011	2	2	1	6	10	3	2	6	3
J0041404	1206.23795136856	1	1	1	5	2011	1	1	1	6	10	3	2	6	-9
J0041405	2046.67102739142	1	1	1	5	2011	1	1	1	6	10	3	3	5	-9
J0041406	2049.15906319554	1	1	1	5	2011	2	2	1	6	10	3	2	8	3
J0042101	1912.74589461868	0	4	2	7	2011	2	2	1	6	10	3	1	7	4
J0042103	849.106056377006	0	4	2	7	2011	4	4	2	6	10	3	1	3	2
J0042202	1615.94965955881	1	1	2	7	2011	1	1	1	6	10	3	1	4	-9
J0042203	1328.48096998435	0	5	2	7	2011	1	1	1	6	10	3	4	6	-9
J0042204	1758.10087619147	1	1	2	7	2011	1	1	1	6	10	3	3	4	-9
J0042301	4766.93664089813	1	1	2	8	2011	4	4	2	6	10	3	1	2	2
J0042302	1791.50592631654	1	1	2	8	2011	1	1	1	6	10	3	1	2	-9
J0042303	1652.73916408811	0	5	2	8	2011	1	1	1	6	10	3	1	3	-9
J0042305	1585.74948379886	0	5	2	8	2011	1	1	1	6	10	3	1	8	-9
J0042306	1312.38163264996	0	5	2	8	2011	1	1	1	6	10	3	1	8	-9
J0042307	1384.30021554663	1	1	2	8	2011	1	1	1	6	10	3	1	5	-9
J0042401	1849.57350427332	0	5	2	8	2011	1	1	1	6	10	3	3	6	-9
J0042402	2342.23044912897	0	4	2	8	2011	1	1	1	6	10	3	2	5	-9
J0042404	1219.54974718953	1	1	2	8	2011	1	1	1	6	10	3	2	5	-9
J0042405	1783.06611050606	0	5	2	8	2011	1	1	1	6	10	3	4	5	-9
J0043101	1629.63479606458	1	1	3	10	2011	2	2	1	6	10	3	2	7	3
J0043102	754.308038210621	0	5	3	10	2011	4	4	2	6	10	3	2	4	2
J0043104	1589.89630272649	0	4	3	10	2011	2	2	1	6	10	3	3	9	5
J0043202	1445.22918890565	0	5	3	10	2011	1	1	1	6	10	3	1	10	-9
J0043204	1557.52333497984	0	5	3	10	2011	1	1	1	6	10	3	1	10	-9
J0043206	1160.79432439101	1	1	3	10	2011	1	1	1	6	10	3	3	5	-9
J0043301	1354.24123248601	0	5	3	11	2011	1	1	1	6	10	3	4	5	-9
J0043302	1174.93555329252	0	4	3	11	2011	1	1	1	6	10	3	4	5	-9
J0043305	1851.83937861115	0	5	3	11	2011	1	1	1	6	10	3	2	5	-9
J0043307	1927.9461296833	1	1	3	11	2011	2	2	1	6	10	3	4	7	3
J0043401	1373.01402531511	0	5	3	11	2011	1	1	1	6	10	3	3	6	-9
J0043402	2725.20557697012	1	1	3	11	2011	2	2	1	6	10	3	1	9	4
J0043403	1312.96120620232	0	5	3	11	2011	1	1	1	6	10	3	4	9	-9
J0043404	1378.73582582587	0	5	3	11	2011	1	1	1	6	10	3	2	4	-9
J0043405	2087.04321754106	1	1	3	11	2011	1	1	1	6	10	3	4	7	-9
J0044101	2900.68974165459	0	5	4	1	2012	1	1	1	6	10	3	2	7	-9
J0044102	1805.15781223534	0	5	4	1	2012	1	1	1	6	10	3	4	5	-9
J0044103	2316.64452642715	1	1	4	1	2012	1	1	1	6	10	3	3	5	-9
J0044105	1760.04050218025	1	1	4	1	2012	1	1	1	6	10	3	3	5	-9
J0044106	1698.60295634185	0	5	4	1	2012	1	1	1	6	10	3	2	5	-9
J0044202	2254.84777702855	1	1	4	1	2012	1	1	1	6	10	3	4	5	-9
J0044203	1677.66086981798	0	5	4	1	2012	1	1	1	6	10	3	3	5	-9
J0044306	1333.12381381711	0	5	4	2	2012	1	1	1	6	10	3	2	6	-9
J0044403	1717.56119112121	0	5	4	2	2012	1	1	1	6	10	3	1	5	-9
J0044404	2055.87700069412	1	1	4	2	2012	2	2	1	6	10	3	1	5	5
J0044406	2136.52807845052	1	1	4	2	2012	1	1	1	6	10	3	1	7	-9
J0044408	772.226755635393	0	5	4	2	2012	1	1	1	6	10	3	3	3	-9
J0051101	1950.04057530278	1	1	1	4	2011	1	1	1	6	10	3	1	10	-9
J0051102	1306.84286255506	0	5	1	4	2011	1	1	1	6	10	3	1	5	-9
J0051103	1261.81527980017	1	1	1	4	2011	2	2	1	6	10	3	1	6	3
J0051104	1772.93375004006	0	5	1	4	2011	1	1	1	6	10	3	1	7	-9
J0051106	1829.97557831199	0	4	1	4	2011	2	2	1	6	10	3	1	5	5
J0051201	3943.93960042698	0	5	1	4	2011	1	1	1	6	10	3	4	7	-9
J0051202	1874.08592641427	0	4	1	4	2011	1	1	1	6	10	3	3	7	-9
J0051205	1325.40430839361	0	5	1	4	2011	1	1	1	6	10	3	2	5	-9
J0051206	1403.89549447464	0	4	1	4	2011	1	1	1	6	10	3	2	7	-9
J0051207	1221.60674316643	0	5	1	4	2011	1	1	1	6	10	3	2	8	-9
J0051208	617.013405776474	1	1	1	4	2011	4	4	2	6	10	3	2	8	2
J0051301	1894.95422825196	0	4	1	5	2011	2	2	1	6	10	3	4	7	3
J0051302	1739.87788358447	0	5	1	5	2011	1	1	1	6	10	3	3	7	-9
J0051303	1308.41231152724	0	4	1	5	2011	1	1	1	6	10	3	4	7	-9
J0051305	1403.74925976253	1	1	1	5	2011	1	1	1	6	10	3	1	5	-9
J0051307	1337.61887418133	1	1	1	5	2011	1	1	1	6	10	3	1	5	-9
J0051308	3447.3114364778	0	5	1	5	2011	1	1	1	6	10	3	1	2	-9
J0051402	1443.58646520134	1	1	1	5	2011	1	1	1	6	10	3	1	3	-9
J0051404	1221.99412910442	0	4	1	5	2011	1	1	1	6	10	3	1	7	-9
J0052101	1471.54246713395	1	1	2	7	2011	1	1	1	6	10	3	1	3	-9
J0052102	1031.05727797609	1	1	2	7	2011	2	2	1	6	10	3	1	1	3
J0052103	2121.64782335889	0	4	2	7	2011	1	1	1	6	10	3	1	5	-9
J0052104	1379.70180749722	0	5	2	7	2011	1	1	1	6	10	3	1	10	-9
J0052204	1768.55488170621	1	1	2	7	2011	1	1	1	6	10	3	1	8	-9
J0052205	2101.07388536373	0	5	2	7	2011	1	1	1	6	10	3	1	6	-9
J0052206	1890.7119630998	1	1	2	7	2011	4	4	2	6	10	3	1	8	2
J0052207	1371.53343803999	0	4	2	7	2011	2	2	1	6	10	3	1	6	5
J0052302	1410.70895405579	1	1	2	8	2011	1	1	1	6	10	3	1	5	-9
J0052303	1426.17055123234	0	5	2	8	2011	1	1	1	6	10	3	1	4	-9
J0052304	681.088381331765	0	4	2	8	2011	2	2	1	6	10	3	1	1	3
J0052308	1745.18313078016	1	1	2	8	2011	1	1	1	6	10	3	1	6	-9
J0052401	1724.9357418963	0	5	2	8	2011	1	1	1	6	10	3	1	3	-9
J0052404	2004.83572988663	0	5	2	8	2011	1	1	1	6	10	3	1	3	-9
J0052407	1246.34127794255	1	1	2	8	2011	1	1	1	6	10	3	1	1	-9
J0053101	2001.92514525187	1	1	3	10	2011	2	2	1	6	10	3	1	5	3
J0053103	2934.23211588651	0	5	3	10	2011	2	2	1	6	10	3	1	3	3
J0053104	1725.40597631501	0	4	3	10	2011	2	2	1	6	10	3	2	7	5
J0053105	1280.05186438358	0	5	3	10	2011	1	1	1	6	10	3	2	8	-9
J0053106	1501.79057829544	0	4	3	10	2011	1	1	1	6	10	3	1	3	-9
J0053107	1503.40352139962	0	5	3	10	2011	1	1	1	6	10	3	1	4	-9
J0053108	5191.8906770441	0	5	3	10	2011	1	1	1	6	10	3	1	4	-9
J0053201	1465.99237483093	1	1	3	10	2011	1	1	1	6	10	3	1	5	-9
J0053204	1650.42004668116	0	5	3	10	2011	1	1	1	6	10	3	3	7	-9
J0053206	1887.9281755137	1	1	3	10	2011	1	1	1	6	10	3	1	4	-9
J0053208	1758.34495552228	1	1	3	10	2011	1	1	1	6	10	3	2	8	-9
J0053301	3072.93112443467	0	5	3	11	2011	1	1	1	6	10	3	1	6	-9
J0053305	1376.58406000781	1	1	3	11	2011	1	1	1	6	10	3	2	8	-9
J0053306	1252.28962016551	0	5	3	11	2011	4	4	2	6	10	3	3	7	2
J0053401	742.29634642037	1	1	3	11	2011	4	4	2	6	10	3	2	4	2
J0053402	981.513326612675	0	5	3	11	2011	1	1	1	6	10	3	2	5	-9
J0053404	1520.16897346838	1	1	3	11	2011	1	1	1	6	10	3	2	6	-9
J0053405	1566.72994034292	0	5	3	11	2011	1	1	1	6	10	3	2	8	-9
J0053406	1451.1218196384	0	4	3	11	2011	2	2	1	6	10	3	4	6	3
J0053407	1226.08763310302	1	1	3	11	2011	2	2	1	6	10	3	4	5	3
J0053408	688.690616575032	0	4	3	11	2011	2	2	1	6	10	3	2	6	3
J0053409	1945.03612612185	1	1	3	11	2011	1	1	1	6	10	3	3	7	-9
J0053410	1337.90030661089	0	5	3	11	2011	1	1	1	6	10	3	4	5	-9
J0054101	1552.08120373213	1	1	4	1	2012	1	1	1	6	10	3	1	5	-9
J0054102	1443.12892631143	0	5	4	1	2012	1	1	1	6	10	3	1	4	-9
J0054104	1600.00347681804	0	5	4	1	2012	1	1	1	6	10	3	1	3	-9
J0054201	1636.38456889834	1	1	4	1	2012	1	1	1	6	10	3	1	8	-9
J0054202	1658.02508338324	0	5	4	1	2012	1	1	1	6	10	3	1	7	-9
J0054203	1567.55141381878	0	5	4	1	2012	1	1	1	6	10	3	1	7	-9
J0054206	1434.98226216025	0	4	4	1	2012	1	1	1	6	10	3	1	7	-9
J0054302	1261.75198046401	0	4	4	2	2012	2	2	1	6	10	3	1	1	3
J0054306	1293.18308465672	0	4	4	2	2012	4	4	2	6	10	3	1	1	2
J0054405	1722.84355738381	1	1	4	2	2012	2	2	1	6	10	3	1	4	3
J0054407	871.683045344989	0	5	4	2	2012	1	1	1	6	10	3	1	1	-9
J0061101	1967.5614116797	0	5	1	4	2011	1	1	1	6	10	3	1	6	-9
J0061103	669.249349435729	1	1	1	4	2011	4	4	2	6	10	3	1	4	2
J0061105	697.315916680223	1	1	1	4	2011	4	4	2	6	10	3	1	4	2
J0061106	728.75664259372	1	1	1	4	2011	4	4	2	6	10	3	1	3	2
J0061107	1276.71557102938	0	4	1	4	2011	1	1	1	6	10	3	1	4	-9
J0061109	713.148330873923	1	1	1	4	2011	2	2	1	6	10	3	1	4	3
J0061201	1428.90005250012	1	1	1	4	2011	1	1	1	6	10	3	1	4	-9
J0061202	1289.32535105158	1	1	1	4	2011	1	1	1	6	10	3	1	7	-9
J0061204	1608.0908836084	0	4	1	4	2011	3	3	2	6	10	3	1	5	1
J0061205	4756.54185611143	1	1	1	4	2011	2	2	1	6	10	3	1	8	5
J0061208	2444.13088615338	0	4	1	4	2011	1	1	1	6	10	3	1	6	-9
J0061210	717.500270181285	1	1	1	4	2011	1	1	1	6	10	3	1	5	-9
J0061301	646.110147086246	0	4	1	5	2011	3	3	2	6	10	3	1	4	1
J0061302	1194.28262838126	1	1	1	5	2011	3	3	2	6	10	3	1	4	1
J0061303	1227.62053007428	1	1	1	5	2011	1	1	1	6	10	3	1	8	-9
J0061305	1235.91036219221	1	1	1	5	2011	1	1	1	6	10	3	1	5	-9
J0061306	1219.90820374822	0	5	1	5	2011	1	1	1	6	10	3	1	5	-9
J0061307	1250.85118857234	1	1	1	5	2011	1	1	1	6	10	3	1	8	-9
J0061401	658.163450249793	1	1	1	5	2011	4	4	2	6	10	3	1	2	2
J0061405	1189.27286293053	1	1	1	5	2011	1	1	1	6	10	3	1	5	-9
J0062101	1531.35777646165	0	5	2	7	2011	1	1	1	6	10	3	4	5	-9
J0062102	902.153137776249	0	5	2	7	2011	1	1	1	6	10	3	2	5	-9
J0062103	1416.56983618918	0	4	2	7	2011	1	1	1	6	10	3	2	5	-9
J0062105	1987.37466096078	1	1	2	7	2011	2	2	1	6	10	3	2	7	3
J0062107	1563.95572219722	1	1	2	7	2011	1	1	1	6	10	3	4	6	-9
J0062108	1497.37367085665	0	4	2	7	2011	2	2	1	6	10	3	3	5	3
J0062109	1768.41663945707	0	4	2	7	2011	1	1	1	6	10	3	3	4	-9
J0062201	1571.21520695183	0	5	2	7	2011	1	1	1	6	10	3	1	3	-9
J0062202	2153.22665973787	0	5	2	7	2011	1	1	1	6	10	3	1	3	-9
J0062208	1630.48092333951	0	5	2	7	2011	1	1	1	6	10	3	2	5	-9
J0062209	1647.86792022617	1	1	2	7	2011	1	1	1	6	10	3	2	5	-9
J0062301	2132.35848587465	0	5	2	8	2011	1	1	1	6	10	3	2	8	-9
J0062302	1352.55112286843	1	1	2	8	2011	1	1	1	6	10	3	2	8	-9
J0062303	1998.25652771494	1	1	2	8	2011	3	3	2	6	10	3	1	3	1
J0062304	1450.51079634221	1	1	2	8	2011	1	1	1	6	10	3	1	4	-9
J0062305	1327.8968230608	0	5	2	8	2011	1	1	1	6	10	3	1	8	-9
J0062306	718.193914783804	0	5	2	8	2011	1	1	1	6	10	3	1	4	-9
J0062307	1230.7210633806	1	1	2	8	2011	1	1	1	6	10	3	3	6	-9
J0062310	1206.30627655524	0	5	2	8	2011	1	1	1	6	10	3	2	6	-9
J0062401	1961.65480274792	1	1	2	8	2011	1	1	1	6	10	3	1	9	-9
J0062403	1689.31391350449	0	4	2	8	2011	3	3	2	6	10	3	1	3	1
J0062405	4164.51356926886	1	1	2	8	2011	3	3	2	6	10	3	1	2	1
J0063101	1992.08419011579	0	5	3	10	2011	1	1	1	6	10	3	1	10	-9
J0063102	1301.693970662	0	5	3	10	2011	1	1	1	6	10	3	3	8	-9
J0063105	1330.31492434136	1	1	3	10	2011	1	1	1	6	10	3	1	7	-9
J0063106	1286.44825465755	0	5	3	10	2011	1	1	1	6	10	3	2	9	-9
J0063107	1357.49157300589	0	5	3	10	2011	1	1	1	6	10	3	1	3	-9
J0063108	840.924100754186	0	4	3	10	2011	1	1	1	6	10	3	4	8	-9
J0063202	1753.714204194	1	1	3	10	2011	1	1	1	6	10	3	2	7	-9
J0063203	1192.83784736835	0	5	3	10	2011	1	1	1	6	10	3	1	8	-9
J0063209	1374.60219822434	1	1	3	10	2011	3	3	2	6	10	3	3	6	1
J0063301	1391.89949450577	1	1	3	11	2011	1	1	1	6	10	3	2	10	-9
J0063305	2074.77072211419	0	5	3	11	2011	1	1	1	6	10	3	1	4	-9
J0063306	2556.62184641844	1	1	3	11	2011	1	1	1	6	10	3	1	9	-9
J0063307	1422.92303950144	0	5	3	11	2011	1	1	1	6	10	3	1	8	-9
J0063308	1489.1380605658	0	5	3	11	2011	1	1	1	6	10	3	4	9	-9
J0063309	1373.7635409031	1	1	3	11	2011	1	1	1	6	10	3	1	8	-9
J0063310	885.964008798775	0	5	3	11	2011	4	4	2	6	10	3	1	7	2
J0063406	6322.00409443515	0	4	3	11	2011	1	1	1	6	10	3	1	8	-9
J0063408	1021.19789096192	0	5	3	11	2011	1	1	1	6	10	3	1	2	-9
J0063409	2976.07720927288	1	1	3	11	2011	2	2	1	6	10	3	1	4	3
J0064101	1511.91729620105	1	1	4	1	2012	2	2	1	6	10	3	1	3	3
J0064102	1873.08261887137	0	5	4	1	2012	1	1	1	6	10	3	1	4	-9
J0064103	2005.54066829551	0	4	4	1	2012	1	1	1	6	10	3	3	7	-9
J0064105	1975.72889713741	1	1	4	1	2012	1	1	1	6	10	3	3	8	-9
J0064107	1729.75300521622	0	5	4	1	2012	1	1	1	6	10	3	2	6	-9
J0064108	1414.11605645255	1	1	4	1	2012	3	3	2	6	10	3	3	7	1
J0064109	1498.4052736847	0	5	4	1	2012	1	1	1	6	10	3	3	7	-9
J0064110	1493.0730053736	1	1	4	1	2012	1	1	1	6	10	3	3	7	-9
J0064201	1468.58098477345	0	4	4	1	2012	3	3	2	6	10	3	2	5	1
J0064202	947.918638738631	1	1	4	1	2012	1	1	1	6	10	3	2	5	-9
J0064203	1443.12892631143	0	5	4	1	2012	1	1	1	6	10	3	2	6	-9
J0064204	1813.49918934737	0	4	4	1	2012	1	1	1	6	10	3	3	5	-9
J0064207	1622.03897856333	1	1	4	1	2012	1	1	1	6	10	3	1	5	-9
J0064209	1623.50725384123	1	1	4	1	2012	2	2	1	6	10	3	3	5	4
J0064210	1471.8380931925	0	5	4	1	2012	1	1	1	6	10	3	2	7	-9
J0064301	1710.79970028036	1	1	4	2	2012	1	1	1	6	10	3	3	7	-9
J0064302	1395.64325323703	0	5	4	2	2012	1	1	1	6	10	3	2	7	-9
J0064304	1836.40921491294	0	5	4	2	2012	1	1	1	6	10	3	2	4	-9
J0064305	1610.38292576715	0	5	4	2	2012	1	1	1	6	10	3	2	8	-9
J0064306	1635.08607225138	1	1	4	2	2012	1	1	1	6	10	3	2	7	-9
J0064308	1217.69295010972	1	1	4	2	2012	1	1	1	6	10	3	3	4	-9
J0064401	1853.67952469611	0	5	4	2	2012	1	1	1	6	10	3	1	8	-9
J0064402	1519.79865181965	1	1	4	2	2012	1	1	1	6	10	3	1	8	-9
J0064404	1512.08178636296	1	1	4	2	2012	1	1	1	6	10	3	2	9	-9
J0064405	1854.39088409359	1	1	4	2	2012	2	2	1	6	10	3	2	6	3
J0064406	2140.05275162639	0	5	4	2	2012	1	1	1	6	10	3	2	9	-9
J0064407	1848.63517718226	1	1	4	2	2012	1	1	1	6	10	3	1	8	-9
J0064408	1513.2271427703	0	5	4	2	2012	1	1	1	6	10	3	1	7	-9
J0071102	1155.23682149537	1	1	1	4	2011	4	4	2	6	10	3	1	5	2
J0071103	1621.63425928575	1	1	1	4	2011	1	1	1	6	10	3	1	7	-9
J0071106	2012.36440148009	1	1	1	4	2011	2	2	1	6	10	3	1	3	3
J0071201	678.62407553103	1	1	1	4	2011	4	4	2	6	10	3	1	3	2
J0071202	1669.05359231326	0	5	1	4	2011	1	1	1	6	10	3	1	3	-9
J0071203	644.918811673031	1	1	1	4	2011	4	4	2	6	10	3	1	2	2
J0071302	803.922863564872	1	1	1	5	2011	2	2	1	6	10	3	3	7	5
J0071306	1357.495361325	0	5	1	5	2011	1	1	1	6	10	3	2	9	-9
J0071401	1575.1326974678	0	5	1	5	2011	1	1	1	6	10	3	3	6	-9
J0071402	1614.47665326623	1	1	1	5	2011	1	1	1	6	10	3	1	2	-9
J0071404	1487.37969941764	0	5	1	5	2011	1	1	1	6	10	3	1	4	-9
J0072103	1469.75420542487	0	5	2	7	2011	1	1	1	6	10	3	3	6	-9
J0072104	1702.88123114059	0	4	2	7	2011	1	1	1	6	10	3	3	6	-9
J0072105	1656.57979297855	0	5	2	7	2011	1	1	1	6	10	3	3	7	-9
J0072202	956.909984391637	0	4	2	7	2011	4	4	2	6	10	3	1	3	2
J0072203	731.930044007548	1	1	2	7	2011	3	3	2	6	10	3	1	3	1
J0072205	2091.67884451443	0	5	2	7	2011	1	1	1	6	10	3	1	4	-9
J0072206	884.797084369649	1	1	2	7	2011	3	3	2	6	10	3	3	6	1
J0072301	961.360583834101	0	4	2	8	2011	1	1	1	6	10	3	1	1	-9
J0072304	1915.96544417528	0	5	2	8	2011	1	1	1	6	10	3	1	4	-9
J0072305	2001.99824472579	1	1	2	8	2011	1	1	1	6	10	3	1	4	-9
J0072306	1314.24941375006	0	5	2	8	2011	1	1	1	6	10	3	1	8	-9
J0072402	3957.60783554729	0	4	2	8	2011	1	1	1	6	10	3	1	6	-9
J0072404	1482.32695542546	1	1	2	8	2011	1	1	1	6	10	3	1	9	-9
J0072406	1487.20425724206	1	1	2	8	2011	1	1	1	6	10	3	1	10	-9
J0073101	1664.24956357389	1	1	3	10	2011	1	1	1	6	10	3	1	5	-9
J0073102	1890.79284713421	0	5	3	10	2011	1	1	1	6	10	3	3	7	-9
J0073104	1363.31830622054	1	1	3	10	2011	2	2	1	6	10	3	1	9	3
J0073105	974.58477905681	0	4	3	10	2011	4	4	2	6	10	3	1	3	2
J0073106	4305.67336762197	1	1	3	10	2011	1	1	1	6	10	3	1	10	-9
J0073107	2278.81347933352	0	5	3	10	2011	1	1	1	6	10	3	4	7	-9
J0073201	1604.46173035997	1	1	3	10	2011	1	1	1	6	10	3	2	5	-9
J0073203	822.53740115587	0	5	3	10	2011	4	4	2	6	10	3	2	6	2
J0073205	906.873257792757	1	1	3	10	2011	4	4	2	6	10	3	2	4	2
J0073208	1683.69557204815	0	5	3	10	2011	1	1	1	6	10	3	3	7	-9
J0073303	1748.48446793213	1	1	3	11	2011	2	2	1	6	10	3	3	5	3
J0073305	1168.97564612425	0	4	3	11	2011	1	1	1	6	10	3	4	6	-9
J0073307	734.337090842437	1	1	3	11	2011	4	4	2	6	10	3	4	4	2
J0073403	1693.46019866417	1	1	3	11	2011	1	1	1	6	10	3	3	6	-9
J0073404	2238.25039426705	0	4	3	11	2011	2	2	1	6	10	3	3	4	3
J0073405	2868.187654263	1	1	3	11	2011	2	2	1	6	10	3	4	5	3
J0074101	1558.21203979246	0	5	4	1	2012	1	1	1	6	10	3	1	5	-9
J0074104	1259.44633095625	1	1	4	1	2012	1	1	1	6	10	3	1	5	-9
J0074106	1403.30600627101	0	5	4	1	2012	2	2	1	6	10	3	1	6	5
J0074107	1848.42842082691	1	1	4	1	2012	1	1	1	6	10	3	1	7	-9
J0074108	2129.59160628696	1	1	4	1	2012	2	2	1	6	10	3	1	5	3
J0074201	1521.11656916885	0	4	4	1	2012	1	1	1	6	10	3	1	6	-9
J0074202	1484.58342093842	0	5	4	1	2012	1	1	1	6	10	3	3	6	-9
J0074203	828.207654867015	0	5	4	1	2012	1	1	1	6	10	3	1	4	-9
J0074204	1919.82616829651	0	4	4	1	2012	1	1	1	6	10	3	3	8	-9
J0074205	1255.22308086496	0	5	4	1	2012	1	1	1	6	10	3	3	9	-9
J0074206	1225.49986908243	1	1	4	1	2012	3	3	2	6	10	3	3	5	1
J0074207	1486.545179157	0	5	4	1	2012	1	1	1	6	10	3	2	9	-9
J0074304	1475.71222261551	0	4	4	2	2012	1	1	1	6	10	3	4	5	-9
J0074305	1362.02055125719	0	5	4	2	2012	1	1	1	6	10	3	3	5	-9
J0074307	4094.20630704025	0	5	4	2	2012	1	1	1	6	10	3	3	4	-9
J0074308	1192.83784736835	0	5	4	2	2012	1	1	1	6	10	3	3	4	-9
J0074401	1450.15441823371	1	1	4	2	2012	1	1	1	6	10	3	1	4	-9
J0074402	1475.15323969163	0	5	4	2	2012	1	1	1	6	10	3	1	4	-9
J0074403	1297.75358007147	0	4	4	2	2012	1	1	1	6	10	3	1	5	-9
J0074404	2140.18972624581	0	4	4	2	2012	2	2	1	6	10	3	1	4	3
J0074405	1030.65961001387	1	1	4	2	2012	4	4	2	6	10	3	1	4	2
J0074406	2175.41055804	1	1	4	2	2012	1	1	1	6	10	3	1	6	-9
J0081101	1454.5184267638	1	1	1	4	2011	1	1	1	6	10	3	2	8	-9
J0081102	1825.88712771629	0	4	1	4	2011	2	2	1	6	10	3	2	5	3
J0081103	1090.55142758808	1	1	1	4	2011	1	1	1	6	10	3	1	3	-9
J0081105	2471.3591594464	1	1	1	4	2011	2	2	1	6	10	3	2	6	3
J0081107	1211.67374869202	1	1	1	4	2011	1	1	1	6	10	3	1	10	-9
J0081108	1296.79031904028	0	5	1	4	2011	1	1	1	6	10	3	1	9	-9
J0081201	2322.88457017511	1	1	1	4	2011	1	1	1	6	10	3	1	3	-9
J0081202	642.480873587043	1	1	1	4	2011	4	4	2	6	10	3	1	3	2
J0081203	713.520586419504	1	1	1	4	2011	3	3	2	6	10	3	1	2	1
J0081204	1226.6927519229	1	1	1	4	2011	1	1	1	6	10	3	1	5	-9
J0081205	1608.79124737237	0	5	1	4	2011	1	1	1	6	10	3	1	3	-9
J0081206	1661.25675849736	1	1	1	4	2011	2	2	1	6	10	3	1	5	3
J0081207	719.106532737581	0	5	1	4	2011	1	1	1	6	10	3	1	2	-9
J0081209	1051.5745223567	0	5	1	4	2011	1	1	1	6	10	3	1	7	-9
J0081211	1420.6448346841	0	5	1	4	2011	1	1	1	6	10	3	3	6	-9
J0081302	850.005148712705	1	1	1	5	2011	3	3	2	6	10	3	1	3	1
J0081303	586.310665743384	1	1	1	5	2011	4	4	2	6	10	3	1	3	2
J0081304	649.099163247649	1	1	1	5	2011	4	4	2	6	10	3	1	3	2
J0081306	1664.51123265338	0	5	1	5	2011	1	1	1	6	10	3	1	8	-9
J0081307	727.678547052492	1	1	1	5	2011	1	1	1	6	10	3	1	2	-9
J0081309	1471.08502940872	1	1	1	5	2011	4	4	2	6	10	3	2	7	2
J0081402	1938.8711570404	1	1	1	5	2011	1	1	1	6	10	3	1	5	-9
J0081404	1159.39875380166	1	1	1	5	2011	1	1	1	6	10	3	1	5	-9
J0081406	1752.16015776215	1	1	1	5	2011	1	1	1	6	10	3	1	4	-9
J0081409	1300.96984833255	0	4	1	5	2011	1	1	1	6	10	3	3	8	-9
J0082101	1575.8913575011	0	5	2	7	2011	1	1	1	6	10	3	1	4	-9
J0082102	1296.91117242524	1	1	2	7	2011	1	1	1	6	10	3	1	4	-9
J0082104	1647.21712850131	1	1	2	7	2011	1	1	1	6	10	3	3	5	-9
J0082203	1601.56163684702	1	1	2	7	2011	1	1	1	6	10	3	1	4	-9
J0082204	943.468138617952	0	5	2	7	2011	1	1	1	6	10	3	1	4	-9
J0082205	1554.33711191524	1	1	2	7	2011	1	1	1	6	10	3	1	10	-9
J0082207	1900.45251131884	1	1	2	7	2011	2	2	1	6	10	3	1	7	4
J0082209	1127.29917646711	0	4	2	7	2011	4	4	2	6	10	3	1	5	2
J0082210	1674.55341180781	0	5	2	7	2011	1	1	1	6	10	3	1	5	-9
J0082212	873.911772880218	1	1	2	7	2011	1	1	1	6	10	3	3	5	-9
J0082301	1878.81526382847	0	5	2	8	2011	1	1	1	6	10	3	3	8	-9
J0082302	1705.56136022191	1	1	2	8	2011	1	1	1	6	10	3	1	9	-9
J0082303	2280.54238327176	0	5	2	8	2011	1	1	1	6	10	3	1	8	-9
J0082304	946.421154039052	1	1	2	8	2011	4	4	2	6	10	3	1	3	2
J0082305	2161.25472310268	1	1	2	8	2011	2	2	1	6	10	3	1	5	4
J0082306	2121.89120864377	0	5	2	8	2011	1	1	1	6	10	3	1	7	-9
J0082308	1298.52675690389	0	5	2	8	2011	1	1	1	6	10	3	1	9	-9
J0082401	1375.76420690628	1	1	2	8	2011	1	1	1	6	10	3	1	8	-9
J0082402	997.624483308743	1	1	2	8	2011	2	2	1	6	10	3	1	10	4
J0082403	1688.67045938278	0	4	2	8	2011	1	1	1	6	10	3	3	6	-9
J0082404	1587.54332949766	0	5	2	8	2011	1	1	1	6	10	3	3	6	-9
J0082405	1676.32585734515	1	1	2	8	2011	1	1	1	6	10	3	3	6	-9
J0082406	1715.68672512226	1	1	2	8	2011	4	4	2	6	10	3	1	6	2
J0082407	1662.71762463432	0	5	2	8	2011	1	1	1	6	10	3	1	6	-9
J0082409	879.656770192759	1	1	2	8	2011	4	4	2	6	10	3	1	5	2
J0083101	1447.81493101343	0	4	3	10	2011	4	4	2	6	10	3	1	7	2
J0083102	1409.34860999865	0	5	3	10	2011	1	1	1	6	10	3	1	9	-9
J0083103	1586.69926939949	0	4	3	10	2011	4	4	2	6	10	3	1	4	2
J0083105	1995.22599359403	0	5	3	10	2011	1	1	1	6	10	3	3	8	-9
J0083106	1878.93734413487	1	1	3	10	2011	1	1	1	6	10	3	2	6	-9
J0083108	5604.5317343449	0	4	3	10	2011	1	1	1	6	10	3	3	6	-9
J0083201	1284.48746654582	1	1	3	10	2011	1	1	1	6	10	3	3	6	-9
J0083202	1719.41759428236	0	5	3	10	2011	1	1	1	6	10	3	1	4	-9
J0083204	1167.4801451054	1	1	3	10	2011	4	4	2	6	10	3	1	6	2
J0083206	1566.38730785404	1	1	3	10	2011	1	1	1	6	10	3	4	8	-9
J0083301	1358.35179152901	0	5	3	11	2011	1	1	1	6	10	3	1	5	-9
J0083302	4061.36963993237	0	5	3	11	2011	1	1	1	6	10	3	1	5	-9
J0083305	1395.3896260418	0	4	3	11	2011	1	1	1	6	10	3	2	6	-9
J0083306	1893.22523560301	0	5	3	11	2011	1	1	1	6	10	3	4	3	-9
J0083307	1824.55112297822	1	1	3	11	2011	2	2	1	6	10	3	3	8	3
J0083309	1365.94479753758	1	1	3	11	2011	2	2	1	6	10	3	2	4	3
J0083401	1161.78528099847	0	5	3	11	2011	1	1	1	6	10	3	3	9	-9
J0083402	1482.58611759423	0	5	3	11	2011	1	1	1	6	10	3	3	8	-9
J0083403	1221.55691435881	1	1	3	11	2011	2	2	1	6	10	3	2	7	3
J0083404	1900.83425193755	0	5	3	11	2011	1	1	1	6	10	3	2	6	-9
J0083406	2051.87261617424	0	5	3	11	2011	1	1	1	6	10	3	2	4	-9
J0083408	1148.5249094929	1	1	3	11	2011	1	1	1	6	10	3	1	10	-9
J0083409	1505.91482014244	0	5	3	11	2011	1	1	1	6	10	3	3	8	-9
J0083410	1634.5036523453	1	1	3	11	2011	2	2	1	6	10	3	3	8	3
J0084101	746.884162037936	0	5	4	1	2012	4	4	2	6	10	3	1	5	2
J0084105	1413.71517475984	0	5	4	1	2012	1	1	1	6	10	3	1	7	-9
J0084107	1809.80494986706	1	1	4	1	2012	1	1	1	6	10	3	1	9	-9
J0084108	1635.86254699125	0	5	4	1	2012	1	1	1	6	10	3	3	8	-9
J0084109	1099.44142578333	1	1	4	1	2012	1	1	1	6	10	3	1	10	-9
J0084111	1661.91491392045	0	5	4	1	2012	2	2	1	6	10	3	3	8	3
J0084201	1641.34261559219	1	1	4	1	2012	1	1	1	6	10	3	1	7	-9
J0084203	1399.13301825287	1	1	4	1	2012	1	1	1	6	10	3	1	4	-9
J0084205	1362.83037767822	1	1	4	1	2012	2	2	1	6	10	3	1	2	3
J0084206	919.074911796744	1	1	4	1	2012	1	1	1	6	10	3	1	2	-9
J0084207	1574.51416344919	1	1	4	1	2012	4	4	2	6	10	3	1	2	2
J0084208	1382.48410223106	1	1	4	1	2012	1	1	1	6	10	3	1	5	-9
J0084210	851.400112261903	0	5	4	1	2012	4	4	2	6	10	3	1	2	2
J0084211	1768.9521323983	1	1	4	1	2012	1	1	1	6	10	3	2	7	-9
J0084301	1763.390169241	0	5	4	2	2012	1	1	1	6	10	3	2	8	-9
J0084302	1212.51777561591	1	1	4	2	2012	1	1	1	6	10	3	1	8	-9
J0084304	781.786477904902	0	5	4	2	2012	4	4	2	6	10	3	2	5	2
J0084305	1284.55992618471	0	4	4	2	2012	1	1	1	6	10	3	2	8	-9
J0084306	1489.43388282369	0	5	4	2	2012	1	1	1	6	10	3	2	10	-9
J0084307	771.133238959752	1	1	4	2	2012	1	1	1	6	10	3	3	9	-9
J0084309	1330.008210297	0	5	4	2	2012	1	1	1	6	10	3	4	9	-9
J0084310	1278.93605094044	1	1	4	2	2012	1	1	1	6	10	3	3	9	-9
J0084401	3675.74502440662	0	4	4	2	2012	2	2	1	6	10	3	1	9	3
J0084403	1636.86184901841	0	5	4	2	2012	1	1	1	6	10	3	1	10	-9
J0084407	2909.82281773763	0	4	4	2	2012	1	1	1	6	10	3	1	7	-9
J0084408	2112.8995479842	1	1	4	2	2012	2	2	1	6	10	3	1	6	3
J0091102	1379.14665100249	1	1	1	4	2011	4	4	2	6	10	3	1	6	2
J0091103	1650.66269251089	1	1	1	4	2011	1	1	1	6	10	3	1	6	-9
J0091104	1042.56591452653	1	1	1	4	2011	4	4	2	6	10	3	1	4	2
J0091105	1294.14060781048	0	5	1	4	2011	1	1	1	6	10	3	1	10	-9
J0091106	1167.57360920184	1	1	1	4	2011	2	2	1	6	10	3	1	10	3
J0091108	2979.27607153039	1	1	1	4	2011	2	2	1	6	10	3	3	8	3
J0091109	1853.24624984412	0	5	1	4	2011	1	1	1	6	10	3	3	8	-9
J0091201	1359.31077545639	0	4	1	4	2011	1	1	1	6	10	3	1	10	-9
J0091202	1808.20427027558	0	5	1	4	2011	1	1	1	6	10	3	1	10	-9
J0091203	1462.89698013991	1	1	1	4	2011	1	1	1	6	10	3	1	10	-9
J0091204	2352.92492772935	0	5	1	4	2011	1	1	1	6	10	3	1	10	-9
J0091205	1363.90346116235	1	1	1	4	2011	1	1	1	6	10	3	1	9	-9
J0091206	1956.85967456652	1	1	1	4	2011	1	1	1	6	10	3	4	9	-9
J0091207	1377.13746865747	0	5	1	4	2011	1	1	1	6	10	3	1	4	-9
J0091301	1432.56005489435	0	5	1	5	2011	1	1	1	6	10	3	1	5	-9
J0091302	1593.19179857498	1	1	1	5	2011	1	1	1	6	10	3	4	8	-9
J0091304	1295.36005767537	0	4	1	5	2011	1	1	1	6	10	3	1	7	-9
J0091305	2299.37623577435	0	5	1	5	2011	1	1	1	6	10	3	1	6	-9
J0091307	1179.88038635478	0	5	1	5	2011	1	1	1	6	10	3	4	10	-9
J0091309	1547.67794552103	1	1	1	5	2011	1	1	1	6	10	3	4	6	-9
J0091401	1076.50349408492	0	5	1	5	2011	1	1	1	6	10	3	3	5	-9
J0091402	1235.69203077898	1	1	1	5	2011	1	1	1	6	10	3	3	8	-9
J0091403	1711.08676764587	0	5	1	5	2011	1	1	1	6	10	3	1	9	-9
J0091404	1228.14864330551	1	1	1	5	2011	2	2	1	6	10	3	1	10	3
J0091405	2426.17716431586	1	1	1	5	2011	2	2	1	6	10	3	1	5	3
J0091406	1437.42337283173	1	1	1	5	2011	1	1	1	6	10	3	1	9	-9
J0091407	1257.39395158006	0	5	1	5	2011	1	1	1	6	10	3	1	10	-9
J0091408	1105.38586819059	1	1	1	5	2011	1	1	1	6	10	3	2	9	-9
J0092103	830.41787315892	1	1	2	7	2011	4	4	2	6	10	3	1	3	2
J0092104	603.996262618184	1	1	2	7	2011	4	4	2	6	10	3	1	5	2
J0092105	1438.39821553745	0	5	2	7	2011	1	1	1	6	10	3	1	8	-9
J0092106	634.160911582368	1	1	2	7	2011	4	4	2	6	10	3	1	2	2
J0092110	1250.54035101554	0	5	2	7	2011	1	1	1	6	10	3	3	7	-9
J0092111	2124.35704161241	0	4	2	7	2011	1	1	1	6	10	3	1	10	-9
J0092202	1890.7119630998	1	1	2	7	2011	4	4	2	6	10	3	2	9	2
J0092204	1690.0097793155	1	1	2	7	2011	1	1	1	6	10	3	2	8	-9
J0092207	1676.10133981677	0	5	2	7	2011	1	1	1	6	10	3	3	6	-9
J0092208	1844.53034422761	0	4	2	7	2011	2	2	1	6	10	3	3	9	3
J0092301	1473.79080661534	0	4	2	8	2011	2	2	1	6	10	3	4	8	3
J0092304	1663.06388116406	0	4	2	8	2011	1	1	1	6	10	3	4	6	-9
J0092305	1230.84536102428	0	5	2	8	2011	1	1	1	6	10	3	4	7	-9
J0092307	1954.981986524	0	5	2	8	2011	1	1	1	6	10	3	2	8	-9
J0092308	1546.81480679465	0	5	2	8	2011	1	1	1	6	10	3	2	7	-9
J0092401	1783.09230494643	1	1	2	8	2011	1	1	1	6	10	3	4	6	-9
J0092402	1550.01418860768	0	5	2	8	2011	1	1	1	6	10	3	2	5	-9
J0092405	1319.07407679321	1	1	2	8	2011	4	4	2	6	10	3	2	6	2
J0092406	1440.08673186596	0	5	2	8	2011	1	1	1	6	10	3	2	6	-9
J0092407	1735.72161123335	0	4	2	8	2011	2	2	1	6	10	3	2	7	3
J0093104	1301.01003884443	1	1	3	10	2011	1	1	1	6	10	3	3	8	-9
J0093105	693.070664816507	1	1	3	10	2011	4	4	2	6	10	3	2	5	2
J0093106	1431.47700403285	0	5	3	10	2011	1	1	1	6	10	3	2	9	-9
J0093107	1448.65396857106	1	1	3	10	2011	1	1	1	6	10	3	2	6	-9
J0093108	1811.53581609651	0	5	3	10	2011	1	1	1	6	10	3	2	9	-9
J0093201	945.317850889555	0	4	3	10	2011	2	2	1	6	10	3	2	6	3
J0093202	1444.07462087223	0	5	3	10	2011	1	1	1	6	10	3	2	5	-9
J0093203	1330.13249353462	1	1	3	10	2011	1	1	1	6	10	3	2	5	-9
J0093204	2131.55893219891	0	5	3	10	2011	1	1	1	6	10	3	3	7	-9
J0093205	1669.30602206634	1	1	3	10	2011	4	4	2	6	10	3	4	5	2
J0093207	1469.73350521267	0	5	3	10	2011	1	1	1	6	10	3	2	8	-9
J0093208	2000.53895505733	0	4	3	10	2011	2	2	1	6	10	3	3	5	4
J0093209	1600.45540767661	0	5	3	10	2011	1	1	1	6	10	3	3	6	-9
J0093301	703.477250538553	1	1	3	11	2011	4	4	2	6	10	3	3	5	2
J0093302	1392.59839277017	0	4	3	11	2011	4	4	2	6	10	3	2	5	2
J0093304	1490.38246530696	0	5	3	11	2011	1	1	1	6	10	3	2	9	-9
J0093307	1413.30965843477	0	5	3	11	2011	1	1	1	6	10	3	3	7	-9
J0093308	1378.37742902416	1	1	3	11	2011	1	1	1	6	10	3	3	7	-9
J0093309	1216.87450780165	0	5	3	11	2011	1	1	1	6	10	3	3	6	-9
J0093401	1469.30913919339	1	1	3	11	2011	1	1	1	6	10	3	1	10	-9
J0093402	1448.262131413	0	5	3	11	2011	1	1	1	6	10	3	1	10	-9
J0093405	1722.29936036554	0	5	3	11	2011	1	1	1	6	10	3	3	6	-9
J0093408	1271.70775491537	0	5	3	11	2011	1	1	1	6	10	3	3	7	-9
J0094101	1979.2245639946	0	5	4	1	2012	1	1	1	6	10	3	3	6	-9
J0094103	1044.31739103291	0	5	4	1	2012	1	1	1	6	10	3	1	4	-9
J0094104	1575.60379986923	0	5	4	1	2012	1	1	1	6	10	3	1	7	-9
J0094106	1376.74571158713	1	1	4	1	2012	2	2	1	6	10	3	1	3	3
J0094107	1402.7046797755	1	1	4	1	2012	4	4	2	6	10	3	1	4	2
J0094202	1431.13271158726	0	5	4	1	2012	1	1	1	6	10	3	2	7	-9
J0094204	1979.05614340573	1	1	4	1	2012	2	2	1	6	10	3	2	6	3
J0094303	1233.9550109702	0	5	4	2	2012	1	1	1	6	10	3	1	8	-9
J0094305	822.53740115587	1	1	4	2	2012	4	4	2	6	10	3	3	7	2
J0094307	770.862839261872	1	1	4	2	2012	4	4	2	6	10	3	2	5	2
J0094308	1261.62515197529	0	5	4	2	2012	1	1	1	6	10	3	2	7	-9
J0094309	1553.43240738941	1	1	4	2	2012	1	1	1	6	10	3	3	8	-9
J0094401	914.590873868499	0	5	4	2	2012	1	1	1	6	10	3	1	2	-9
J0094403	1399.2412725264	1	1	4	2	2012	1	1	1	6	10	3	1	5	-9
J0094404	517.199926292673	1	1	4	2	2012	4	4	2	6	10	3	1	2	2
J0094405	1143.75816461527	0	4	4	2	2012	1	1	1	6	10	3	1	7	-9
J0094406	1605.75597313109	0	5	4	2	2012	1	1	1	6	10	3	1	5	-9
J0094407	1332.45393941506	0	5	4	2	2012	1	1	1	6	10	3	1	7	-9
J0094409	1659.47606529715	0	5	4	2	2012	1	1	1	6	10	3	1	5	-9
J0101101	2209.50430058872	1	1	1	4	2011	2	2	1	6	10	3	3	6	4
J0101102	1644.34578594895	0	4	1	4	2011	2	2	1	6	10	3	3	6	4
J0101103	1153.16388094727	0	5	1	4	2011	1	1	1	6	10	3	4	6	-9
J0101104	1338.61858754811	1	1	1	4	2011	1	1	1	6	10	3	3	8	-9
J0101107	1562.11127067519	0	5	1	4	2011	1	1	1	6	10	3	3	5	-9
J0101201	1311.9960887322	1	1	1	4	2011	1	1	1	6	10	3	1	8	-9
J0101203	1064.14040674284	1	1	1	4	2011	4	4	2	6	10	3	1	5	2
J0101204	1583.21803053448	1	1	1	4	2011	1	1	1	6	10	3	2	10	-9
J0101301	1167.69887934559	1	1	1	5	2011	4	4	2	6	10	3	2	6	2
J0101302	1171.42196747289	1	1	1	5	2011	1	1	1	6	10	3	2	8	-9
J0101303	1485.9542041548	1	1	1	5	2011	1	1	1	6	10	3	2	7	-9
J0101305	880.603608133583	1	1	1	5	2011	2	2	1	6	10	3	2	7	3
J0101306	793.794434342734	0	4	1	5	2011	2	2	1	6	10	3	3	5	4
J0101407	1568.12981581834	1	1	1	5	2011	1	1	1	6	10	3	1	8	-9
J0102101	1490.37072336214	1	1	2	7	2011	1	1	1	6	10	3	2	2	-9
J0102104	1391.7061342552	0	5	2	7	2011	1	1	1	6	10	3	4	3	-9
J0102105	1881.60373766782	0	4	2	7	2011	1	1	1	6	10	3	2	5	-9
J0102201	1826.4229318801	0	5	2	7	2011	1	1	1	6	10	3	1	4	-9
J0102202	1506.86096014175	0	4	2	7	2011	1	1	1	6	10	3	1	2	-9
J0102204	627.918213645298	1	1	2	7	2011	4	4	2	6	10	3	1	4	2
J0102205	1475.15744967373	0	4	2	7	2011	1	1	1	6	10	3	1	6	-9
J0102206	1368.76898637455	0	5	2	7	2011	1	1	1	6	10	3	1	8	-9
J0102303	839.254138911785	1	1	2	8	2011	4	4	2	6	10	3	1	2	2
J0102304	1030.62696255171	1	1	2	8	2011	2	2	1	6	10	3	1	1	3
J0102306	1442.17504721925	0	5	2	8	2011	1	1	1	6	10	3	1	4	-9
J0102401	1333.21507401869	1	1	2	8	2011	1	1	1	6	10	3	1	6	-9
J0102405	1959.40104204321	1	1	2	8	2011	2	2	1	6	10	3	1	2	3
J0103102	1603.38372308047	0	5	3	10	2011	1	1	1	6	10	3	1	5	-9
J0103103	1783.87631432795	0	5	3	10	2011	1	1	1	6	10	3	1	5	-9
J0103105	1368.56919682797	0	5	3	10	2011	1	1	1	6	10	3	2	6	-9
J0103106	851.400112156125	1	1	3	10	2011	4	4	2	6	10	3	2	6	2
J0103107	1663.04661311453	0	5	3	10	2011	1	1	1	6	10	3	2	7	-9
J0103201	923.802162543573	0	4	3	10	2011	4	4	2	6	10	3	1	4	2
J0103203	2144.89356485173	0	5	3	10	2011	1	1	1	6	10	3	4	5	-9
J0103205	2253.11500290007	0	5	3	10	2011	1	1	1	6	10	3	3	5	-9
J0103301	1719.41759428236	1	1	3	11	2011	1	1	1	6	10	3	2	8	-9
J0103303	1366.23326797666	1	1	3	11	2011	1	1	1	6	10	3	2	7	-9
J0103304	1290.09289448853	1	1	3	11	2011	2	2	1	6	10	3	3	6	3
J0103306	1498.86029793187	0	4	3	11	2011	1	1	1	6	10	3	4	6	-9
J0103401	2282.53367194579	1	1	3	11	2011	2	2	1	6	10	3	3	6	4
J0103402	1587.01307468907	1	1	3	11	2011	1	1	1	6	10	3	3	7	-9
J0103403	2122.49230064097	1	1	3	11	2011	2	2	1	6	10	3	4	7	3
J0103405	1660.96650252942	1	1	3	11	2011	1	1	1	6	10	3	3	7	-9
J0103406	2466.82511620202	1	1	3	11	2011	2	2	1	6	10	3	4	6	4
J0103407	1561.29555897962	0	4	3	11	2011	2	2	1	6	10	3	3	7	3
J0104101	1219.50231752033	1	1	4	1	2012	1	1	1	6	10	3	1	10	-9
J0104102	1198.49414315173	0	5	4	1	2012	1	1	1	6	10	3	1	8	-9
J0104103	1314.91778449913	0	5	4	1	2012	1	1	1	6	10	3	1	8	-9
J0104104	1366.80997495719	1	1	4	1	2012	1	1	1	6	10	3	1	4	-9
J0104201	1257.1574543867	1	1	4	1	2012	4	4	2	6	10	3	1	4	2
J0104203	1416.96266031592	0	5	4	1	2012	1	1	1	6	10	3	1	3	-9
J0104204	1327.01322557746	1	1	4	1	2012	1	1	1	6	10	3	1	10	-9
J0104205	1745.8336216639	0	5	4	1	2012	1	1	1	6	10	3	1	7	-9
J0104206	1445.35222100999	1	1	4	1	2012	4	4	2	6	10	3	2	6	2
J0104302	2166.10144866306	0	5	4	2	2012	1	1	1	6	10	3	1	7	-9
J0104304	1434.4299181464	0	5	4	2	2012	1	1	1	6	10	3	3	5	-9
J0104305	1911.24144327274	1	1	4	2	2012	2	2	1	6	10	3	1	7	3
J0104401	1367.34920751709	0	5	4	2	2012	4	4	2	6	10	3	1	6	2
J0104404	1377.4990310776	1	1	4	2	2012	1	1	1	6	10	3	3	6	-9
J0104405	2003.34625854791	0	5	4	2	2012	1	1	1	6	10	3	3	6	-9
J0111101	1346.76537186329	1	1	1	4	2011	2	2	1	6	10	3	1	7	3
J0111102	1206.52415570268	0	5	1	4	2011	1	1	1	6	10	3	1	8	-9
J0111103	1300.08829883856	1	1	1	4	2011	4	4	2	6	10	3	1	5	2
J0111104	1367.44700466466	0	5	1	4	2011	1	1	1	6	10	3	1	10	-9
J0111105	625.77798668338	1	1	1	4	2011	4	4	2	6	10	3	1	5	2
J0111202	1390.56671897352	0	4	1	4	2011	1	1	1	6	10	3	1	8	-9
J0111203	1904.26360522161	0	4	1	4	2011	1	1	1	6	10	3	1	5	-9
J0111204	1232.14288561014	1	1	1	4	2011	2	2	1	6	10	3	1	8	5
J0111205	1556.695970437	0	4	1	4	2011	1	1	1	6	10	3	1	8	-9
J0111301	957.83790999465	1	1	1	5	2011	4	4	2	6	10	3	1	3	2
J0111305	550.490967872494	0	4	1	5	2011	4	4	2	6	10	3	1	7	2
J0111401	1343.52914632952	0	4	1	5	2011	1	1	1	6	10	3	1	9	-9
J0111402	1426.62981187847	0	5	1	5	2011	1	1	1	6	10	3	1	9	-9
J0111403	4891.93106885552	1	1	1	5	2011	1	1	1	6	10	3	1	9	-9
J0111404	874.757115056223	1	1	1	5	2011	4	4	2	6	10	3	1	7	2
J0112105	1505.3279894708	0	4	2	7	2011	1	1	1	6	10	3	1	4	-9
J0112107	1572.83451206506	0	5	2	7	2011	1	1	1	6	10	3	1	7	-9
J0112201	1717.16735566467	1	1	2	7	2011	3	3	2	6	10	3	1	4	1
J0112203	1587.95205182397	1	1	2	7	2011	1	1	1	6	10	3	1	9	-9
J0112206	1910.57200280497	0	5	2	7	2011	1	1	1	6	10	3	1	5	-9
J0112301	841.171353803305	1	1	2	8	2011	3	3	2	6	10	3	1	7	1
J0112303	1871.28176250456	0	4	2	8	2011	1	1	1	6	10	3	1	8	-9
J0112304	1917.24894506042	0	5	2	8	2011	1	1	1	6	10	3	1	8	-9
J0112402	3060.67305360094	0	4	2	8	2011	2	2	1	6	10	3	1	4	3
J0112403	1690.34468260568	0	5	2	8	2011	1	1	1	6	10	3	1	5	-9
J0112404	1916.77562860219	1	1	2	8	2011	1	1	1	6	10	3	1	2	-9
J0112405	1301.693970662	0	5	2	8	2011	1	1	1	6	10	3	1	5	-9
J0113101	1423.28384963091	0	5	3	10	2011	1	1	1	6	10	3	1	9	-9
J0113204	1383.00967635689	1	1	3	10	2011	1	1	1	6	10	3	1	10	-9
J0113401	1796.83697335412	0	5	3	11	2011	1	1	1	6	10	3	1	3	-9
J0113402	4774.43001927625	0	5	3	11	2011	1	1	1	6	10	3	1	5	-9
J0113404	2635.89788411358	0	5	3	11	2011	1	1	1	6	10	3	1	6	-9
J0114102	670.359501325692	0	5	4	1	2012	1	1	1	6	10	3	1	3	-9
J0114103	1890.72767088209	1	1	4	1	2012	1	1	1	6	10	3	1	6	-9
J0114105	1880.46936037024	1	1	4	1	2012	2	2	1	6	10	3	1	6	3
J0114106	1367.91747862294	1	1	4	1	2012	2	2	1	6	10	3	1	1	3
J0114107	1320.97626630181	1	1	4	1	2012	2	2	1	6	10	3	1	3	3
J0114201	1383.09500446856	1	1	4	1	2012	1	1	1	6	10	3	1	4	-9
J0114202	1744.1747073777	0	5	4	1	2012	1	1	1	6	10	3	1	4	-9
J0114203	1570.2689090413	1	1	4	1	2012	2	2	1	6	10	3	1	6	3
J0114204	787.966665646331	0	5	4	1	2012	1	1	1	6	10	3	1	3	-9
J0114205	1650.7348150953	0	5	4	1	2012	1	1	1	6	10	3	1	6	-9
J0114301	1589.60872378119	0	5	4	2	2012	1	1	1	6	10	3	1	4	-9
J0114302	2205.05391953838	0	4	4	2	2012	2	2	1	6	10	3	1	9	3
J0114303	2007.31894650792	1	1	4	2	2012	2	2	1	6	10	3	1	10	3
J0114304	1468.44605354915	1	1	4	2	2012	1	1	1	6	10	3	1	10	-9
J0121102	1852.6051505435	1	1	1	4	2011	2	2	1	6	10	3	1	7	4
J0121106	1724.46737450491	1	1	1	4	2011	1	1	1	6	10	3	1	7	-9
J0121202	2247.09363154298	1	1	1	4	2011	1	1	1	6	10	3	1	4	-9
J0121203	1097.0407446035	0	4	1	4	2011	3	3	2	6	10	3	1	3	1
J0121204	1437.48972967765	0	5	1	4	2011	1	1	1	6	10	3	1	6	-9
J0121301	1561.63859317656	1	1	1	5	2011	1	1	1	6	10	3	1	5	-9
J0121302	1386.91465037329	1	1	1	5	2011	2	2	1	6	10	3	1	3	3
J0121303	1822.60691313383	1	1	1	5	2011	1	1	1	6	10	3	1	6	-9
J0121403	2245.84162929981	1	1	1	5	2011	2	2	1	6	10	3	1	6	5
J0121404	1665.79656367533	0	5	1	5	2011	1	1	1	6	10	3	1	4	-9
J0122103	764.821463975854	0	4	2	7	2011	4	4	2	6	10	3	1	3	2
J0122106	1681.8811820735	1	1	2	7	2011	1	1	1	6	10	3	1	5	-9
J0122203	1808.86995963583	0	5	2	7	2011	1	1	1	6	10	3	1	9	-9
J0122204	1150.00254943648	1	1	2	7	2011	1	1	1	6	10	3	1	6	-9
J0122301	1519.60088363855	0	4	2	8	2011	2	2	1	6	10	3	1	7	5
J0122302	1695.73370608618	0	4	2	8	2011	1	1	1	6	10	3	1	1	-9
J0122401	1641.5152966744	0	5	2	8	2011	1	1	1	6	10	3	1	4	-9
J0122404	1332.37156753868	0	5	2	8	2011	1	1	1	6	10	3	1	9	-9
J0122405	1658.42938833833	1	1	2	8	2011	1	1	1	6	10	3	1	9	-9
J0123202	3504.09525444226	0	5	3	10	2011	2	2	1	6	10	3	1	3	3
J0123204	1772.4438299897	0	5	3	10	2011	1	1	1	6	10	3	1	3	-9
J0123303	2004.05477344991	0	4	3	11	2011	2	2	1	6	10	3	1	3	4
J0123305	3626.59850163489	1	1	3	11	2011	2	2	1	6	10	3	1	5	3
J0123401	1530.07001355566	0	4	3	11	2011	2	2	1	6	10	3	1	8	3
J0123402	2498.57420805948	0	4	3	11	2011	2	2	1	6	10	3	1	5	3
J0124101	1129.27071906332	1	1	4	1	2012	2	2	1	6	10	3	1	5	3
J0124103	1671.66527625533	0	5	4	1	2012	1	1	1	6	10	3	1	6	-9
J0124104	1611.98502099422	1	1	4	1	2012	2	2	1	6	10	3	1	6	5
J0124105	1478.78849702687	0	4	4	1	2012	4	4	2	6	10	3	1	7	2
J0124106	1219.05050604558	0	5	4	1	2012	1	1	1	6	10	3	1	7	-9
J0124202	2167.46668621152	0	5	4	1	2012	1	1	1	6	10	3	1	6	-9
J0124203	1866.04992628173	0	5	4	1	2012	1	1	1	6	10	3	1	5	-9
J0124204	802.423792344371	1	1	4	1	2012	3	3	2	6	10	3	1	1	1
J0124205	1463.50880115778	0	5	4	1	2012	1	1	1	6	10	3	1	1	-9
J0124206	814.97291344944	1	1	4	1	2012	3	3	2	6	10	3	1	1	1
J0124207	706.529564319714	1	1	4	1	2012	3	3	2	6	10	3	1	1	1
J0124303	1938.54853568433	0	4	4	2	2012	1	1	1	6	10	3	1	4	-9
J0124401	679.322249812076	0	5	4	2	2012	3	3	2	6	10	3	1	1	1
J0124402	1481.64181860871	1	1	4	2	2012	4	4	2	6	10	3	1	3	2
J0124404	1620.09026327165	1	1	4	2	2012	1	1	1	6	10	3	1	7	-9
J0131101	1805.69067476684	0	5	1	4	2011	1	1	1	8	9	2	1	6	-9
J0131103	2137.90780949036	0	5	1	4	2011	1	1	1	8	9	2	1	10	-9
J0131110	1688.03220476965	0	5	1	4	2011	1	1	1	8	9	2	3	9	-9
J0131111	1451.91543529933	0	4	1	4	2011	1	1	1	8	9	2	4	6	-9
J0131201	1371.27372874319	0	5	1	4	2011	1	1	1	6	10	3	1	10	-9
J0131202	1661.80152684632	1	1	1	4	2011	1	1	1	8	9	2	2	10	-9
J0131203	1522.00093714795	0	5	1	4	2011	1	1	1	8	9	2	2	10	-9
J0131209	1429.77216182224	0	5	1	4	2011	1	1	1	8	9	2	1	10	-9
J0131210	1605.22717432728	1	1	1	4	2011	1	1	1	8	9	2	1	9	-9
J0131212	1354.42292463853	0	5	1	4	2011	1	1	1	8	9	2	1	10	-9
J0131301	1745.65779477447	0	4	1	5	2011	1	1	1	8	9	2	1	4	-9
J0131304	1677.31302380714	0	5	1	5	2011	1	1	1	8	9	2	2	9	-9
J0131305	2197.67358281921	1	1	1	5	2011	1	1	1	8	9	2	2	9	-9
J0131307	1567.02759715873	0	4	1	5	2011	1	1	1	8	9	2	1	10	-9
J0131308	1759.51652810147	0	5	1	5	2011	1	1	1	8	9	2	1	10	-9
J0131401	1633.45366172838	0	5	1	5	2011	1	1	1	8	9	2	1	5	-9
J0131402	2720.36036502813	1	1	1	5	2011	1	1	1	8	9	2	1	10	-9
J0131403	1893.35674871198	1	1	1	5	2011	1	1	1	8	9	2	3	9	-9
J0131408	1635.45384139316	0	5	1	5	2011	1	1	1	8	9	2	1	9	-9
J0131409	1668.23666672561	1	1	1	5	2011	1	1	1	8	9	2	1	10	-9
J0132101	1587.79008912228	1	1	2	7	2011	1	1	1	8	9	2	1	5	-9
J0132104	682.355077064273	1	1	2	7	2011	3	3	2	8	9	2	1	2	1
J0132105	1396.71669400703	1	1	2	7	2011	3	3	2	8	9	2	1	4	1
J0132106	1397.03727459455	1	1	2	7	2011	1	1	1	8	9	2	1	9	-9
J0132107	1609.95077171849	1	1	2	7	2011	2	2	1	8	9	2	1	5	3
J0132108	747.890441487141	1	1	2	7	2011	3	3	2	8	9	2	1	1	1
J0132109	805.78438588119	0	4	2	7	2011	3	3	2	8	9	2	1	3	1
J0132110	1194.43278158722	1	1	2	7	2011	3	3	2	8	9	2	1	2	1
J0132113	888.701631873042	0	5	2	7	2011	1	1	1	8	9	2	1	4	-9
J0132201	1025.78215171882	0	5	2	7	2011	1	1	1	8	9	2	1	2	-9
J0132203	837.498192656567	1	1	2	7	2011	2	2	1	8	9	2	1	3	3
J0132207	2693.80576185749	0	4	2	7	2011	2	2	1	8	9	2	1	5	3
J0132208	790.369679197758	1	1	2	7	2011	3	3	2	8	9	2	1	2	1
J0132211	1547.73091375883	1	1	2	7	2011	1	1	1	8	9	2	1	5	-9
J0132212	3019.52740480825	0	4	2	7	2011	2	2	1	8	9	2	1	6	3
J0132215	942.886323349185	1	1	2	7	2011	2	2	1	8	9	2	1	4	3
J0132302	850.188302048394	1	1	2	8	2011	2	2	1	8	9	2	1	4	5
J0132304	1894.08693926764	1	1	2	8	2011	2	2	1	8	9	2	1	9	5
J0132307	2666.56176905449	0	5	2	8	2011	1	1	1	8	9	2	1	8	-9
J0132309	1516.20565948548	1	1	2	8	2011	1	1	1	8	9	2	1	9	-9
J0132311	2223.43211640783	1	1	2	8	2011	1	1	1	8	9	2	1	5	-9
J0132407	862.49030679712	0	5	2	8	2011	1	1	1	8	9	2	1	4	-9
J0132410	1395.08945553655	0	5	2	8	2011	1	1	1	8	9	2	1	5	-9
J0132413	4132.21503217995	1	1	2	8	2011	4	4	2	8	9	2	1	5	2
J0132414	3013.72274164455	0	5	2	8	2011	1	1	1	8	9	2	1	7	-9
J0133101	1898.24191019176	0	5	3	10	2011	1	1	1	8	9	2	3	5	-9
J0133102	786.453351468167	1	1	3	10	2011	2	2	1	8	9	2	3	5	4
J0133104	862.941381790868	0	5	3	10	2011	4	4	2	8	9	2	1	2	2
J0133105	1468.64308677728	1	1	3	10	2011	1	1	1	8	9	2	1	8	-9
J0133106	1565.41981209112	0	5	3	10	2011	1	1	1	8	9	2	1	9	-9
J0133107	1712.93111122747	1	1	3	10	2011	1	1	1	8	9	2	1	9	-9
J0133108	1562.65452378383	1	1	3	10	2011	4	4	2	8	9	2	1	5	2
J0133111	1101.79749801156	0	5	3	10	2011	3	3	2	8	9	2	1	3	1
J0133112	1704.14997495651	1	1	3	10	2011	1	1	1	8	9	2	1	10	-9
J0133113	770.835893314594	0	4	3	10	2011	4	4	2	8	9	2	1	10	2
J0133202	2841.23748270113	1	1	3	10	2011	2	2	1	8	9	2	2	9	5
J0133203	2296.23347493505	1	1	3	10	2011	3	3	2	8	9	2	2	7	1
J0133204	2824.90598438007	1	1	3	10	2011	1	1	1	8	9	2	1	9	-9
J0133205	2674.52426663974	0	5	3	10	2011	1	1	1	8	9	2	1	10	-9
J0133206	2300.5229985163	1	1	3	10	2011	2	2	1	8	9	2	1	4	3
J0133207	2469.48795648112	1	1	3	10	2011	2	2	1	8	9	2	1	4	3
J0133208	3353.75922360103	0	5	3	10	2011	1	1	1	8	9	2	1	7	-9
J0133209	3112.36526716171	0	4	3	10	2011	1	1	1	8	9	2	3	6	-9
J0133211	2173.86431255618	0	5	3	10	2011	3	3	2	8	9	2	1	5	1
J0133212	2144.6612406926	1	1	3	10	2011	1	1	1	8	9	2	1	5	-9
J0133301	2094.1027252738	0	5	3	11	2011	1	1	1	8	9	2	3	7	-9
J0133303	1981.70880010638	0	4	3	11	2011	4	4	2	8	9	2	1	7	2
J0133304	1721.31329345594	0	5	3	11	2011	1	1	1	8	9	2	1	4	-9
J0133305	1668.8942994625	1	1	3	11	2011	1	1	1	8	9	2	1	5	-9
J0133308	1306.33974759502	1	1	3	11	2011	1	1	1	8	9	2	1	10	-9
J0133309	1284.46972880179	0	5	3	11	2011	1	1	1	8	9	2	2	9	-9
J0133310	1601.09575150898	1	1	3	11	2011	1	1	1	8	9	2	4	7	-9
J0133403	619.521061253961	1	1	3	11	2011	3	3	2	8	9	2	1	1	1
J0133406	1520.16697490159	0	5	3	11	2011	1	1	1	8	9	2	1	3	-9
J0133410	1053.2833645755	0	5	3	11	2011	1	1	1	8	9	2	1	2	-9
J0133411	1699.75032191391	0	5	3	11	2011	3	3	2	8	9	2	1	2	1
J0133413	1414.27192717452	0	5	3	11	2011	1	1	1	8	9	2	1	9	-9
J0133414	1798.274973387	1	1	3	11	2011	1	1	1	8	9	2	1	9	-9
J0134102	1605.47259647777	0	4	4	1	2012	1	1	1	8	9	2	1	2	-9
J0134103	1040.61485057354	1	1	4	1	2012	3	3	2	8	9	2	1	2	1
J0134104	752.425173802036	1	1	4	1	2012	1	1	1	8	9	2	1	2	-9
J0134107	994.231219920532	1	1	4	1	2012	3	3	2	8	9	2	1	4	1
J0134108	1003.93460920885	0	5	4	1	2012	1	1	1	8	9	2	1	3	-9
J0134109	1605.38323451599	0	4	4	1	2012	1	1	1	8	9	2	1	9	-9
J0134110	1490.1439344179	0	5	4	1	2012	1	1	1	8	9	2	1	8	-9
J0134111	1600.12587872557	0	5	4	1	2012	1	1	1	8	9	2	1	4	-9
J0134112	1679.6370540776	1	1	4	1	2012	3	3	2	8	9	2	1	3	1
J0134201	1377.12618936534	0	5	4	1	2012	1	1	1	8	9	2	1	2	-9
J0134206	1534.0086406899	0	5	4	1	2012	1	1	1	8	9	2	1	4	-9
J0134208	1469.137392526	1	1	4	1	2012	1	1	1	8	9	2	1	5	-9
J0134209	1975.8722770179	0	5	4	1	2012	1	1	1	8	9	2	1	7	-9
J0134210	767.11882929202	1	1	4	1	2012	3	3	2	8	9	2	1	4	1
J0134211	1711.58582914165	0	5	4	1	2012	1	1	1	8	9	2	1	4	-9
J0134301	855.638111322148	0	5	4	2	2012	1	1	1	8	9	2	1	4	-9
J0134309	1621.13464432649	0	5	4	2	2012	1	1	1	8	9	2	1	6	-9
J0134310	667.333697115141	1	1	4	2	2012	3	3	2	8	9	2	1	5	1
J0134312	846.901289832009	1	1	4	2	2012	3	3	2	8	9	2	1	1	1
J0134313	662.952424052072	1	1	4	2	2012	3	3	2	8	9	2	1	1	1
J0134314	1487.79200883779	1	1	4	2	2012	2	2	1	8	9	2	1	5	3
J0134401	2222.85315550599	0	4	4	2	2012	2	2	1	8	9	2	1	2	5
J0134402	784.063231722764	0	5	4	2	2012	3	3	2	8	9	2	1	3	1
J0134410	1385.73409038051	0	4	4	2	2012	1	1	1	8	9	2	1	7	-9
J0134411	1423.76509554225	1	1	4	2	2012	4	4	2	8	9	2	1	7	2
J0141101	1574.96915772186	1	1	1	4	2011	1	1	1	8	9	2	1	9	-9
J0141102	1673.06028733914	0	5	1	4	2011	1	1	1	8	9	2	1	9	-9
J0141104	3005.78425079082	0	5	1	4	2011	1	1	1	8	9	2	1	8	-9
J0141107	1519.09055961861	1	1	1	4	2011	1	1	1	8	9	2	1	10	-9
J0141108	1541.4611602937	0	5	1	4	2011	1	1	1	8	9	2	1	6	-9
J0141109	1448.89209126124	1	1	1	4	2011	1	1	1	8	9	2	1	10	-9
J0141201	1614.20237356756	1	1	1	4	2011	1	1	1	8	9	2	1	5	-9
J0141203	1600.25658554107	1	1	1	4	2011	2	2	1	8	9	2	1	8	3
J0141204	1609.9554167281	0	5	1	4	2011	1	1	1	8	9	2	1	9	-9
J0141207	1487.16091041999	1	1	1	4	2011	1	1	1	8	9	2	1	9	-9
J0141208	1835.20983035117	0	5	1	4	2011	1	1	1	8	9	2	1	6	-9
J0141301	1270.90308350481	1	1	1	5	2011	3	3	2	8	9	2	1	7	1
J0141302	1741.06766273169	0	5	1	5	2011	1	1	1	8	9	2	1	7	-9
J0141303	1584.72165004169	1	1	1	5	2011	1	1	1	8	9	2	1	10	-9
J0141304	1396.39349122057	0	5	1	5	2011	1	1	1	8	9	2	1	10	-9
J0141305	1603.06673265679	1	1	1	5	2011	1	1	1	8	9	2	1	9	-9
J0141306	1631.97186830869	1	1	1	5	2011	1	1	1	8	9	2	1	10	-9
J0141307	1289.18582816906	0	5	1	5	2011	1	1	1	8	9	2	1	10	-9
J0141308	1652.01133122984	1	1	1	5	2011	1	1	1	8	9	2	1	8	-9
J0141402	1795.88990630427	0	4	1	5	2011	1	1	1	8	9	2	1	8	-9
J0141404	1694.08054298095	1	1	1	5	2011	4	4	2	8	9	2	1	3	2
J0141405	1962.99366511921	0	5	1	5	2011	1	1	1	8	9	2	1	4	-9
J0141406	1675.11146638243	1	1	1	5	2011	1	1	1	8	9	2	1	5	-9
J0142102	1617.11751067578	1	1	2	7	2011	2	2	1	8	9	2	1	8	4
J0142104	2176.57361787329	1	1	2	7	2011	1	1	1	8	9	2	1	10	-9
J0142105	2315.96224976364	0	5	2	7	2011	1	1	1	8	9	2	1	10	-9
J0142108	1599.78196020048	1	1	2	7	2011	2	2	1	8	9	2	1	10	3
J0142202	2517.19924032227	0	4	2	7	2011	1	1	1	8	9	2	1	6	-9
J0142204	773.205822984736	0	4	2	7	2011	4	4	2	8	9	2	1	2	2
J0142205	1220.89472561669	1	1	2	7	2011	4	4	2	8	9	2	1	2	2
J0142208	1497.38717448807	0	4	2	7	2011	2	2	1	8	9	2	1	3	4
J0142209	1558.26642017363	0	4	2	7	2011	2	2	1	8	9	2	1	4	4
J0142301	1788.19107873157	1	1	2	8	2011	2	2	1	8	9	2	1	9	3
J0142302	756.656450363618	1	1	2	8	2011	3	3	2	8	9	2	1	2	1
J0142303	1503.23284291944	0	5	2	8	2011	1	1	1	8	9	2	1	8	-9
J0142307	1292.76287823907	0	5	2	8	2011	1	1	1	8	9	2	1	4	-9
J0142401	774.974541798118	1	1	2	8	2011	2	2	1	8	9	2	1	2	3
J0142402	1583.10720052055	1	1	2	8	2011	3	3	2	8	9	2	1	2	1
J0142403	1912.11973662732	0	4	2	8	2011	2	2	1	8	9	2	1	4	3
J0142404	1608.1327497212	0	4	2	8	2011	1	1	1	8	9	2	1	5	-9
J0142405	852.898617754247	1	1	2	8	2011	3	3	2	8	9	2	1	1	1
J0142406	742.231588468443	1	1	2	8	2011	3	3	2	8	9	2	1	8	1
J0142407	1845.66394247525	0	4	2	8	2011	1	1	1	8	9	2	1	5	-9
J0142409	1311.35889115453	1	1	2	8	2011	1	1	1	8	9	2	1	7	-9
J0143101	1757.22417929746	0	5	3	10	2011	1	1	1	8	9	2	1	10	-9
J0143102	2285.31525666756	0	4	3	10	2011	2	2	1	8	9	2	1	10	5
J0143103	1585.59013042871	0	5	3	10	2011	1	1	1	8	9	2	1	8	-9
J0143105	887.147777923895	1	1	3	10	2011	4	4	2	8	9	2	1	8	2
J0143203	1592.66055335288	0	4	3	10	2011	1	1	1	8	9	2	2	8	-9
J0143205	1656.22661318363	0	5	3	10	2011	1	1	1	8	9	2	2	8	-9
J0143209	866.892981070103	0	4	3	10	2011	4	4	2	8	9	2	1	3	2
J0143301	1688.29076648953	0	5	3	11	2011	1	1	1	8	9	2	1	10	-9
J0143302	1836.69301823171	1	1	3	11	2011	2	2	1	8	9	2	1	10	3
J0143304	1735.25253092439	1	1	3	11	2011	2	2	1	8	9	2	1	10	5
J0143305	1795.6294002198	1	1	3	11	2011	2	2	1	8	9	2	1	8	3
J0143306	1510.64285544592	0	5	3	11	2011	1	1	1	8	9	2	1	9	-9
J0143401	1648.43605464919	0	5	3	11	2011	1	1	1	8	9	2	1	6	-9
J0143402	2268.38709755531	1	1	3	11	2011	1	1	1	8	9	2	1	9	-9
J0143403	1905.89793355155	1	1	3	11	2011	2	2	1	8	9	2	1	10	5
J0143405	1964.74248687293	0	5	3	11	2011	1	1	1	8	9	2	1	10	-9
J0143407	1473.7599323212	1	1	3	11	2011	2	2	1	8	9	2	1	10	3
J0143408	1804.66257403819	0	5	3	11	2011	1	1	1	8	9	2	1	10	-9
J0144103	1276.10469517497	0	5	4	1	2012	1	1	1	8	9	2	1	10	-9
J0144104	1348.817697489	0	4	4	1	2012	1	1	1	8	9	2	1	10	-9
J0144105	2455.61314002534	0	5	4	1	2012	1	1	1	8	9	2	1	7	-9
J0144201	1480.54318964509	1	1	4	1	2012	4	4	2	8	9	2	1	5	2
J0144202	1411.00747412435	0	4	4	1	2012	1	1	1	8	9	2	1	9	-9
J0144203	1398.68401475611	0	5	4	1	2012	1	1	1	8	9	2	1	7	-9
J0144206	2583.40148402044	0	5	4	1	2012	1	1	1	8	9	2	1	6	-9
J0144207	889.484366473349	1	1	4	1	2012	1	1	1	8	9	2	1	6	-9
J0144208	2153.93492772597	0	5	4	1	2012	1	1	1	8	9	2	1	7	-9
J0144209	1974.12042267831	0	4	4	1	2012	2	2	1	8	9	2	1	10	3
J0144302	1426.07987284508	0	4	4	2	2012	2	2	1	8	9	2	1	6	5
J0144303	2000.25834530721	1	1	4	2	2012	2	2	1	8	9	2	1	5	3
J0144304	1508.14448459235	0	5	4	2	2012	1	1	1	8	9	2	1	4	-9
J0144306	1610.61185825919	1	1	4	2	2012	1	1	1	8	9	2	1	10	-9
J0144307	1825.99955749144	0	4	4	2	2012	2	2	1	8	9	2	2	10	3
J0144403	689.625793639844	1	1	4	2	2012	3	3	2	8	9	2	1	3	1
J0144404	2195.42741738996	0	4	4	2	2012	2	2	1	8	9	2	1	8	3
J0144405	1493.84772287694	0	5	4	2	2012	1	1	1	8	9	2	1	10	-9
J0144409	1576.17349334487	1	1	4	2	2012	1	1	1	8	9	2	1	4	-9
J0151104	2233.87179217682	1	1	1	4	2011	2	2	1	8	9	2	1	5	3
J0151106	794.178908154303	1	1	1	4	2011	2	2	1	8	9	2	1	4	3
J0151108	1540.90675104983	1	1	1	4	2011	2	2	1	8	9	2	1	5	3
J0151202	1058.53766716212	0	4	1	4	2011	3	3	2	8	9	2	1	1	1
J0151203	3460.2495525619	0	4	1	4	2011	2	2	1	8	9	2	1	3	5
J0151206	2138.95112347392	0	4	1	4	2011	1	1	1	8	9	2	1	5	-9
J0151207	1290.5644274105	0	4	1	4	2011	1	1	1	8	9	2	1	7	-9
J0151208	2258.89859901021	0	4	1	4	2011	2	2	1	8	9	2	1	5	5
J0151209	937.949132792971	0	4	1	4	2011	3	3	2	8	9	2	1	1	1
J0151301	1950.31478332469	1	1	1	5	2011	2	2	1	8	9	2	1	7	3
J0151304	1767.53327446168	0	4	1	5	2011	1	1	1	8	9	2	1	5	-9
J0151305	1512.81552876548	0	5	1	5	2011	1	1	1	8	9	2	1	3	-9
J0151306	2195.74162467427	0	4	1	5	2011	2	2	1	8	9	2	1	6	3
J0151307	1928.27839208729	0	5	1	5	2011	1	1	1	8	9	2	1	6	-9
J0151402	831.212549469786	1	1	1	5	2011	3	3	2	8	9	2	1	1	1
J0151403	1108.45486848533	0	4	1	5	2011	1	1	1	8	9	2	1	1	-9
J0151404	1082.9133909058	1	1	1	5	2011	3	3	2	8	9	2	1	1	1
J0151406	4155.77016477019	1	1	1	5	2011	2	2	1	8	9	2	1	4	3
J0151407	824.838091532581	0	5	1	5	2011	1	1	1	8	9	2	1	2	-9
J0151408	1934.37713369306	1	1	1	5	2011	4	4	2	8	9	2	1	3	2
J0151409	1399.26193554307	0	5	1	5	2011	1	1	1	8	9	2	1	4	-9
J0151410	1430.66318049538	0	4	1	5	2011	2	2	1	8	9	2	1	4	5
J0151411	1708.94724102857	0	5	1	5	2011	1	1	1	8	9	2	1	6	-9
J0152102	1340.615550434	1	1	2	7	2011	1	1	1	8	9	2	1	8	-9
J0152103	2457.44584019892	0	4	2	7	2011	4	4	2	8	9	2	3	4	2
J0152105	1817.38869540936	0	5	2	7	2011	1	1	1	8	9	2	2	5	-9
J0152106	754.318985626771	1	1	2	7	2011	4	4	2	8	9	2	2	3	2
J0152107	1575.04959177614	1	1	2	7	2011	1	1	1	8	9	2	2	4	-9
J0152108	2385.47874213308	0	5	2	7	2011	1	1	1	8	9	2	3	5	-9
J0152201	1643.85415377028	0	5	2	7	2011	1	1	1	8	9	2	1	3	-9
J0152202	1774.03620362511	0	4	2	7	2011	1	1	1	8	9	2	1	5	-9
J0152203	1248.50543700264	0	5	2	7	2011	1	1	1	8	9	2	1	3	-9
J0152207	1883.19771148472	1	1	2	7	2011	1	1	1	8	9	2	2	6	-9
J0152208	1602.32001139639	0	5	2	7	2011	1	1	1	8	9	2	2	6	-9
J0152209	1341.39450205572	0	4	2	7	2011	1	1	1	8	9	2	2	7	-9
J0152210	1192.50768999321	0	5	2	7	2011	1	1	1	8	9	2	2	5	-9
J0152211	1484.93484962935	1	1	2	7	2011	2	2	1	8	9	2	3	6	4
J0152301	1853.88937166004	1	1	2	8	2011	1	1	1	8	9	2	1	4	-9
J0152304	1997.79375719574	0	5	2	8	2011	1	1	1	8	9	2	1	7	-9
J0152305	1794.40638594545	0	5	2	8	2011	1	1	1	8	9	2	1	5	-9
J0152307	1599.43845766717	1	1	2	8	2011	2	2	1	8	9	2	1	5	3
J0152401	875.290136955371	1	1	2	8	2011	4	4	2	8	9	2	1	2	2
J0152402	2172.38508049094	1	1	2	8	2011	1	1	1	8	9	2	3	7	-9
J0152405	1433.63102481605	0	5	2	8	2011	1	1	1	8	9	2	2	7	-9
J0152406	1408.96738859382	1	1	2	8	2011	1	1	1	8	9	2	2	9	-9
J0152410	2934.04602027236	0	4	2	8	2011	2	2	1	8	9	2	1	3	3
J0153102	1627.90537299572	1	1	3	10	2011	1	1	1	8	9	2	1	6	-9
J0153103	766.796965493816	1	1	3	10	2011	2	2	1	8	9	2	1	2	4
J0153104	1810.1080306429	1	1	3	10	2011	1	1	1	8	9	2	1	5	-9
J0153105	1641.73260422804	0	5	3	10	2011	1	1	1	8	9	2	1	3	-9
J0153106	1941.58088847475	0	5	3	10	2011	1	1	1	8	9	2	1	3	-9
J0153109	2600.46539185734	1	1	3	10	2011	1	1	1	8	9	2	1	6	-9
J0153110	1625.79629212832	0	5	3	10	2011	1	1	1	8	9	2	1	6	-9
J0153201	1706.14875746221	0	5	3	10	2011	1	1	1	8	9	2	1	7	-9
J0153203	1595.04277292105	1	1	3	10	2011	4	4	2	8	9	2	1	3	2
J0153204	1042.23267313366	0	4	3	10	2011	4	4	2	8	9	2	1	4	2
J0153206	1321.93105251158	0	5	3	10	2011	1	1	1	8	9	2	1	5	-9
J0153301	1631.47941961594	1	1	3	11	2011	3	3	2	8	9	2	1	3	1
J0153303	1077.46609271596	0	5	3	11	2011	1	1	1	8	9	2	1	5	-9
J0153304	751.777498612149	0	4	3	11	2011	2	2	1	8	9	2	1	10	3
J0153305	1724.14981207984	0	5	3	11	2011	1	1	1	8	9	2	1	8	-9
J0153306	1583.80401901458	0	4	3	11	2011	1	1	1	8	9	2	1	8	-9
J0153307	2705.47194881278	0	5	3	11	2011	1	1	1	8	9	2	1	10	-9
J0153308	1726.27590971415	1	1	3	11	2011	2	2	1	8	9	2	1	8	3
J0153309	1985.60177537001	1	1	3	11	2011	1	1	1	8	9	2	1	8	-9
J0153310	692.646594397601	0	5	3	11	2011	3	3	2	8	9	2	1	4	1
J0153311	1438.23360044405	0	4	3	11	2011	1	1	1	8	9	2	1	9	-9
J0153403	1045.57641491524	1	1	3	11	2011	3	3	2	8	9	2	1	1	1
J0153404	964.432533407782	0	5	3	11	2011	1	1	1	8	9	2	1	1	-9
J0153406	855.247298239418	0	5	3	11	2011	3	3	2	8	9	2	1	2	1
J0153407	2531.99098059627	1	1	3	11	2011	3	3	2	8	9	2	1	1	1
J0153411	5177.31346465633	0	4	3	11	2011	2	2	1	8	9	2	1	7	4
J0154101	3143.66658081994	0	4	4	1	2012	1	1	1	8	9	2	1	4	-9
J0154105	834.406763297493	1	1	4	1	2012	4	4	2	8	9	2	1	6	2
J0154107	1307.40103238495	0	5	4	1	2012	1	1	1	8	9	2	1	6	-9
J0154108	1609.55884428607	0	5	4	1	2012	1	1	1	8	9	2	1	6	-9
J0154110	1775.48572262352	0	4	4	1	2012	2	2	1	8	9	2	4	7	3
J0154201	2084.00874826447	0	4	4	1	2012	2	2	1	8	9	2	1	4	3
J0154203	1852.49266310631	0	5	4	1	2012	1	1	1	8	9	2	1	8	-9
J0154204	1786.81881859221	1	1	4	1	2012	2	2	1	8	9	2	1	6	3
J0154205	1269.58804644544	0	5	4	1	2012	1	1	1	8	9	2	1	3	-9
J0154206	3068.77720405683	1	1	4	1	2012	4	4	2	8	9	2	1	5	2
J0154207	1546.00945484601	0	5	4	1	2012	1	1	1	8	9	2	1	6	-9
J0154208	1646.72176757071	0	5	4	1	2012	1	1	1	8	9	2	2	7	-9
J0154209	1490.77333951157	0	4	4	1	2012	1	1	1	8	9	2	2	7	-9
J0154301	3230.88914612572	1	1	4	2	2012	2	2	1	8	9	2	1	2	3
J0154302	1853.04662500671	0	5	4	2	2012	2	2	1	8	9	2	1	4	3
J0154304	1049.07927676412	0	4	4	2	2012	2	2	1	8	9	2	1	2	3
J0154306	4449.24863704844	0	5	4	2	2012	1	1	1	8	9	2	1	5	-9
J0154307	1940.45194336066	0	5	4	2	2012	1	1	1	8	9	2	1	3	-9
J0154308	2573.65010534394	1	1	4	2	2012	1	1	1	8	9	2	1	5	-9
J0154310	1951.32942853646	1	1	4	2	2012	1	1	1	8	9	2	1	8	-9
J0154401	942.864763096498	1	1	4	2	2012	4	4	2	8	9	2	1	2	2
J0154402	1732.82890871879	0	5	4	2	2012	1	1	1	8	9	2	1	8	-9
J0154403	1693.033102119	1	1	4	2	2012	1	1	1	8	9	2	1	5	-9
J0154404	774.167214522739	1	1	4	2	2012	3	3	2	8	9	2	1	1	1
J0154406	1559.92300063218	0	5	4	2	2012	1	1	1	8	9	2	1	1	-9
J0154407	817.289839022081	1	1	4	2	2012	3	3	2	8	9	2	1	2	1
J0154412	673.542514272545	0	5	4	2	2012	3	3	2	8	9	2	1	2	1
J0154413	526.893886780474	1	1	4	2	2012	3	3	2	8	9	2	1	2	1
J0154416	716.630243325318	1	1	4	2	2012	3	3	2	8	9	2	1	1	1
J0161102	1456.92901749544	1	1	1	4	2011	1	1	1	8	9	2	1	10	-9
J0161103	1338.54630907823	0	5	1	4	2011	1	1	1	8	9	2	1	10	-9
J0161105	1132.86856694696	0	5	1	4	2011	1	1	1	8	9	2	1	5	-9
J0161106	1477.10300331502	1	1	1	4	2011	1	1	1	8	9	2	3	10	-9
J0161107	1497.85536614171	1	1	1	4	2011	1	1	1	8	9	2	1	6	-9
J0161109	1045.64083767087	1	1	1	4	2011	2	2	1	8	9	2	1	5	4
J0161201	829.4538527584	1	1	1	4	2011	3	3	2	8	9	2	3	9	1
J0161203	747.349130390861	1	1	1	4	2011	1	1	1	8	9	2	3	9	-9
J0161205	2204.2670142677	1	1	1	4	2011	1	1	1	8	9	2	1	7	-9
J0161206	1588.02782647855	0	5	1	4	2011	1	1	1	8	9	2	1	8	-9
J0161207	2198.30997847356	1	1	1	4	2011	2	2	1	8	9	2	1	9	5
J0161208	1349.2758905078	1	1	1	4	2011	1	1	1	8	9	2	1	6	-9
J0161209	1618.04983708001	1	1	1	4	2011	4	4	2	8	9	2	3	9	2
J0161301	2050.5697424509	1	1	1	5	2011	1	1	1	8	9	2	1	8	-9
J0161303	1978.12194944241	1	1	1	5	2011	1	1	1	8	9	2	1	10	-9
J0161304	1222.99815255918	1	1	1	5	2011	1	1	1	8	9	2	1	10	-9
J0161305	1758.76697130525	0	5	1	5	2011	1	1	1	8	9	2	1	10	-9
J0161307	833.530811224885	0	4	1	5	2011	4	4	2	8	9	2	2	5	2
J0161309	1911.20253782227	0	5	1	5	2011	1	1	1	8	9	2	1	10	-9
J0161310	1213.0520388645	1	1	1	5	2011	1	1	1	8	9	2	1	10	-9
J0161401	1451.96749568039	0	4	1	5	2011	2	2	1	8	9	2	4	8	5
J0161404	1647.16038098134	1	1	1	5	2011	1	1	1	8	9	2	1	10	-9
J0161405	1169.52447200122	1	1	1	5	2011	1	1	1	8	9	2	1	10	-9
J0161406	1158.47097449698	0	5	1	5	2011	1	1	1	8	9	2	1	9	-9
J0161407	3667.74226748026	1	1	1	5	2011	4	4	2	8	9	2	1	8	2
J0161408	1051.46639804966	0	4	1	5	2011	4	4	2	8	9	2	1	5	2
J0161409	1685.90005512367	1	1	1	5	2011	2	2	1	8	9	2	3	10	5
J0162101	1890.42951228724	0	5	2	7	2011	1	1	1	8	9	2	1	9	-9
J0162104	2187.59943452407	1	1	2	7	2011	2	2	1	8	9	2	1	10	5
J0162107	801.17790052516	1	1	2	7	2011	4	4	2	8	9	2	1	4	2
J0162108	1219.6261995141	0	5	2	7	2011	1	1	1	8	9	2	1	4	-9
J0162110	721.86489098231	0	5	2	7	2011	1	1	1	8	9	2	3	5	-9
J0162111	1945.10974442148	1	1	2	7	2011	2	2	1	8	9	2	3	5	5
J0162208	857.693965124132	0	4	2	7	2011	2	2	1	6	10	3	4	8	3
J0162209	2427.39676282589	0	4	2	7	2011	1	1	1	6	10	3	2	7	-9
J0162301	2085.35894439156	1	1	2	8	2011	2	2	1	8	9	2	3	9	3
J0162302	2600.07719748019	0	5	2	8	2011	1	1	1	8	9	2	3	8	-9
J0162303	1318.52898809572	1	1	2	8	2011	1	1	1	8	9	2	1	10	-9
J0162305	1623.8661023542	1	1	2	8	2011	1	1	1	8	9	2	1	9	-9
J0162307	1835.29664984397	0	5	2	8	2011	1	1	1	8	9	2	4	10	-9
J0162308	1376.57778348157	1	1	2	8	2011	1	1	1	6	10	3	3	8	-9
J0162401	1648.69295347435	0	5	2	8	2011	1	1	1	6	10	3	1	9	-9
J0162402	1531.77627414258	1	1	2	8	2011	1	1	1	6	10	3	1	4	-9
J0162403	1172.92879983461	0	5	2	8	2011	1	1	1	6	10	3	1	10	-9
J0162404	768.195139661995	1	1	2	8	2011	3	3	2	6	10	3	1	4	1
J0162405	1438.2244260286	0	5	2	8	2011	1	1	1	6	10	3	1	10	-9
J0162406	1188.06676280935	1	1	2	8	2011	2	2	1	6	10	3	1	3	3
J0162409	2046.30136005333	0	5	2	8	2011	1	1	1	6	10	3	2	6	-9
J0162410	851.018778491104	1	1	2	8	2011	2	2	1	6	10	3	2	9	4
J0162411	1806.32468917303	0	4	2	8	2011	2	2	1	6	10	3	2	7	3
J0163101	1688.73373079835	1	1	3	10	2011	1	1	1	8	9	2	1	10	-9
J0163103	1685.55686347034	0	5	3	10	2011	2	2	1	8	9	2	2	6	3
J0163105	1596.58103544283	0	5	3	10	2011	1	1	1	8	9	2	3	8	-9
J0163106	1361.39625079934	0	4	3	10	2011	1	1	1	8	9	2	2	10	-9
J0163204	1610.3005410381	0	5	3	10	2011	1	1	1	8	9	2	2	8	-9
J0163207	1359.82452764307	0	5	3	10	2011	1	1	1	8	9	2	2	10	-9
J0163208	1332.6773567917	1	1	3	10	2011	1	1	1	8	9	2	3	8	-9
J0163209	1375.6280472417	0	5	3	10	2011	1	1	1	8	9	2	2	10	-9
J0163210	1835.73394501601	0	5	3	10	2011	1	1	1	8	9	2	4	9	-9
J0163211	1716.93100564353	1	1	3	10	2011	1	1	1	8	9	2	3	9	-9
J0163301	1366.0177670617	0	5	3	11	2011	1	1	1	8	9	2	3	8	-9
J0163304	1398.96937860104	1	1	3	11	2011	1	1	1	8	9	2	2	10	-9
J0163305	1425.85022430417	0	5	3	11	2011	1	1	1	8	9	2	2	10	-9
J0163306	901.460040109742	0	5	3	11	2011	1	1	1	8	9	2	3	8	-9
J0163310	2065.67699784194	0	4	3	11	2011	2	2	1	8	9	2	3	8	4
J0163401	1587.95527318794	0	5	3	11	2011	1	1	1	8	9	2	3	10	-9
J0163403	939.975483280421	0	5	3	11	2011	1	1	1	8	9	2	1	3	-9
J0163405	1244.00261333562	0	5	3	11	2011	4	4	2	8	9	2	1	10	2
J0163407	1582.51873000931	1	1	3	11	2011	1	1	1	8	9	2	1	10	-9
J0163408	1598.41469065388	0	5	3	11	2011	1	1	1	8	9	2	1	7	-9
J0163409	731.920765359054	0	4	3	11	2011	3	3	2	8	9	2	1	5	1
J0163410	2159.8672056185	0	5	3	11	2011	1	1	1	8	9	2	1	9	-9
J0163411	782.495027903443	0	5	3	11	2011	1	1	1	8	9	2	1	10	-9
J0164101	1753.93053848458	0	5	4	1	2012	1	1	1	8	9	2	3	7	-9
J0164102	1332.65052622424	1	1	4	1	2012	1	1	1	8	9	2	3	7	-9
J0164106	2107.3905127735	0	5	4	1	2012	1	1	1	6	10	3	4	5	-9
J0164107	2255.59679897805	1	1	4	1	2012	1	1	1	6	10	3	4	9	-9
J0164201	1392.90686549356	0	5	4	1	2012	1	1	1	6	10	3	1	3	-9
J0164202	1490.44930481148	0	5	4	1	2012	1	1	1	6	10	3	1	10	-9
J0164204	1765.81075088865	0	5	4	1	2012	1	1	1	6	10	3	1	8	-9
J0164208	2127.81786642979	1	1	4	1	2012	1	1	1	6	10	3	1	9	-9
J0164302	1885.44588159835	1	1	4	2	2012	1	1	1	6	10	3	2	9	-9
J0164303	3603.03759292311	0	5	4	2	2012	1	1	1	6	10	3	2	8	-9
J0164305	1558.55095484587	1	1	4	2	2012	4	4	2	6	10	3	2	7	2
J0164306	1030.89858915762	0	5	4	2	2012	3	3	2	6	10	3	2	7	1
J0164309	1640.86864950019	0	4	4	2	2012	2	2	1	6	10	3	3	6	3
J0164401	2055.45851695697	0	5	4	2	2012	1	1	1	6	10	3	2	8	-9
J0164402	1428.22834437232	0	5	4	2	2012	1	1	1	6	10	3	1	7	-9
J0164404	935.438420585923	0	4	4	2	2012	3	3	2	6	10	3	1	6	1
J0164406	1644.62439247132	0	5	4	2	2012	1	1	1	6	10	3	1	7	-9
J0164407	1813.39391658045	0	5	4	2	2012	1	1	1	6	10	3	3	6	-9
J0164408	2651.21913889173	1	1	4	2	2012	1	1	1	6	10	3	3	6	-9
J0164409	1994.14397977996	1	1	4	2	2012	2	2	1	6	10	3	3	5	3
J0171101	1240.47798033419	1	1	1	4	2011	4	4	2	8	9	2	1	4	2
J0171107	1247.33705123602	1	1	1	4	2011	2	2	1	8	9	2	1	4	4
J0171201	1673.46788578967	0	5	1	4	2011	1	1	1	8	9	2	1	10	-9
J0171203	1383.51080053899	0	5	1	4	2011	1	1	1	8	9	2	1	4	-9
J0171207	1413.87015490873	0	5	1	4	2011	1	1	1	8	9	2	2	9	-9
J0171208	844.112477012855	0	4	1	4	2011	2	2	1	8	9	2	2	7	3
J0171209	1476.49401236908	0	4	1	4	2011	4	4	2	8	9	2	1	6	2
J0171210	1405.03195527927	1	1	1	4	2011	1	1	1	8	9	2	3	9	-9
J0171302	1409.2329005274	0	4	1	5	2011	1	1	1	8	9	2	3	9	-9
J0171303	2619.33906132126	0	5	1	5	2011	1	1	1	8	9	2	3	10	-9
J0171304	2147.71929884518	0	4	1	5	2011	2	2	1	8	9	2	4	9	4
J0171305	2657.8306175546	0	5	1	5	2011	1	1	1	8	9	2	2	10	-9
J0171307	1719.76883215446	1	1	1	5	2011	1	1	1	8	9	2	2	9	-9
J0171401	1459.59583877001	0	5	1	5	2011	1	1	1	8	9	2	4	9	-9
J0171405	1201.49543898938	0	5	1	5	2011	1	1	1	8	9	2	1	10	-9
J0171406	1513.05154911096	1	1	1	5	2011	1	1	1	8	9	2	1	10	-9
J0171407	1520.33468457744	1	1	1	5	2011	4	4	2	8	9	2	1	10	2
J0171411	836.990708686213	1	1	1	5	2011	1	1	1	8	9	2	3	9	-9
J0172102	870.897667336541	0	4	2	7	2011	4	4	2	8	9	2	1	4	2
J0172104	873.500040306067	0	4	2	7	2011	2	2	1	8	9	2	1	4	3
J0172105	1626.81970112439	0	4	2	7	2011	4	4	2	8	9	2	1	5	2
J0172106	1562.00249591692	1	1	2	7	2011	2	2	1	8	9	2	1	9	3
J0172107	1351.75004133592	0	5	2	7	2011	1	1	1	8	9	2	1	10	-9
J0172109	633.334686752379	1	1	2	7	2011	2	2	1	8	9	2	3	10	4
J0172201	2485.50430907645	1	1	2	7	2011	1	1	1	8	9	2	1	10	-9
J0172204	2831.48375904812	0	5	2	7	2011	1	1	1	8	9	2	1	10	-9
J0172205	4403.21094706656	0	5	2	7	2011	1	1	1	8	9	2	1	10	-9
J0172207	2357.13349927615	0	4	2	7	2011	4	4	2	8	9	2	2	10	2
J0172208	2630.28943111044	1	1	2	7	2011	2	2	1	8	9	2	2	10	3
J0172301	796.121363872163	1	1	2	8	2011	4	4	2	8	9	2	1	5	2
J0172302	614.370362696403	1	1	2	8	2011	4	4	2	8	9	2	1	5	2
J0172303	1450.25372532355	0	5	2	8	2011	1	1	1	8	9	2	1	5	-9
J0172305	1383.31547257049	0	5	2	8	2011	1	1	1	8	9	2	1	8	-9
J0172307	1865.34610651873	0	5	2	8	2011	1	1	1	8	9	2	1	9	-9
J0172309	1520.19952197691	1	1	2	8	2011	1	1	1	8	9	2	1	3	-9
J0172310	1925.66390487244	0	5	2	8	2011	1	1	1	8	9	2	1	3	-9
J0172401	1637.37102381372	1	1	2	8	2011	4	4	2	8	9	2	1	7	2
J0172403	1641.98848602381	1	1	2	8	2011	2	2	1	8	9	2	1	8	3
J0172404	1303.1157592163	1	1	2	8	2011	1	1	1	8	9	2	1	9	-9
J0172406	994.382032317871	1	1	2	8	2011	1	1	1	8	9	2	1	5	-9
J0172408	2056.64514139472	1	1	2	8	2011	2	2	1	8	9	2	1	7	5
J0173101	4489.05802148914	1	1	3	10	2011	2	2	1	8	9	2	1	5	3
J0173103	2096.87321284863	0	5	3	10	2011	1	1	1	8	9	2	1	10	-9
J0173105	900.204831779114	1	1	3	10	2011	4	4	2	8	9	2	1	7	2
J0173106	4039.50174105911	0	5	3	10	2011	1	1	1	8	9	2	1	10	-9
J0173107	2642.61521787845	0	4	3	10	2011	1	1	1	8	9	2	1	10	-9
J0173109	1494.94098776279	1	1	3	10	2011	2	2	1	8	9	2	1	10	3
J0173201	2757.08259590353	1	1	3	10	2011	1	1	1	8	9	2	1	10	-9
J0173205	2238.73355611346	0	5	3	10	2011	1	1	1	8	9	2	2	9	-9
J0173206	770.7153626103	1	1	3	10	2011	4	4	2	8	9	2	2	9	2
J0173208	1958.11727734274	0	4	3	10	2011	1	1	1	8	9	2	2	10	-9
J0173301	2040.83330356631	0	5	3	11	2011	1	1	1	8	9	2	1	10	-9
J0173304	2072.71552829786	0	5	3	11	2011	1	1	1	8	9	2	1	10	-9
J0173305	1732.37731259845	1	1	3	11	2011	1	1	1	8	9	2	1	10	-9
J0173308	1005.1784556872	0	5	3	11	2011	1	1	1	8	9	2	1	8	-9
J0173402	1638.4037354322	1	1	3	11	2011	2	2	1	8	9	2	1	10	3
J0173403	2296.62334351748	0	4	3	11	2011	1	1	1	8	9	2	1	10	-9
J0173405	1142.79244702719	0	5	3	11	2011	1	1	1	8	9	2	1	8	-9
J0173406	1434.77275707006	0	5	3	11	2011	1	1	1	8	9	2	1	10	-9
J0173408	884.265189719329	1	1	3	11	2011	2	2	1	8	9	2	3	10	3
J0174101	1858.57395999511	1	1	4	1	2012	2	2	1	8	9	2	1	10	3
J0174102	2178.51633933981	0	5	4	1	2012	1	1	1	8	9	2	1	8	-9
J0174105	1307.64085458935	0	4	4	1	2012	1	1	1	8	9	2	1	2	-9
J0174107	1557.05034956382	0	5	4	1	2012	1	1	1	8	9	2	1	8	-9
J0174108	2793.59259647663	1	1	4	1	2012	1	1	1	8	9	2	1	9	-9
J0174201	927.342121657177	1	1	4	1	2012	2	2	1	8	9	2	1	8	4
J0174202	4055.34796565001	1	1	4	1	2012	2	2	1	8	9	2	1	5	3
J0174203	2603.64293566117	0	5	4	1	2012	1	1	1	8	9	2	1	8	-9
J0174204	788.04711141836	0	4	4	1	2012	2	2	1	8	9	2	1	8	5
J0174205	1420.88816429272	1	1	4	1	2012	2	2	1	8	9	2	1	9	4
J0174206	1826.66365313704	1	1	4	1	2012	2	2	1	8	9	2	1	6	3
J0174207	1431.04300731114	0	5	4	1	2012	1	1	1	8	9	2	1	8	-9
J0174301	1667.63241695961	1	1	4	2	2012	1	1	1	8	9	2	1	8	-9
J0174305	1406.69444621525	0	4	4	2	2012	4	4	2	8	9	2	1	4	2
J0174306	1396.93594136178	1	1	4	2	2012	1	1	1	8	9	2	1	10	-9
J0174307	1290.46539538186	0	5	4	2	2012	1	1	1	8	9	2	1	10	-9
J0174308	2535.8662775852	0	5	4	2	2012	1	1	1	8	9	2	1	6	-9
J0174309	654.07949818697	0	4	4	2	2012	4	4	2	8	9	2	1	2	2
J0174402	1359.24215571257	0	4	4	2	2012	1	1	1	8	9	2	1	10	-9
J0174403	1268.76497585814	0	5	4	2	2012	1	1	1	8	9	2	1	10	-9
J0174404	1698.57661190998	0	5	4	2	2012	1	1	1	8	9	2	1	10	-9
J0174405	2241.61944692653	1	1	4	2	2012	1	1	1	8	9	2	1	9	-9
J0174406	1472.84522396863	0	5	4	2	2012	1	1	1	8	9	2	1	8	-9
J0174407	2640.79015340158	1	1	4	2	2012	1	1	1	8	9	2	1	10	-9
J0174408	1503.98645899142	1	1	4	2	2012	4	4	2	8	9	2	1	10	2
J0181101	1624.45392414772	1	1	1	4	2011	1	1	1	8	9	2	1	4	-9
J0181103	1841.54750518266	0	4	1	4	2011	2	2	1	8	9	2	1	9	3
J0181105	2336.6238565647	1	1	1	4	2011	1	1	1	8	9	2	1	8	-9
J0181107	1631.3600826455	1	1	1	4	2011	1	1	1	8	9	2	1	8	-9
J0181201	1874.77206327881	0	4	1	4	2011	4	4	2	8	9	2	1	6	2
J0181202	1351.36145415751	1	1	1	4	2011	1	1	1	8	9	2	1	10	-9
J0181203	1522.00093714795	0	5	1	4	2011	1	1	1	8	9	2	1	10	-9
J0181205	1475.73181691156	0	4	1	4	2011	1	1	1	8	9	2	1	10	-9
J0181207	1447.31504450336	0	4	1	4	2011	2	2	1	8	9	2	1	10	4
J0181301	1315.49101034041	0	5	1	5	2011	1	1	1	8	9	2	1	9	-9
J0181304	1911.52207409486	1	1	1	5	2011	1	1	1	8	9	2	1	9	-9
J0181401	1883.87420668617	1	1	1	5	2011	4	4	2	8	9	2	2	7	2
J0181402	1652.64254887562	1	1	1	5	2011	1	1	1	8	9	2	4	7	-9
J0181405	3104.04990822344	0	4	1	5	2011	1	1	1	8	9	2	1	7	-9
J0181406	1603.76048462426	0	5	1	5	2011	1	1	1	8	9	2	1	9	-9
J0181407	1550.49968763668	1	1	1	5	2011	3	3	2	8	9	2	1	6	1
J0182104	1651.3030110794	1	1	2	7	2011	1	1	1	8	9	2	1	9	-9
J0182106	1173.82099727504	1	1	2	7	2011	3	3	2	8	9	2	1	5	1
J0182107	1778.78739100616	0	5	2	7	2011	1	1	1	8	9	2	1	10	-9
J0182108	1932.72012747084	0	5	2	7	2011	1	1	1	8	9	2	1	10	-9
J0182201	1650.18688641794	1	1	2	7	2011	2	2	1	8	9	2	1	10	3
J0182203	1651.3030110794	1	1	2	7	2011	1	1	1	8	9	2	1	9	-9
J0182204	1482.34086179754	0	5	2	7	2011	1	1	1	8	9	2	1	5	-9
J0182206	1780.81822509312	0	5	2	7	2011	1	1	1	8	9	2	1	9	-9
J0182304	2773.49219049684	0	5	2	8	2011	1	1	1	8	9	2	1	9	-9
J0182401	1723.7884252852	0	5	2	8	2011	1	1	1	8	9	2	1	9	-9
J0182402	1650.09233705987	1	1	2	8	2011	1	1	1	8	9	2	1	9	-9
J0182403	1458.91632100412	0	5	2	8	2011	1	1	1	8	9	2	1	9	-9
J0182404	1213.36344339975	0	5	2	8	2011	1	1	1	8	9	2	1	9	-9
J0182405	2350.85600778175	1	1	2	8	2011	2	2	1	8	9	2	1	8	3
J0182406	1387.06732553269	1	1	2	8	2011	3	3	2	8	9	2	1	7	1
J0183101	1525.94426585616	0	5	3	10	2011	1	1	1	8	9	2	1	8	-9
J0183102	2827.73217318404	1	1	3	10	2011	2	2	1	8	9	2	1	10	3
J0183106	2741.30778111402	0	5	3	10	2011	1	1	1	8	9	2	1	10	-9
J0183201	2360.61622295384	0	5	3	10	2011	1	1	1	8	9	2	1	10	-9
J0183207	1788.41675809844	0	4	3	10	2011	1	1	1	8	9	2	1	10	-9
J0183301	1701.04120257652	0	4	3	11	2011	1	1	1	8	9	2	1	10	-9
J0183303	728.19860742824	1	1	3	11	2011	4	4	2	8	9	2	1	4	2
J0183304	1781.13613180402	0	5	3	11	2011	1	1	1	8	9	2	1	6	-9
J0183305	889.792526043995	0	5	3	11	2011	1	1	1	8	9	2	1	5	-9
J0183401	1675.12824938851	0	5	3	11	2011	1	1	1	8	9	2	1	10	-9
J0183405	1427.29614980342	1	1	3	11	2011	1	1	1	8	9	2	2	10	-9
J0184101	1363.23839466352	0	5	4	1	2012	1	1	1	8	9	2	1	9	-9
J0184102	2162.29870286815	1	1	4	1	2012	2	2	1	8	9	2	1	7	3
J0184103	1566.26014352259	1	1	4	1	2012	1	1	1	8	9	2	1	4	-9
J0184105	1516.22234735216	1	1	4	1	2012	1	1	1	8	9	2	1	8	-9
J0184106	1698.06202100071	0	5	4	1	2012	1	1	1	8	9	2	1	6	-9
J0184202	1744.76608981647	0	5	4	1	2012	1	1	1	8	9	2	1	4	-9
J0184203	1718.01285459585	1	1	4	1	2012	1	1	1	8	9	2	1	6	-9
J0184206	1401.15797754705	0	4	4	1	2012	1	1	1	8	9	2	1	5	-9
J0184301	2046.63005855694	0	5	4	2	2012	1	1	1	8	9	2	1	10	-9
J0184303	2518.94914153229	1	1	4	2	2012	2	2	1	8	9	2	1	10	3
J0184304	1545.13447447931	1	1	4	2	2012	3	3	2	8	9	2	1	4	1
J0184305	6232.48542834998	1	1	4	2	2012	2	2	1	8	9	2	1	9	3
J0184306	1515.88030018845	0	5	4	2	2012	1	1	1	8	9	2	1	9	-9
J0184404	2555.32416601264	0	5	4	2	2012	1	1	1	8	9	2	2	10	-9
J0184405	2077.9166560714	0	5	4	2	2012	1	1	1	8	9	2	1	10	-9
J0184407	2116.23570102433	1	1	4	2	2012	2	2	1	8	9	2	4	7	3
J0191101	1697.39406552239	0	5	1	4	2011	1	1	1	8	9	2	4	7	-9
J0191104	1082.9939769093	0	4	1	4	2011	4	4	2	8	9	2	1	8	2
J0191105	865.489752336746	0	5	1	4	2011	1	1	1	8	9	2	1	8	-9
J0191106	1473.06770762498	1	1	1	4	2011	1	1	1	8	9	2	1	10	-9
J0191108	748.983208549537	1	1	1	4	2011	1	1	1	8	9	2	1	9	-9
J0191109	1511.47177451843	1	1	1	4	2011	1	1	1	8	9	2	1	9	-9
J0191110	1371.74398986662	0	4	1	4	2011	4	4	2	8	9	2	1	8	2
J0191111	1492.31829899374	1	1	1	4	2011	2	2	1	8	9	2	1	8	3
J0191201	2080.04795495936	1	1	1	4	2011	2	2	1	8	9	2	1	10	4
J0191205	775.05192871133	1	1	1	4	2011	2	2	1	8	9	2	4	8	5
J0191210	766.382488203835	1	1	1	4	2011	4	4	2	8	9	2	2	5	2
J0191302	1201.49543898938	1	1	1	5	2011	1	1	1	8	9	2	1	9	-9
J0191303	1758.76697130525	0	5	1	5	2011	1	1	1	8	9	2	1	9	-9
J0191307	2498.30223219261	0	5	1	5	2011	1	1	1	8	9	2	3	8	-9
J0191308	1111.44031768775	0	4	1	5	2011	2	2	1	8	9	2	3	9	3
J0191310	1676.55162753875	0	5	1	5	2011	1	1	1	8	9	2	3	9	-9
J0191311	1501.57564915008	1	1	1	5	2011	1	1	1	8	9	2	3	9	-9
J0191402	998.885143045993	1	1	1	5	2011	1	1	1	8	9	2	1	3	-9
J0191404	1713.64261054162	1	1	1	5	2011	1	1	1	8	9	2	1	7	-9
J0191407	1776.13098606845	0	5	1	5	2011	1	1	1	8	9	2	1	8	-9
J0192101	2265.64667818772	0	5	2	7	2011	1	1	1	8	9	2	1	4	-9
J0192103	1526.7900238468	1	1	2	7	2011	1	1	1	8	9	2	1	10	-9
J0192104	759.55057341901	1	1	2	7	2011	3	3	2	8	9	2	1	6	1
J0192107	1481.59505831948	0	4	2	7	2011	1	1	1	8	9	2	1	8	-9
J0192108	1117.56566343031	0	5	2	7	2011	1	1	1	8	9	2	1	10	-9
J0192202	1493.25527731238	0	5	2	7	2011	1	1	1	8	9	2	1	10	-9
J0192206	1739.25628118652	1	1	2	7	2011	1	1	1	8	9	2	1	5	-9
J0192207	1933.00966665388	0	5	2	7	2011	1	1	1	8	9	2	1	9	-9
J0192209	1477.10300331502	0	5	2	7	2011	1	1	1	8	9	2	2	10	-9
J0192301	1271.04416659155	1	1	2	8	2011	3	3	2	8	9	2	1	9	1
J0192302	845.117885024344	1	1	2	8	2011	2	2	1	8	9	2	1	9	3
J0192303	1768.30948684434	1	1	2	8	2011	3	3	2	8	9	2	1	8	1
J0192304	3127.94887755924	0	4	2	8	2011	2	2	1	8	9	2	1	10	5
J0192306	1420.28013284627	1	1	2	8	2011	1	1	1	8	9	2	1	10	-9
J0192308	2242.58388913538	0	5	2	8	2011	1	1	1	8	9	2	2	8	-9
J0192401	1675.97828813564	0	5	2	8	2011	1	1	1	8	9	2	4	8	-9
J0192403	1696.37084430218	0	5	2	8	2011	1	1	1	8	9	2	2	9	-9
J0192408	1654.34743394444	0	5	2	8	2011	1	1	1	8	9	2	2	7	-9
J0192409	1409.55866134333	1	1	2	8	2011	1	1	1	8	9	2	2	7	-9
J0193101	1764.50488195465	0	5	3	10	2011	1	1	1	8	9	2	1	9	-9
J0193102	1686.56700000978	0	5	3	10	2011	1	1	1	8	9	2	1	8	-9
J0193103	1692.16543997912	0	4	3	10	2011	1	1	1	8	9	2	1	3	-9
J0193104	2324.18754316312	0	5	3	10	2011	1	1	1	8	9	2	1	5	-9
J0193105	1364.53092926398	0	4	3	10	2011	1	1	1	8	9	2	1	6	-9
J0193106	1608.71069782827	0	4	3	10	2011	2	2	1	8	9	2	1	5	3
J0193110	2219.58799833381	0	4	3	10	2011	1	1	1	8	9	2	1	10	-9
J0193204	1535.93765416179	0	5	3	10	2011	1	1	1	8	9	2	1	8	-9
J0193206	1076.01736491696	1	1	3	10	2011	3	3	2	8	9	2	1	4	1
J0193207	1845.20010982211	0	5	3	10	2011	1	1	1	8	9	2	1	5	-9
J0193210	1480.62772878874	1	1	3	10	2011	1	1	1	8	9	2	1	10	-9
J0193301	1658.71283805873	0	5	3	11	2011	1	1	1	8	9	2	1	9	-9
J0193303	2043.73217464169	1	1	3	11	2011	1	1	1	8	9	2	1	10	-9
J0193304	1045.15837109329	0	5	3	11	2011	1	1	1	8	9	2	1	10	-9
J0193305	1240.43749857738	1	1	3	11	2011	3	3	2	8	9	2	1	8	1
J0193307	1530.68158389449	0	5	3	11	2011	3	3	2	8	9	2	1	10	1
J0193401	1522.5357717891	1	1	3	11	2011	1	1	1	8	9	2	1	10	-9
J0193402	1228.43095650175	1	1	3	11	2011	2	2	1	8	9	2	1	4	3
J0193404	2470.44713794441	1	1	3	11	2011	2	2	1	8	9	2	1	7	4
J0193406	1832.11093930922	1	1	3	11	2011	2	2	1	8	9	2	1	7	3
J0193408	2101.22210710811	0	5	3	11	2011	1	1	1	8	9	2	1	8	-9
J0193411	1638.96578256119	0	4	3	11	2011	1	1	1	8	9	2	3	10	-9
J0193412	603.596514545492	1	1	3	11	2011	2	2	1	8	9	2	3	7	5
J0194104	1569.95172560569	0	4	4	1	2012	1	1	1	8	9	2	2	6	-9
J0194109	1536.98046155489	1	1	4	1	2012	1	1	1	8	9	2	4	10	-9
J0194202	832.401253353363	1	1	4	1	2012	1	1	1	8	9	2	1	5	-9
J0194204	1641.64080826146	0	5	4	1	2012	3	3	2	8	9	2	4	10	1
J0194207	2153.47941143119	1	1	4	1	2012	1	1	1	8	9	2	1	10	-9
J0194210	1603.64520910105	0	4	4	1	2012	1	1	1	8	9	2	2	10	-9
J0194302	2033.33777887645	0	4	4	2	2012	2	2	1	8	9	2	1	9	3
J0194303	1548.01081404698	0	5	4	2	2012	1	1	1	8	9	2	1	8	-9
J0194304	1221.41514855346	0	4	4	2	2012	1	1	1	8	9	2	1	10	-9
J0194307	1244.18261818167	0	5	4	2	2012	1	1	1	8	9	2	1	10	-9
J0194308	2033.41569350723	0	5	4	2	2012	1	1	1	8	9	2	1	10	-9
J0194402	1397.20063622528	1	1	4	2	2012	3	3	2	8	9	2	1	4	1
J0194403	2126.62327134612	1	1	4	2	2012	2	2	1	8	9	2	1	5	3
J0194404	1865.97762274702	1	1	4	2	2012	2	2	1	8	9	2	1	5	3
J0194406	1317.4483044378	0	4	4	2	2012	1	1	1	8	9	2	1	9	-9
J0194409	1011.65269940893	1	1	4	2	2012	3	3	2	8	9	2	1	9	1
J0194410	1870.81616099019	0	5	4	2	2012	1	1	1	8	9	2	1	9	-9
J0194411	2035.70605085834	0	4	4	2	2012	1	1	1	8	9	2	1	10	-9
J0201101	989.601163704396	1	1	1	4	2011	4	4	2	8	9	2	1	2	2
J0201103	1563.95761229881	1	1	1	4	2011	1	1	1	8	9	2	1	7	-9
J0201104	2383.92427300484	0	5	1	4	2011	1	1	1	8	9	2	1	8	-9
J0201105	1304.63866370801	0	4	1	4	2011	1	1	1	8	9	2	1	8	-9
J0201106	1926.38131417629	0	5	1	4	2011	1	1	1	8	9	2	1	9	-9
J0201108	1590.75370586558	0	5	1	4	2011	1	1	1	8	9	2	1	6	-9
J0201201	815.429188733728	1	1	1	4	2011	3	3	2	8	9	2	1	4	1
J0201203	1890.00621099942	1	1	1	4	2011	1	1	1	8	9	2	3	6	-9
J0201204	1593.53418573058	0	5	1	4	2011	1	1	1	8	9	2	1	6	-9
J0201205	1580.49727675975	1	1	1	4	2011	1	1	1	8	9	2	1	6	-9
J0201208	2477.70189908292	1	1	1	4	2011	2	2	1	8	9	2	1	3	3
J0201209	1569.87953552654	1	1	1	4	2011	1	1	1	8	9	2	1	5	-9
J0201301	1678.02201531244	0	4	1	5	2011	1	1	1	8	9	2	1	2	-9
J0201305	1915.54666977075	0	4	1	5	2011	1	1	1	8	9	2	1	7	-9
J0201306	1416.00684589586	0	5	1	5	2011	1	1	1	8	9	2	1	6	-9
J0201308	1993.09683288633	0	5	1	5	2011	1	1	1	8	9	2	1	6	-9
J0201309	1740.51934250787	1	1	1	5	2011	1	1	1	8	9	2	1	9	-9
J0201310	1600.15688876558	0	5	1	5	2011	1	1	1	8	9	2	1	8	-9
J0201311	1549.22548244022	1	1	1	5	2011	1	1	1	8	9	2	1	9	-9
J0201312	1266.84983650868	0	4	1	5	2011	1	1	1	8	9	2	1	9	-9
J0201403	1433.88369681382	0	5	1	5	2011	1	1	1	8	9	2	3	5	-9
J0201405	1954.85878428381	1	1	1	5	2011	2	2	1	8	9	2	1	6	4
J0201406	735.096810543638	1	1	1	5	2011	4	4	2	8	9	2	1	3	2
J0201407	1682.83873063975	0	5	1	5	2011	1	1	1	8	9	2	1	1	-9
J0201408	1578.42244185699	1	1	1	5	2011	1	1	1	8	9	2	1	3	-9
J0201411	1635.21717197288	1	1	1	5	2011	1	1	1	8	9	2	2	6	-9
J0202104	1827.80846701285	0	4	2	7	2011	1	1	1	8	9	2	1	3	-9
J0202105	1323.20500284391	0	4	2	7	2011	4	4	2	8	9	2	1	2	2
J0202108	2917.31663847097	0	4	2	7	2011	1	1	1	8	9	2	1	8	-9
J0202109	975.019293730584	0	5	2	7	2011	1	1	1	8	9	2	1	2	-9
J0202110	2044.54631314472	0	4	2	7	2011	1	1	1	8	9	2	1	2	-9
J0202111	1679.86691733204	0	4	2	7	2011	4	4	2	8	9	2	1	3	2
J0202112	2623.75520017115	0	4	2	7	2011	1	1	1	8	9	2	1	8	-9
J0202113	2904.34331388073	0	5	2	7	2011	1	1	1	8	9	2	1	5	-9
J0202114	2331.43539392591	0	5	2	7	2011	1	1	1	8	9	2	1	2	-9
J0202203	2795.06247186185	0	4	2	7	2011	1	1	1	8	9	2	1	7	-9
J0202207	2324.9058616325	0	4	2	7	2011	4	4	2	8	9	2	1	5	2
J0202208	2230.79835013113	0	5	2	7	2011	1	1	1	8	9	2	1	10	-9
J0202210	1985.08506913658	0	4	2	7	2011	1	1	1	8	9	2	1	7	-9
J0202212	1325.30690643551	1	1	2	7	2011	4	4	2	8	9	2	1	1	2
J0202302	1902.13947324018	1	1	2	8	2011	2	2	1	8	9	2	1	3	3
J0202304	834.547183967156	1	1	2	8	2011	4	4	2	8	9	2	1	1	2
J0202305	1899.27730968591	0	5	2	8	2011	1	1	1	8	9	2	1	5	-9
J0202307	762.062210320954	1	1	2	8	2011	4	4	2	8	9	2	1	2	2
J0202308	767.440221247061	1	1	2	8	2011	4	4	2	8	9	2	1	2	2
J0202310	828.701822327608	0	5	2	8	2011	1	1	1	8	9	2	1	2	-9
J0202403	1509.81188186656	1	1	2	8	2011	1	1	1	8	9	2	1	4	-9
J0202406	1596.93226401743	0	5	2	8	2011	1	1	1	8	9	2	1	5	-9
J0202408	2111.93499111733	1	1	2	8	2011	1	1	1	8	9	2	1	3	-9
J0202409	2162.39143933785	0	5	2	8	2011	1	1	1	8	9	2	1	4	-9
J0202410	1322.51791725968	0	4	2	8	2011	1	1	1	8	9	2	1	6	-9
J0203103	1650.17992526881	1	1	3	10	2011	1	1	1	8	9	2	1	9	-9
J0203105	1901.04062073221	1	1	3	10	2011	2	2	1	8	9	2	1	7	3
J0203109	1626.84046723593	0	5	3	10	2011	1	1	1	8	9	2	1	1	-9
J0203201	1783.62424838932	1	1	3	10	2011	1	1	1	8	9	2	1	8	-9
J0203202	1648.71348082014	1	1	3	10	2011	4	4	2	8	9	2	2	6	2
J0203205	1531.36352279969	0	5	3	10	2011	1	1	1	8	9	2	1	9	-9
J0203206	1862.18360321481	1	1	3	10	2011	1	1	1	8	9	2	3	8	-9
J0203207	609.474498954273	0	5	3	10	2011	4	4	2	8	9	2	1	4	2
J0203208	1535.72659986524	1	1	3	10	2011	1	1	1	8	9	2	1	8	-9
J0203209	1535.48950918685	0	5	3	10	2011	1	1	1	8	9	2	1	8	-9
J0203210	1226.10123941184	0	5	3	10	2011	1	1	1	8	9	2	1	9	-9
J0203301	2314.46547786134	0	5	3	11	2011	1	1	1	8	9	2	2	6	-9
J0203305	2230.35872895482	0	5	3	11	2011	1	1	1	8	9	2	3	8	-9
J0203309	2452.89812823227	0	4	3	11	2011	1	1	1	8	9	2	3	8	-9
J0203311	2446.5750607188	0	5	3	11	2011	1	1	1	8	9	2	4	6	-9
J0203403	3023.60893901574	0	4	3	11	2011	1	1	1	8	9	2	1	3	-9
J0203407	2063.56562131687	0	5	3	11	2011	1	1	1	8	9	2	1	8	-9
J0203408	1231.63891196314	1	1	3	11	2011	3	3	2	8	9	2	1	5	1
J0203410	3276.98388922404	0	5	3	11	2011	1	1	1	8	9	2	1	6	-9
J0204101	4366.33013141334	0	5	4	1	2012	1	1	1	8	9	2	1	9	-9
J0204102	4792.43954159204	0	4	4	1	2012	1	1	1	8	9	2	1	6	-9
J0204103	2214.79055112885	0	5	4	1	2012	1	1	1	8	9	2	1	9	-9
J0204108	2438.80729286894	0	5	4	1	2012	1	1	1	8	9	2	1	7	-9
J0204201	1480.20620646609	0	4	4	1	2012	1	1	1	8	9	2	1	8	-9
J0204202	1777.27773616754	1	1	4	1	2012	2	2	1	8	9	2	1	7	3
J0204203	3684.95675182811	0	4	4	1	2012	1	1	1	8	9	2	3	5	-9
J0204208	2168.64351442949	0	4	4	1	2012	1	1	1	8	9	2	1	8	-9
J0204210	1966.41686632184	0	5	4	1	2012	1	1	1	8	9	2	1	4	-9
J0204302	1597.82529920246	0	4	4	2	2012	1	1	1	8	9	2	4	6	-9
J0204305	1030.37995334121	0	4	4	2	2012	1	1	1	8	9	2	4	6	-9
J0204306	2841.23148383353	0	5	4	2	2012	1	1	1	8	9	2	1	6	-9
J0204307	2337.56113087505	0	4	4	2	2012	1	1	1	8	9	2	1	10	-9
J0204308	1136.61904582625	0	5	4	2	2012	1	1	1	8	9	2	1	3	-9
J0204309	2570.66589344213	0	5	4	2	2012	1	1	1	8	9	2	1	7	-9
J0204310	888.227216140208	0	4	4	2	2012	1	1	1	8	9	2	1	7	-9
J0204312	1921.35557932117	0	4	4	2	2012	1	1	1	8	9	2	1	6	-9
J0204313	1415.44803828968	0	5	4	2	2012	1	1	1	8	9	2	2	5	-9
J0204314	1746.38414219979	0	5	4	2	2012	1	1	1	8	9	2	4	6	-9
J0204315	2406.24723034519	0	4	4	2	2012	1	1	1	8	9	2	4	6	-9
J0204403	1512.72778547705	0	5	4	2	2012	1	1	1	8	9	2	3	6	-9
J0204404	1781.13613180402	0	5	4	2	2012	1	1	1	8	9	2	4	7	-9
J0204408	1162.50712077787	0	5	4	2	2012	1	1	1	8	9	2	3	8	-9
J0204409	1370.77598071053	0	5	4	2	2012	1	1	1	8	9	2	4	6	-9
J0204410	1347.93236971672	0	4	4	2	2012	4	4	2	8	9	2	4	9	2
J0211101	1811.25017525289	1	1	1	4	2011	1	1	1	8	9	2	2	10	-9
J0211102	1797.68207840007	0	5	1	4	2011	1	1	1	8	9	2	1	10	-9
J0211104	1950.85288334519	0	5	1	4	2011	1	1	1	8	9	2	3	9	-9
J0211106	1508.5040453072	0	5	1	4	2011	1	1	1	8	9	2	2	10	-9
J0211108	818.194422129423	1	1	1	4	2011	4	4	2	8	9	2	2	6	2
J0211202	910.86905559344	1	1	1	4	2011	4	4	2	8	9	2	1	5	2
J0211203	1567.73633973524	1	1	1	4	2011	2	2	1	8	9	2	1	5	3
J0211204	1877.35173078387	0	5	1	4	2011	1	1	1	8	9	2	1	5	-9
J0211205	1597.45883643999	1	1	1	4	2011	1	1	1	8	9	2	1	5	-9
J0211206	1594.20888915076	0	5	1	4	2011	1	1	1	8	9	2	1	4	-9
J0211207	1451.91486221982	1	1	1	4	2011	1	1	1	8	9	2	1	9	-9
J0211209	1710.72414351934	1	1	1	4	2011	1	1	1	8	9	2	2	10	-9
J0211303	1440.69436869085	0	5	1	5	2011	1	1	1	8	9	2	1	10	-9
J0211304	2061.49755607902	0	4	1	5	2011	1	1	1	8	9	2	1	7	-9
J0211306	2385.58565502126	0	4	1	5	2011	1	1	1	8	9	2	1	9	-9
J0211307	1749.61399558815	0	5	1	5	2011	1	1	1	8	9	2	1	8	-9
J0211401	2783.11378989879	1	1	1	5	2011	1	1	1	8	9	2	1	10	-9
J0211402	1236.94473788422	0	5	1	5	2011	1	1	1	8	9	2	1	10	-9
J0211404	1770.28937649201	1	1	1	5	2011	2	2	1	8	9	2	1	10	3
J0211405	1491.33817481242	0	5	1	5	2011	1	1	1	8	9	2	1	10	-9
J0211406	1373.37535146265	1	1	1	5	2011	1	1	1	8	9	2	1	9	-9
J0211408	1840.99042033287	0	4	1	5	2011	1	1	1	8	9	2	1	6	-9
J0212105	3939.05964937756	0	5	2	7	2011	1	1	1	8	9	2	1	4	-9
J0212109	2706.5270376777	0	4	2	7	2011	1	1	1	8	9	2	1	2	-9
J0212201	1784.17920078406	0	5	2	7	2011	1	1	1	8	9	2	1	5	-9
J0212202	1992.67486450799	0	4	2	7	2011	1	1	1	8	9	2	1	4	-9
J0212203	1043.29327286062	1	1	2	7	2011	4	4	2	8	9	2	1	2	2
J0212208	1812.23687524565	0	5	2	7	2011	1	1	1	8	9	2	1	2	-9
J0212301	1513.31443006127	1	1	2	8	2011	2	2	1	8	9	2	1	6	3
J0212302	1870.24074366765	1	1	2	8	2011	1	1	1	8	9	2	1	6	-9
J0212303	1601.30579868984	1	1	2	8	2011	2	2	1	8	9	2	1	3	3
J0212304	1948.50954806825	0	4	2	8	2011	1	1	1	8	9	2	1	2	-9
J0212305	938.590444056744	0	4	2	8	2011	2	2	1	8	9	2	1	4	3
J0212306	2261.62353994224	0	4	2	8	2011	1	1	1	8	9	2	1	6	-9
J0212307	1604.17326048532	1	1	2	8	2011	2	2	1	8	9	2	1	6	4
J0212308	1793.17477113652	0	5	2	8	2011	1	1	1	8	9	2	1	6	-9
J0212401	1415.15305769472	1	1	2	8	2011	1	1	1	8	9	2	1	6	-9
J0212402	1807.50786251963	1	1	2	8	2011	2	2	1	8	9	2	1	5	3
J0212403	2198.40062903207	1	1	2	8	2011	1	1	1	8	9	2	1	3	-9
J0212404	4245.63763946641	1	1	2	8	2011	2	2	1	8	9	2	1	7	3
J0212405	1579.0140185799	1	1	2	8	2011	1	1	1	8	9	2	1	8	-9
J0213101	919.217419367243	1	1	3	10	2011	1	1	1	8	9	2	1	2	-9
J0213104	4217.9563794143	0	5	3	10	2011	1	1	1	8	9	2	1	6	-9
J0213105	1494.3965592788	0	5	3	10	2011	1	1	1	8	9	2	1	5	-9
J0213106	1311.80765902758	1	1	3	10	2011	1	1	1	8	9	2	1	9	-9
J0213109	741.129482623195	0	5	3	10	2011	1	1	1	8	9	2	1	5	-9
J0213201	1655.92412601789	0	5	3	10	2011	1	1	1	8	9	2	1	9	-9
J0213202	1770.00862754205	0	4	3	10	2011	1	1	1	8	9	2	2	10	-9
J0213204	2107.14592009531	0	4	3	10	2011	1	1	1	8	9	2	2	10	-9
J0213206	1201.80722527004	0	5	3	10	2011	1	1	1	8	9	2	2	8	-9
J0213207	1584.33557884539	0	4	3	10	2011	1	1	1	8	9	2	2	10	-9
J0213302	1506.71717507597	0	5	3	11	2011	1	1	1	8	9	2	2	7	-9
J0213304	1522.39320461837	0	5	3	11	2011	1	1	1	8	9	2	2	10	-9
J0213403	1894.8623503879	0	5	3	11	2011	1	1	1	8	9	2	4	7	-9
J0213408	2974.16406987734	0	5	3	11	2011	1	1	1	8	9	2	2	10	-9
J0214102	2763.19994036552	1	1	4	1	2012	1	1	1	8	9	2	1	10	-9
J0214104	4472.9730539608	0	5	4	1	2012	1	1	1	8	9	2	1	8	-9
J0214106	4531.45660181053	0	5	4	1	2012	1	1	1	8	9	2	1	7	-9
J0214107	1351.4423916697	0	4	4	1	2012	1	1	1	8	9	2	1	2	-9
J0214201	2625.7437045222	0	5	4	1	2012	1	1	1	8	9	2	1	2	-9
J0214204	1440.35127613729	0	5	4	1	2012	1	1	1	8	9	2	1	6	-9
J0214205	1477.77200649842	0	4	4	1	2012	1	1	1	8	9	2	1	7	-9
J0214206	2511.15986913808	0	5	4	1	2012	1	1	1	8	9	2	1	7	-9
J0214207	2433.66941454783	0	5	4	1	2012	1	1	1	8	9	2	1	8	-9
J0214302	2320.83560135537	0	4	4	2	2012	1	1	1	8	9	2	1	6	-9
J0214306	1454.11564388372	0	5	4	2	2012	1	1	1	8	9	2	1	9	-9
J0214307	1900.26153625494	0	4	4	2	2012	1	1	1	8	9	2	1	10	-9
J0214401	1739.66862229146	0	5	4	2	2012	1	1	1	8	9	2	1	7	-9
J0214402	1652.32687925046	0	5	4	2	2012	1	1	1	8	9	2	1	7	-9
J0214403	1597.6390370501	0	4	4	2	2012	1	1	1	8	9	2	1	6	-9
J0214404	1325.89214857281	0	5	4	2	2012	1	1	1	8	9	2	1	6	-9
J0214405	1651.02821924676	0	4	4	2	2012	1	1	1	8	9	2	1	10	-9
J0221102	1845.95953069868	1	1	1	4	2011	1	1	1	8	9	2	4	10	-9
J0221106	1404.69045102384	1	1	1	4	2011	4	4	2	8	9	2	3	7	2
J0221107	608.289071625953	1	1	1	4	2011	4	4	2	8	9	2	3	9	2
J0221108	1854.51898825585	1	1	1	4	2011	2	2	1	8	9	2	4	7	5
J0221109	2110.47014511649	1	1	1	4	2011	2	2	1	8	9	2	4	7	3
J0221201	1650.17992526881	0	5	1	4	2011	1	1	1	8	9	2	3	10	-9
J0221203	2077.21621646486	0	5	1	4	2011	1	1	1	8	9	2	1	10	-9
J0221204	1491.99599886919	0	4	1	4	2011	1	1	1	8	9	2	1	8	-9
J0221205	938.196773647886	1	1	1	4	2011	4	4	2	8	9	2	1	9	2
J0221206	686.69665401329	1	1	1	4	2011	4	4	2	8	9	2	1	4	2
J0221207	1937.34589907794	0	4	1	4	2011	1	1	1	8	9	2	1	9	-9
J0221302	1792.82277506314	0	5	1	5	2011	1	1	1	8	9	2	1	10	-9
J0221303	1429.74044025953	0	4	1	5	2011	1	1	1	8	9	2	1	10	-9
J0221308	1583.77903523802	0	4	1	5	2011	1	1	1	8	9	2	1	10	-9
J0221401	1257.02491521686	0	5	1	5	2011	1	1	1	8	9	2	1	10	-9
J0221402	1747.55825343242	1	1	1	5	2011	1	1	1	8	9	2	1	10	-9
J0221403	1661.29286065721	0	4	1	5	2011	4	4	2	8	9	2	1	10	2
J0221404	1573.28570762002	0	4	1	5	2011	1	1	1	8	9	2	1	9	-9
J0221405	1689.19343148607	0	5	1	5	2011	1	1	1	8	9	2	1	10	-9
J0221407	780.978004403621	0	4	1	5	2011	4	4	2	8	9	2	1	6	2
J0222101	1989.48078626408	1	1	2	7	2011	1	1	1	8	9	2	1	10	-9
J0222103	1258.06785331403	1	1	2	7	2011	1	1	1	8	9	2	1	10	-9
J0222105	828.476729460984	1	1	2	7	2011	4	4	2	8	9	2	1	5	2
J0222106	1868.23674833981	1	1	2	7	2011	2	2	1	8	9	2	1	10	3
J0222107	1424.75854689925	1	1	2	7	2011	1	1	1	8	9	2	1	6	-9
J0222204	721.020521979113	1	1	2	7	2011	4	4	2	8	9	2	1	10	2
J0222205	1757.56564775501	0	4	2	7	2011	4	4	2	8	9	2	1	9	2
J0222206	1479.32696377948	1	1	2	7	2011	1	1	1	8	9	2	1	9	-9
J0222207	2168.58862349003	1	1	2	7	2011	2	2	1	8	9	2	1	10	3
J0222208	1559.90648823771	0	4	2	7	2011	1	1	1	8	9	2	1	10	-9
J0222209	1637.21200036438	0	5	2	7	2011	1	1	1	8	9	2	1	10	-9
J0222301	1389.68396288637	0	5	2	8	2011	1	1	1	8	9	2	1	10	-9
J0222302	1458.22538277174	0	5	2	8	2011	1	1	1	8	9	2	1	10	-9
J0222303	1954.60669274504	1	1	2	8	2011	1	1	1	8	9	2	1	6	-9
J0222304	1777.27145906465	0	5	2	8	2011	1	1	1	8	9	2	1	8	-9
J0222305	1866.86277340635	1	1	2	8	2011	2	2	1	8	9	2	1	8	4
J0222401	2991.6786592322	1	1	2	8	2011	1	1	1	8	9	2	1	10	-9
J0222403	2550.78036426898	1	1	2	8	2011	2	2	1	8	9	2	1	8	3
J0222404	1345.49864710127	0	5	2	8	2011	1	1	1	8	9	2	1	8	-9
J0222405	3395.43937953706	1	1	2	8	2011	1	1	1	8	9	2	1	8	-9
J0222406	2035.13198354795	0	5	2	8	2011	1	1	1	8	9	2	1	10	-9
J0222407	1380.27082018133	0	5	2	8	2011	1	1	1	8	9	2	1	9	-9
J0222409	1571.6449574515	0	5	2	8	2011	1	1	1	8	9	2	2	4	-9
J0223102	1310.26203365449	0	5	3	10	2011	1	1	1	8	9	2	1	10	-9
J0223107	1683.67339236665	0	5	3	10	2011	1	1	1	8	9	2	1	10	-9
J0223201	1490.13851035086	0	4	3	10	2011	4	4	2	8	9	2	1	4	2
J0223202	1825.6194069931	1	1	3	10	2011	2	2	1	8	9	2	1	4	3
J0223204	844.364127130256	1	1	3	10	2011	4	4	2	8	9	2	1	6	2
J0223205	1303.99252724708	0	5	3	10	2011	1	1	1	8	9	2	1	10	-9
J0223208	1680.78838756629	0	5	3	10	2011	1	1	1	8	9	2	1	10	-9
J0223301	1615.74208194481	1	1	3	11	2011	2	2	1	8	9	2	1	8	5
J0223303	969.80352358904	1	1	3	11	2011	1	1	1	8	9	2	1	10	-9
J0223306	1374.80528457743	1	1	3	11	2011	1	1	1	8	9	2	1	6	-9
J0223307	1387.1490168122	0	5	3	11	2011	1	1	1	8	9	2	1	8	-9
J0223401	1431.13138181807	1	1	3	11	2011	4	4	2	8	9	2	1	10	2
J0223403	1556.40615466406	0	5	3	11	2011	1	1	1	8	9	2	1	8	-9
J0223404	1674.85130911184	1	1	3	11	2011	4	4	2	8	9	2	1	10	2
J0223406	1569.11681067757	1	1	3	11	2011	1	1	1	8	9	2	1	10	-9
J0224101	2031.31409090245	1	1	4	1	2012	4	4	2	8	9	2	1	9	2
J0224102	1471.16361237336	1	1	4	1	2012	2	2	1	8	9	2	1	7	3
J0224103	2073.00106585789	1	1	4	1	2012	1	1	1	8	9	2	1	5	-9
J0224104	1301.09090031088	0	5	4	1	2012	1	1	1	8	9	2	1	10	-9
J0224107	1653.10401904601	0	5	4	1	2012	1	1	1	8	9	2	1	10	-9
J0224201	1419.66448905561	0	5	4	1	2012	1	1	1	8	9	2	1	10	-9
J0224203	2328.85917217986	1	1	4	1	2012	1	1	1	8	9	2	1	10	-9
J0224206	1408.19683019046	1	1	4	1	2012	4	4	2	8	9	2	1	3	2
J0224208	1372.28780792991	1	1	4	1	2012	1	1	1	8	9	2	1	4	-9
J0224301	1628.78379154862	0	5	4	2	2012	1	1	1	8	9	2	1	10	-9
J0224304	1222.78241444079	0	5	4	2	2012	1	1	1	8	9	2	1	10	-9
J0224401	1705.12837484917	0	4	4	2	2012	1	1	1	8	9	2	1	10	-9
J0224404	4259.12315909275	0	5	4	2	2012	1	1	1	8	9	2	1	8	-9
J0224406	1588.42370556254	1	1	4	2	2012	1	1	1	8	9	2	1	10	-9
J0224407	1716.84925577926	0	4	4	2	2012	2	2	1	9	8	2	1	10	3
J0224408	1822.29736767707	0	4	4	2	2012	1	1	1	8	9	2	1	10	-9
J0231101	761.208325323073	1	1	1	4	2011	4	4	2	8	9	2	1	2	2
J0231105	1300.48972963359	1	1	1	4	2011	1	1	1	8	9	2	1	6	-9
J0231106	1835.40690776106	0	5	1	4	2011	1	1	1	8	9	2	2	5	-9
J0231107	1283.45679152883	1	1	1	4	2011	1	1	1	8	9	2	2	8	-9
J0231202	920.608962212602	0	4	1	4	2011	1	1	1	8	9	2	1	4	-9
J0231203	2050.59434338888	1	1	1	4	2011	1	1	1	8	9	2	1	8	-9
J0231205	1609.11007347598	1	1	1	4	2011	2	2	1	8	9	2	1	9	3
J0231208	2094.50239596727	1	1	1	4	2011	2	2	1	8	9	2	1	9	3
J0231301	1531.7123626418	1	1	1	5	2011	1	1	1	8	9	2	1	9	-9
J0231302	1454.36054939093	0	5	1	5	2011	1	1	1	8	9	2	1	8	-9
J0231304	922.78336334307	0	5	1	5	2011	1	1	1	8	9	2	1	6	-9
J0231305	1634.3374385564	0	4	1	5	2011	4	4	2	8	9	2	1	7	2
J0231306	2076.81008812866	0	5	1	5	2011	1	1	1	8	9	2	1	8	-9
J0231307	1527.34666249178	0	4	1	5	2011	4	4	2	8	9	2	1	7	2
J0231308	1426.16354962809	0	5	1	5	2011	1	1	1	8	9	2	1	10	-9
J0231403	1065.93958390649	1	1	1	5	2011	1	1	1	8	9	2	1	9	-9
J0231404	2257.08141295594	0	5	1	5	2011	1	1	1	8	9	2	1	9	-9
J0231407	1797.10112517626	1	1	1	5	2011	1	1	1	8	9	2	1	10	-9
J0232101	1772.67444638376	1	1	2	7	2011	1	1	1	8	9	2	3	7	-9
J0232102	1186.60678155453	1	1	2	7	2011	4	4	2	8	9	2	1	9	2
J0232103	1480.84636888834	1	1	2	7	2011	4	4	2	8	9	2	1	2	2
J0232105	1750.31169638522	0	5	2	7	2011	1	1	1	8	9	2	1	4	-9
J0232106	774.320119693919	1	1	2	7	2011	4	4	2	8	9	2	1	4	2
J0232108	1538.46330914086	1	1	2	7	2011	1	1	1	8	9	2	1	6	-9
J0232110	845.786121272063	0	4	2	7	2011	2	2	1	8	9	2	3	7	5
J0232111	1360.17013632743	0	5	2	7	2011	1	1	1	8	9	2	1	8	-9
J0232201	773.507245993054	1	1	2	7	2011	4	4	2	8	9	2	1	4	2
J0232202	1719.7322603615	0	5	2	7	2011	1	1	1	8	9	2	1	10	-9
J0232203	1662.91872941593	0	5	2	7	2011	1	1	1	8	9	2	1	10	-9
J0232204	2348.94381794908	0	4	2	7	2011	1	1	1	8	9	2	1	10	-9
J0232205	1320.59164516994	1	1	2	7	2011	2	2	1	8	9	2	1	6	3
J0232206	1465.54221123314	1	1	2	7	2011	1	1	1	8	9	2	4	8	-9
J0232207	3520.10382950669	0	5	2	7	2011	1	1	1	8	9	2	2	7	-9
J0232208	1643.06291467452	0	4	2	7	2011	1	1	1	8	9	2	2	7	-9
J0232209	866.539499211127	0	5	2	7	2011	1	1	1	8	9	2	3	7	-9
J0232210	2820.97103839211	0	4	2	7	2011	1	1	1	8	9	2	2	9	-9
J0232301	2197.71794232156	1	1	2	8	2011	2	2	1	8	9	2	1	8	3
J0232302	1187.04840177337	0	5	2	8	2011	1	1	1	8	9	2	1	6	-9
J0232303	1560.19918849702	1	1	2	8	2011	1	1	1	8	9	2	2	9	-9
J0232304	1458.91632100412	0	5	2	8	2011	1	1	1	8	9	2	3	10	-9
J0232306	1404.60037616184	0	5	2	8	2011	1	1	1	8	9	2	1	9	-9
J0232307	1994.74630104158	0	5	2	8	2011	1	1	1	8	9	2	2	9	-9
J0232308	1548.17907966192	1	1	2	8	2011	1	1	1	8	9	2	3	8	-9
J0232309	1619.09307194957	1	1	2	8	2011	2	2	1	8	9	2	2	10	3
J0232404	1821.91349218126	0	5	2	8	2011	1	1	1	8	9	2	1	10	-9
J0232406	1744.42192276673	1	1	2	8	2011	4	4	2	8	9	2	1	10	2
J0232407	1512.06613214888	1	1	2	8	2011	1	1	1	8	9	2	1	8	-9
J0233102	637.633236254721	1	1	3	10	2011	4	4	2	8	9	2	1	4	2
J0233104	1478.00932811216	0	4	3	10	2011	1	1	1	8	9	2	1	4	-9
J0233105	3923.84909968062	0	5	3	10	2011	1	1	1	8	9	2	1	6	-9
J0233107	2406.00956667745	0	5	3	10	2011	1	1	1	8	9	2	1	10	-9
J0233109	1735.21110539692	0	4	3	10	2011	1	1	1	8	9	2	1	10	-9
J0233110	1807.50588216273	1	1	3	10	2011	2	2	1	8	9	2	1	10	3
J0233202	1505.79637929692	1	1	3	10	2011	2	2	1	8	9	2	1	6	5
J0233203	1828.28187582111	0	4	3	10	2011	1	1	1	8	9	2	1	9	-9
J0233205	2464.76861865747	1	1	3	10	2011	3	3	2	8	9	2	1	7	1
J0233207	2297.55381841225	0	5	3	10	2011	1	1	1	8	9	2	1	8	-9
J0233301	1219.86626118412	0	5	3	11	2011	1	1	1	8	9	2	1	7	-9
J0233302	873.122476417598	1	1	3	11	2011	4	4	2	8	9	2	1	5	2
J0233303	1595.27620886833	1	1	3	11	2011	1	1	1	8	9	2	1	9	-9
J0233305	1410.19956188552	1	1	3	11	2011	4	4	2	8	9	2	1	4	2
J0233306	1643.22030019546	0	5	3	11	2011	1	1	1	8	9	2	1	9	-9
J0233307	1182.05446068786	0	5	3	11	2011	1	1	1	8	9	2	1	9	-9
J0233401	1751.12473388654	1	1	3	11	2011	1	1	1	9	8	2	1	7	-9
J0233404	1344.99521898501	1	1	3	11	2011	1	1	1	9	8	2	1	9	-9
J0233405	840.479229129902	1	1	3	11	2011	4	4	2	8	9	2	1	8	2
J0234102	1326.01574781868	0	4	4	1	2012	1	1	1	8	9	2	3	8	-9
J0234103	1333.86507862187	0	5	4	1	2012	1	1	1	8	9	2	1	10	-9
J0234104	816.361076262169	0	5	4	1	2012	4	4	2	8	9	2	1	9	2
J0234108	1356.95995348571	0	5	4	1	2012	1	1	1	8	9	2	2	9	-9
J0234201	2071.1885545707	1	1	4	1	2012	1	1	1	8	9	2	4	9	-9
J0234202	1526.94090917074	0	4	4	1	2012	3	3	2	8	9	2	3	6	1
J0234204	1387.47049342059	0	5	4	1	2012	1	1	1	8	9	2	3	8	-9
J0234206	860.423418575989	0	4	4	1	2012	2	2	1	8	9	2	2	4	3
J0234207	1539.71798100536	0	5	4	1	2012	1	1	1	8	9	2	2	7	-9
J0234208	1332.65052622424	1	1	4	1	2012	1	1	1	8	9	2	2	7	-9
J0234302	1389.26243033735	0	5	4	2	2012	1	1	1	8	9	2	1	10	-9
J0234303	835.170843397921	0	4	4	2	2012	3	3	2	8	9	2	1	7	1
J0234304	1776.65357094848	0	5	4	2	2012	1	1	1	8	9	2	1	9	-9
J0234307	1717.78944003594	0	5	4	2	2012	1	1	1	8	9	2	1	10	-9
J0234308	1774.36607611861	0	4	4	2	2012	1	1	1	8	9	2	1	8	-9
J0234403	2066.42179784993	0	4	4	2	2012	2	2	1	8	9	2	1	10	3
J0234404	1633.37674749454	0	5	4	2	2012	1	1	1	8	9	2	1	9	-9
J0234405	1176.02328796664	1	1	4	2	2012	1	1	1	8	9	2	1	6	-9
J0234406	1716.93839829621	0	5	4	2	2012	1	1	1	8	9	2	1	10	-9
J0234409	1547.04668302893	0	5	4	2	2012	1	1	1	8	9	2	1	8	-9
J0241101	1349.04367025342	1	1	1	4	2011	1	1	1	8	9	2	1	5	-9
J0241102	1379.12021556506	0	5	1	4	2011	1	1	1	8	9	2	1	10	-9
J0241104	1415.65006687564	1	1	1	4	2011	4	4	2	8	9	2	1	7	2
J0241105	1544.19760720928	0	4	1	4	2011	1	1	1	8	9	2	1	10	-9
J0241106	851.661069300434	0	4	1	4	2011	4	4	2	8	9	2	1	5	2
J0241108	1573.64750109608	1	1	1	4	2011	2	2	1	8	9	2	1	9	3
J0241109	1631.26753032283	0	5	1	4	2011	1	1	1	8	9	2	1	10	-9
J0241110	1932.07135649001	1	1	1	4	2011	1	1	1	8	9	2	1	10	-9
J0241201	1491.52867732382	0	5	1	4	2011	1	1	1	8	9	2	2	10	-9
J0241202	1420.00251540071	1	1	1	4	2011	1	1	1	8	9	2	2	10	-9
J0241204	1462.30650482176	0	4	1	4	2011	1	1	1	8	9	2	2	10	-9
J0241206	746.261542861286	1	1	1	4	2011	4	4	2	8	9	2	2	9	2
J0241208	1117.4085688367	1	1	1	4	2011	1	1	1	8	9	2	1	10	-9
J0241209	1708.20007591639	1	1	1	4	2011	1	1	1	8	9	2	3	8	-9
J0241301	1701.42926346726	0	5	1	5	2011	1	1	1	8	9	2	1	8	-9
J0241302	1577.48596228647	1	1	1	5	2011	1	1	1	8	9	2	1	8	-9
J0241304	2175.86130688669	1	1	1	5	2011	1	1	1	8	9	2	1	6	-9
J0241305	795.512963049432	1	1	1	5	2011	2	2	1	8	9	2	1	5	3
J0241306	1676.91390546562	1	1	1	5	2011	2	2	1	8	9	2	1	5	3
J0241307	1394.64017742455	0	4	1	5	2011	1	1	1	8	9	2	1	6	-9
J0241308	1681.20477589999	0	5	1	5	2011	1	1	1	8	9	2	1	4	-9
J0241310	1781.7992373041	0	5	1	5	2011	1	1	1	8	9	2	1	4	-9
J0241402	3594.26169895386	1	1	1	5	2011	2	2	1	8	9	2	1	4	5
J0241404	1973.70807543221	0	5	1	5	2011	1	1	1	8	9	2	1	5	-9
J0241405	957.012263107834	0	4	1	5	2011	3	3	2	8	9	2	1	4	1
J0241406	1414.13258953843	0	4	1	5	2011	3	3	2	8	9	2	1	4	1
J0241408	1514.07356182716	1	1	1	5	2011	2	2	1	8	9	2	1	4	3
J0242104	1801.75530704904	1	1	2	7	2011	2	2	1	8	9	2	1	5	5
J0242105	1482.01273225188	1	1	2	7	2011	1	1	1	8	9	2	1	7	-9
J0242202	1485.4655264028	0	5	2	7	2011	1	1	1	8	9	2	1	6	-9
J0242204	1577.27561228809	0	5	2	7	2011	1	1	1	8	9	2	1	8	-9
J0242207	1744.44617919054	0	5	2	7	2011	1	1	1	8	9	2	1	4	-9
J0242208	1783.26411835308	1	1	2	7	2011	1	1	1	8	9	2	1	4	-9
J0242209	970.519198368964	1	1	2	7	2011	4	4	2	8	9	2	1	4	2
J0242211	1105.56747282054	1	1	2	7	2011	2	2	1	8	9	2	1	4	3
J0242302	2177.52406526319	0	5	2	8	2011	1	1	1	8	9	2	1	10	-9
J0242303	1499.77284504426	1	1	2	8	2011	1	1	1	8	9	2	1	10	-9
J0242304	2686.10479149407	1	1	2	8	2011	2	2	1	8	9	2	1	9	3
J0242307	1272.18244210531	1	1	2	8	2011	1	1	1	8	9	2	1	9	-9
J0242308	1665.61549584645	0	5	2	8	2011	1	1	1	8	9	2	3	7	-9
J0242401	1579.80150916587	1	1	2	8	2011	1	1	1	8	9	2	4	7	-9
J0242402	1420.11818512856	1	1	2	8	2011	2	2	1	8	9	2	1	4	3
J0242404	1330.48080673037	0	4	2	8	2011	2	2	1	8	9	2	1	10	3
J0242405	1555.12064416391	0	5	2	8	2011	1	1	1	8	9	2	1	10	-9
J0242406	1568.1965560545	1	1	2	8	2011	1	1	1	8	9	2	1	6	-9
J0242407	1545.22598326876	0	5	2	8	2011	1	1	1	8	9	2	2	9	-9
J0243101	1630.98029455126	0	5	3	10	2011	1	1	1	8	9	2	1	7	-9
J0243104	1744.06230034656	0	5	3	10	2011	1	1	1	8	9	2	1	7	-9
J0243105	1232.06416726886	1	1	3	10	2011	1	1	1	8	9	2	1	6	-9
J0243106	1723.64353746357	0	5	3	10	2011	1	1	1	8	9	2	1	6	-9
J0243107	1516.97897361686	1	1	3	10	2011	3	3	2	8	9	2	1	7	1
J0243201	1889.56996673184	0	5	3	10	2011	1	1	1	8	9	2	1	7	-9
J0243202	3367.22873064493	0	4	3	10	2011	2	2	1	8	9	2	1	5	3
J0243204	2027.03488365352	1	1	3	10	2011	2	2	1	8	9	2	1	8	3
J0243207	1995.53807809376	0	4	3	10	2011	1	1	1	8	9	2	1	5	-9
J0243208	1413.68873636457	0	5	3	10	2011	1	1	1	8	9	2	1	7	-9
J0243302	1285.56780192251	0	5	3	11	2011	1	1	1	8	9	2	1	7	-9
J0243303	2985.56472036106	0	4	3	11	2011	2	2	1	8	9	2	1	5	3
J0243305	1441.58625658138	0	5	3	11	2011	1	1	1	8	9	2	1	4	-9
J0243309	3132.25406938549	0	5	3	11	2011	1	1	1	8	9	2	1	4	-9
J0243310	1128.98595977556	0	5	3	11	2011	1	1	1	8	9	2	1	4	-9
J0243404	3200.86089495101	0	4	3	11	2011	2	2	1	8	9	2	1	3	4
J0243405	1219.11771775339	1	1	3	11	2011	3	3	2	8	9	2	1	5	1
J0243406	1645.44073041915	0	4	3	11	2011	1	1	1	8	9	2	1	6	-9
J0244104	1530.7824115807	0	4	4	1	2012	4	4	2	8	9	2	1	8	2
J0244105	1316.79107988203	0	5	4	1	2012	1	1	1	8	9	2	1	8	-9
J0244106	1434.00020907108	0	5	4	1	2012	1	1	1	8	9	2	1	9	-9
J0244201	1567.67097738744	0	4	4	1	2012	1	1	1	8	9	2	3	6	-9
J0244202	1758.76697130525	0	5	4	1	2012	1	1	1	8	9	2	1	10	-9
J0244205	1283.58060568449	0	5	4	1	2012	1	1	1	8	9	2	3	9	-9
J0244206	1726.39263686667	1	1	4	1	2012	4	4	2	8	9	2	3	8	2
J0244207	1423.97273815996	0	5	4	1	2012	1	1	1	8	9	2	1	7	-9
J0244208	1341.39450205572	0	5	4	1	2012	1	1	1	8	9	2	1	10	-9
J0244302	1385.69804376331	0	5	4	2	2012	1	1	1	8	9	2	1	10	-9
J0244303	1566.15400859095	1	1	4	2	2012	1	1	1	8	9	2	1	8	-9
J0244304	1297.09888717268	0	5	4	2	2012	1	1	1	8	9	2	1	10	-9
J0244307	1614.07511611032	0	4	4	2	2012	2	2	1	8	9	2	1	9	4
J0244308	1393.93914794504	0	4	4	2	2012	4	4	2	8	9	2	1	9	2
J0244401	1270.86626623562	0	5	4	2	2012	1	1	1	8	9	2	4	7	-9
J0244402	1975.74195173853	0	4	4	2	2012	1	1	1	8	9	2	2	10	-9
J0244403	1358.41453792404	0	5	4	2	2012	1	1	1	8	9	2	3	7	-9
J0244406	1819.65631547871	0	5	4	2	2012	1	1	1	8	9	2	1	10	-9
J0244408	1312.2280923687	0	5	4	2	2012	1	1	1	8	9	2	1	10	-9
J0251102	1346.61745046121	1	1	1	4	2011	1	1	1	8	9	2	1	9	-9
J0251103	1648.86678098425	0	5	1	4	2011	1	1	1	8	9	2	1	6	-9
J0251104	2038.13738557237	1	1	1	4	2011	1	1	1	8	9	2	1	4	-9
J0251109	1152.44513678076	0	5	1	4	2011	1	1	1	8	9	2	1	6	-9
J0251202	1693.89167493321	1	1	1	4	2011	1	1	1	8	9	2	1	6	-9
J0251203	1853.53127038095	0	5	1	4	2011	1	1	1	8	9	2	1	8	-9
J0251205	2120.49007011365	0	4	1	4	2011	2	2	1	8	9	2	1	1	4
J0251207	1602.44925123003	1	1	1	4	2011	2	2	1	8	9	2	1	6	3
J0251301	1691.15616814333	1	1	1	5	2011	1	1	1	8	9	2	1	8	-9
J0251302	667.697501900167	1	1	1	5	2011	3	3	2	8	9	2	1	3	1
J0251303	1087.15463398862	0	4	1	5	2011	1	1	1	8	9	2	1	6	-9
J0251305	2330.24798633223	1	1	1	5	2011	1	1	1	8	9	2	1	6	-9
J0251401	1550.77032092671	0	4	1	5	2011	1	1	1	8	9	2	1	3	-9
J0251402	740.734783760485	1	1	1	5	2011	3	3	2	8	9	2	1	1	1
J0251406	1964.7405319822	1	1	1	5	2011	3	3	2	8	9	2	1	2	1
J0251408	1372.52931016062	1	1	1	5	2011	3	3	2	8	9	2	1	3	1
J0252101	1732.72318611964	1	1	2	7	2011	1	1	1	8	9	2	1	2	-9
J0252104	1039.86683699902	1	1	2	7	2011	2	2	1	8	9	2	1	2	5
J0252105	1775.04050184398	0	5	2	7	2011	1	1	1	8	9	2	1	2	-9
J0252106	2302.20678181667	1	1	2	7	2011	1	1	1	8	9	2	1	3	-9
J0252107	1975.13689472439	0	5	2	7	2011	1	1	1	8	9	2	1	2	-9
J0252201	1232.09936372049	0	4	2	7	2011	2	2	1	8	9	2	1	4	4
J0252203	2129.50566550619	0	4	2	7	2011	1	1	1	8	9	2	1	5	-9
J0252204	2384.76164439009	1	1	2	7	2011	2	2	1	8	9	2	1	1	3
J0252205	2412.03360661462	1	1	2	7	2011	3	3	2	8	9	2	1	4	1
J0252206	1715.88120756258	1	1	2	7	2011	3	3	2	8	9	2	1	1	1
J0252401	1396.74028322732	1	1	2	8	2011	1	1	1	8	9	2	1	5	-9
J0252402	1933.18050393305	1	1	2	8	2011	2	2	1	8	9	2	1	3	4
J0252404	3245.67887096905	0	5	2	8	2011	1	1	1	8	9	2	1	5	-9
J0253105	1756.65066014581	0	5	3	10	2011	1	1	1	8	9	2	1	3	-9
J0253201	2195.21771320855	0	5	3	10	2011	1	1	1	8	9	2	1	3	-9
J0253204	1323.02493124113	0	5	3	10	2011	1	1	1	8	9	2	1	6	-9
J0253207	3182.60408843985	0	5	3	10	2011	1	1	1	8	9	2	1	4	-9
J0253304	1588.47722988555	0	5	3	11	2011	1	1	1	8	9	2	1	4	-9
J0253307	777.891248017027	0	5	3	11	2011	1	1	1	8	9	2	1	7	-9
J0253402	1950.49270723828	0	5	3	11	2011	1	1	1	8	9	2	1	1	-9
J0253403	3320.13845896768	0	4	3	11	2011	1	1	1	8	9	2	1	6	-9
J0253406	678.598682196601	1	1	3	11	2011	3	3	2	8	9	2	1	1	1
J0253408	1706.47850297853	1	1	3	11	2011	1	1	1	8	9	2	1	3	-9
J0254101	1642.41422496346	0	5	4	1	2012	1	1	1	8	9	2	1	5	-9
J0254102	1684.40183127399	1	1	4	1	2012	1	1	1	8	9	2	1	5	-9
J0254103	1518.85122612892	0	5	4	1	2012	1	1	1	8	9	2	1	6	-9
J0254106	1887.52068036234	1	1	4	1	2012	2	2	1	8	9	2	1	7	3
J0254107	1291.23518324456	1	1	4	1	2012	1	1	1	8	9	2	1	7	-9
J0254201	1593.61598933519	0	4	4	1	2012	2	2	1	8	9	2	1	4	3
J0254203	613.512259188785	1	1	4	1	2012	4	4	2	8	9	2	1	1	2
J0254205	791.792539758523	0	4	4	1	2012	1	1	1	8	9	2	1	4	-9
J0254206	574.242867774201	1	1	4	1	2012	3	3	2	8	9	2	1	1	1
J0254208	754.007202741952	1	1	4	1	2012	3	3	2	8	9	2	1	1	1
J0254209	3057.2774002601	1	1	4	1	2012	2	2	1	8	9	2	1	6	3
J0254210	1379.50982734409	0	4	4	1	2012	1	1	1	8	9	2	1	7	-9
J0254301	2132.24928632158	1	1	4	2	2012	1	1	1	8	9	2	1	5	-9
J0254302	1019.62331889848	1	1	4	2	2012	3	3	2	8	9	2	1	1	1
J0254303	1886.31845721948	0	5	4	2	2012	1	1	1	8	9	2	1	6	-9
J0254304	836.905702436508	1	1	4	2	2012	4	4	2	8	9	2	1	2	2
J0254305	2532.06937216734	0	5	4	2	2012	1	1	1	8	9	2	1	2	-9
J0254307	2604.9363765717	1	1	4	2	2012	3	3	2	8	9	2	1	1	1
J0254309	1456.91207221463	0	4	4	2	2012	1	1	1	8	9	2	1	6	-9
J0254403	5843.26424423771	1	1	4	2	2012	3	3	2	8	9	2	1	3	1
J0254405	1937.58648931254	1	1	4	2	2012	2	2	1	8	9	2	1	4	3
J0254406	1987.27347692243	1	1	4	2	2012	2	2	1	8	9	2	1	4	3
J0261101	2295.06221068204	0	5	1	4	2011	1	1	1	8	9	2	1	8	-9
J0261102	1556.00119608593	1	1	1	4	2011	1	1	1	8	9	2	1	10	-9
J0261103	1408.70110778997	0	4	1	4	2011	4	4	2	8	9	2	1	9	2
J0261104	1570.43939839362	0	4	1	4	2011	1	1	1	8	9	2	1	9	-9
J0261105	2633.43060001416	0	4	1	4	2011	1	1	1	8	9	2	4	8	-9
J0261106	1994.51636004605	0	5	1	4	2011	1	1	1	8	9	2	3	7	-9
J0261109	2191.03489728481	0	4	1	4	2011	1	1	1	8	9	2	2	8	-9
J0261201	1304.01523909694	1	1	1	4	2011	2	2	1	8	9	2	1	9	3
J0261202	1894.03877863721	0	4	1	4	2011	4	4	2	8	9	2	1	5	2
J0261203	1507.82289642465	0	4	1	4	2011	1	1	1	8	9	2	1	9	-9
J0261204	1620.53627373309	0	5	1	4	2011	1	1	1	8	9	2	1	9	-9
J0261205	1712.6403136074	1	1	1	4	2011	1	1	1	8	9	2	4	8	-9
J0261206	1508.98290433498	1	1	1	4	2011	1	1	1	8	9	2	1	5	-9
J0261207	3357.8143012184	0	5	1	4	2011	1	1	1	8	9	2	1	10	-9
J0261208	1571.03593010447	0	4	1	4	2011	1	1	1	8	9	2	1	10	-9
J0261301	1224.51302609341	0	5	1	5	2011	1	1	1	8	9	2	4	8	-9
J0261302	2106.53398819562	0	4	1	5	2011	2	2	1	8	9	2	2	8	5
J0261303	1906.58220911599	1	1	1	5	2011	2	2	1	8	9	2	2	9	3
J0261304	1943.11143249109	1	1	1	5	2011	2	2	1	8	9	2	1	9	3
J0261306	1465.5154081906	1	1	1	5	2011	1	1	1	8	9	2	1	7	-9
J0261307	1429.57311008737	1	1	1	5	2011	1	1	1	8	9	2	3	6	-9
J0261308	1542.90060476472	0	5	1	5	2011	1	1	1	8	9	2	3	6	-9
J0261309	1672.3421503468	0	4	1	5	2011	1	1	1	8	9	2	1	10	-9
J0261310	1449.243344562	0	5	1	5	2011	1	1	1	8	9	2	4	8	-9
J0261403	1438.71020300813	0	4	1	5	2011	1	1	1	8	9	2	2	10	-9
J0261404	1524.40252225735	0	5	1	5	2011	1	1	1	8	9	2	2	8	-9
J0261405	1813.73109204886	1	1	1	5	2011	1	1	1	8	9	2	1	10	-9
J0261406	1938.14090407446	0	5	1	5	2011	1	1	1	8	9	2	2	6	-9
J0261407	1799.70823700791	1	1	1	5	2011	1	1	1	8	9	2	1	9	-9
J0261408	1733.40705120649	1	1	1	5	2011	1	1	1	8	9	2	1	8	-9
J0261409	1657.24289071546	0	5	1	5	2011	1	1	1	8	9	2	1	8	-9
J0262101	1652.57558632298	0	4	2	7	2011	1	1	1	8	9	2	4	8	-9
J0262104	1009.48414982277	0	5	2	7	2011	1	1	1	8	9	2	3	8	-9
J0262105	798.885492324188	0	4	2	7	2011	1	1	1	8	9	2	2	5	-9
J0262106	1449.76031990299	0	4	2	7	2011	2	2	1	8	9	2	2	6	3
J0262109	1246.05273857421	0	5	2	7	2011	1	1	1	8	9	2	3	6	-9
J0262111	1618.77422713289	0	5	2	7	2011	1	1	1	8	9	2	3	8	-9
J0262201	2898.9341546464	0	4	2	7	2011	1	1	1	8	9	2	2	10	-9
J0262202	2190.31073055678	0	5	2	7	2011	1	1	1	8	9	2	2	10	-9
J0262203	2332.36006505984	0	4	2	7	2011	1	1	1	8	9	2	2	10	-9
J0262204	2349.29603295902	0	4	2	7	2011	2	2	1	8	9	2	1	6	3
J0262206	1732.40202905336	0	5	2	7	2011	1	1	1	8	9	2	1	8	-9
J0262207	2465.77804659105	0	4	2	7	2011	1	1	1	8	9	2	2	8	-9
J0262208	1499.16614721361	0	5	2	7	2011	1	1	1	8	9	2	2	9	-9
J0262301	1674.85130911184	0	4	2	8	2011	4	4	2	8	9	2	1	5	2
J0262302	2100.77479299687	1	1	2	8	2011	1	1	1	8	9	2	1	8	-9
J0262303	1534.17399553508	1	1	2	8	2011	4	4	2	8	9	2	1	3	2
J0262305	2959.41705283536	0	4	2	8	2011	2	2	1	8	9	2	1	7	3
J0262307	1552.24164694703	1	1	2	8	2011	1	1	1	8	9	2	1	9	-9
J0262310	1381.79325916705	0	5	2	8	2011	1	1	1	8	9	2	1	10	-9
J0262403	2667.0538810501	0	4	2	8	2011	2	2	1	8	9	2	1	5	5
J0262405	1366.01428502032	1	1	2	8	2011	1	1	1	8	9	2	1	8	-9
J0262407	1493.12466634006	1	1	2	8	2011	2	2	1	8	9	2	1	8	4
J0263102	2269.70124201207	0	5	3	10	2011	1	1	1	8	9	2	3	7	-9
J0263104	1438.85096949159	0	5	3	10	2011	1	1	1	8	9	2	4	7	-9
J0263105	2561.15375939695	0	5	3	10	2011	1	1	1	8	9	2	3	6	-9
J0263106	3100.36586979005	0	4	3	10	2011	1	1	1	8	9	2	2	8	-9
J0263110	2729.22490968464	0	5	3	10	2011	1	1	1	8	9	2	1	9	-9
J0263201	1606.22004710358	1	1	3	10	2011	1	1	1	8	9	2	1	7	-9
J0263207	1812.71633528116	0	5	3	10	2011	1	1	1	8	9	2	1	7	-9
J0263208	1388.24998175347	1	1	3	10	2011	3	3	2	8	9	2	1	2	1
J0263209	1349.62859299907	0	5	3	10	2011	1	1	1	8	9	2	1	7	-9
J0263302	2670.96040201418	1	1	3	11	2011	2	2	1	8	9	2	1	4	3
J0263306	819.439181267226	0	4	3	11	2011	4	4	2	8	9	2	1	4	2
J0263308	1088.02043522285	1	1	3	11	2011	1	1	1	8	9	2	1	2	-9
J0263309	1853.04627278038	1	1	3	11	2011	3	3	2	8	9	2	3	6	1
J0263401	2574.93021127242	0	5	3	11	2011	1	1	1	8	9	2	1	9	-9
J0263403	1687.00804750417	1	1	3	11	2011	2	2	1	8	9	2	1	1	3
J0263405	2543.39998379967	1	1	3	11	2011	1	1	1	8	9	2	1	2	-9
J0263406	1957.75226229863	0	5	3	11	2011	1	1	1	8	9	2	1	1	-9
J0263408	2586.12489685929	1	1	3	11	2011	1	1	1	8	9	2	1	4	-9
J0264102	1587.6502581101	1	1	4	1	2012	1	1	1	8	9	2	1	3	-9
J0264103	1379.17245829307	0	5	4	1	2012	1	1	1	8	9	2	1	7	-9
J0264104	1838.78703372548	1	1	4	1	2012	1	1	1	8	9	2	1	4	-9
J0264105	987.408442439008	0	5	4	1	2012	1	1	1	8	9	2	1	2	-9
J0264106	814.304047244448	1	1	4	1	2012	4	4	2	8	9	2	1	1	2
J0264108	616.821834930243	1	1	4	1	2012	4	4	2	8	9	2	1	2	2
J0264109	2584.59339343526	0	4	4	1	2012	2	2	1	8	9	2	1	4	3
J0264202	1116.87366880459	1	1	4	1	2012	2	2	1	8	9	2	1	1	3
J0264203	1326.11955382415	0	4	4	1	2012	2	2	1	8	9	2	1	1	3
J0264206	2472.39091822728	0	4	4	1	2012	2	2	1	8	9	2	1	3	3
J0264207	2517.22424359655	1	1	4	1	2012	2	2	1	8	9	2	1	3	3
J0264208	2227.06362456317	1	1	4	1	2012	2	2	1	8	9	2	1	3	3
J0264209	1162.09544692358	0	4	4	1	2012	1	1	1	8	9	2	1	1	-9
J0264211	4977.54496787166	0	5	4	1	2012	1	1	1	8	9	2	1	4	-9
J0264301	2415.01949688003	0	4	4	2	2012	1	1	1	8	9	2	1	3	-9
J0264303	2050.45352484159	0	5	4	2	2012	1	1	1	8	9	2	1	9	-9
J0264305	1896.79894293225	0	4	4	2	2012	2	2	1	8	9	2	1	4	3
J0264306	1011.65269940893	0	4	4	2	2012	4	4	2	8	9	2	1	3	2
J0264307	1903.10827727238	1	1	4	2	2012	2	2	1	8	9	2	1	6	3
J0264308	1770.70005325463	0	5	4	2	2012	4	4	2	8	9	2	1	5	2
J0264309	1742.43840281719	1	1	4	2	2012	2	2	1	8	9	2	1	3	3
J0264401	1416.00684589586	1	1	4	2	2012	1	1	1	8	9	2	2	8	-9
J0264404	1468.72715737723	1	1	4	2	2012	1	1	1	8	9	2	1	9	-9
J0264409	1249.48461445338	0	4	4	2	2012	1	1	1	8	9	2	1	7	-9
J0264410	1822.47552556785	0	5	4	2	2012	1	1	1	8	9	2	1	5	-9
J0271104	1611.46441704313	0	4	1	4	2011	1	1	1	8	9	2	1	6	-9
J0271105	1485.32233557811	0	5	1	4	2011	1	1	1	8	9	2	1	7	-9
J0271107	1509.72396235164	0	5	1	4	2011	1	1	1	8	9	2	1	8	-9
J0271203	1967.58713024339	0	5	1	4	2011	1	1	1	8	9	2	1	5	-9
J0271206	3554.0606851751	1	1	1	4	2011	2	2	1	8	9	2	1	5	3
J0271302	1755.04930918554	0	4	1	5	2011	2	2	1	8	9	2	1	1	3
J0271303	2137.71409343068	0	4	1	5	2011	2	2	1	8	9	2	1	1	3
J0271306	1475.11281314239	1	1	1	5	2011	2	2	1	8	9	2	1	2	3
J0271307	2561.35165579587	0	4	1	5	2011	1	1	1	8	9	2	1	3	-9
J0271404	1324.88964812946	0	5	1	5	2011	1	1	1	8	9	2	1	1	-9
J0271405	1228.33586664049	1	1	1	5	2011	1	1	1	8	9	2	1	5	-9
J0271407	834.954897632571	1	1	1	5	2011	4	4	2	8	9	2	1	1	2
J0271408	1661.64851628529	1	1	1	5	2011	4	4	2	8	9	2	1	1	2
J0271409	777.284681964372	1	1	1	5	2011	4	4	2	8	9	2	1	1	2
J0271410	1625.28037211119	1	1	1	5	2011	4	4	2	8	9	2	1	2	2
J0272102	1782.95790235671	1	1	2	7	2011	1	1	1	8	9	2	1	5	-9
J0272104	1554.81157587932	1	1	2	7	2011	4	4	2	8	9	2	1	4	2
J0272202	1345.5662062902	0	5	2	7	2011	1	1	1	8	9	2	1	7	-9
J0272203	1530.54080171364	0	5	2	7	2011	1	1	1	8	9	2	1	7	-9
J0272204	1041.38215647302	1	1	2	7	2011	1	1	1	8	9	2	1	2	-9
J0272206	1896.91586657809	1	1	2	7	2011	1	1	1	8	9	2	1	2	-9
J0272207	1171.85408149335	0	5	2	7	2011	1	1	1	8	9	2	1	4	-9
J0272301	2100.04163347143	1	1	2	8	2011	2	2	1	8	9	2	1	2	3
J0272302	1578.46782552012	1	1	2	8	2011	1	1	1	8	9	2	1	3	-9
J0272306	1526.14102912399	0	5	2	8	2011	1	1	1	8	9	2	1	1	-9
J0272307	857.846331515261	0	4	2	8	2011	2	2	1	8	9	2	1	1	5
J0272308	1319.9128274356	1	1	2	8	2011	3	3	2	8	9	2	1	1	1
J0272402	1786.77370456056	0	5	2	8	2011	1	1	1	8	9	2	2	3	-9
J0272403	691.222167469855	1	1	2	8	2011	4	4	2	8	9	2	2	3	2
J0272404	1173.47202575554	0	5	2	8	2011	1	1	1	8	9	2	2	9	-9
J0272407	3258.11572256709	0	5	2	8	2011	1	1	1	8	9	2	1	7	-9
J0272410	1450.80397764021	1	1	2	8	2011	1	1	1	8	9	2	3	7	-9
J0272411	1458.91632100412	0	5	2	8	2011	1	1	1	8	9	2	3	6	-9
J0273101	1424.53682356298	0	4	3	10	2011	1	1	1	8	9	2	3	4	-9
J0273103	1707.86509570661	0	4	3	10	2011	1	1	1	8	9	2	1	7	-9
J0273107	1332.19305709554	1	1	3	10	2011	2	2	1	8	9	2	1	3	3
J0273108	1663.70939821151	1	1	3	10	2011	1	1	1	8	9	2	1	3	-9
J0273202	1819.65631547871	0	5	3	10	2011	1	1	1	8	9	2	4	7	-9
J0273205	1497.45908742076	0	4	3	10	2011	4	4	2	8	9	2	1	3	2
J0273207	1457.48048960854	0	5	3	10	2011	1	1	1	8	9	2	1	8	-9
J0273208	1856.07195136036	1	1	3	10	2011	1	1	1	8	9	2	1	2	-9
J0273304	1912.57054069905	1	1	3	11	2011	1	1	1	8	9	2	1	5	-9
J0273305	1600.20326085423	0	5	3	11	2011	1	1	1	8	9	2	1	7	-9
J0273307	1798.36697781105	0	5	3	11	2011	1	1	1	8	9	2	1	7	-9
J0273309	1916.71094855403	1	1	3	11	2011	1	1	1	8	9	2	1	2	-9
J0273310	1525.24517870529	0	5	3	11	2011	1	1	1	8	9	2	1	1	-9
J0273401	1913.1696398087	1	1	3	11	2011	1	1	1	8	9	2	1	4	-9
J0273402	1582.54369390481	0	5	3	11	2011	1	1	1	8	9	2	1	2	-9
J0273404	806.536120235291	1	1	3	11	2011	4	4	2	8	9	2	1	1	2
J0273406	1676.63004199809	1	1	3	11	2011	1	1	1	8	9	2	1	5	-9
J0273408	1741.93126769562	0	5	3	11	2011	1	1	1	8	9	2	1	4	-9
J0274101	1856.27036029704	1	1	4	1	2012	1	1	1	8	9	2	4	6	-9
J0274102	2087.00912816647	1	1	4	1	2012	2	2	1	8	9	2	3	5	5
J0274103	1394.14963302385	1	1	4	1	2012	1	1	1	8	9	2	4	5	-9
J0274105	2249.01978327035	0	5	4	1	2012	1	1	1	8	9	2	4	6	-9
J0274106	1468.64308677728	1	1	4	1	2012	1	1	1	8	9	2	3	5	-9
J0274203	1440.0372188504	0	5	4	1	2012	2	2	1	8	9	2	1	6	4
J0274204	1770.43597112196	0	4	4	1	2012	1	1	1	8	9	2	1	4	-9
J0274205	1905.53146379388	0	5	4	1	2012	1	1	1	8	9	2	1	4	-9
J0274206	1912.14034230872	1	1	4	1	2012	1	1	1	8	9	2	3	4	-9
J0274301	1672.42652689565	1	1	4	2	2012	1	1	1	8	9	2	2	6	-9
J0274302	1918.60425429299	0	5	4	2	2012	1	1	1	8	9	2	2	6	-9
J0274401	1904.34407746397	1	1	4	2	2012	2	2	1	8	9	2	1	9	3
J0274402	1580.56419050037	0	5	4	2	2012	1	1	1	8	9	2	2	7	-9
J0274403	1712.73916474935	1	1	4	2	2012	1	1	1	8	9	2	1	6	-9
J0274406	1555.19904987851	1	1	4	2	2012	1	1	1	8	9	2	3	5	-9
J0274409	2464.50726028661	0	4	4	2	2012	2	2	1	8	9	2	4	3	3
J0281103	1287.74501570362	1	1	1	4	2011	1	1	1	8	9	2	1	5	-9
J0281104	666.870259914651	0	4	1	4	2011	2	2	1	8	9	2	1	1	5
J0281106	1848.2151030707	0	4	1	4	2011	1	1	1	8	9	2	1	7	-9
J0281107	676.211353281546	1	1	1	4	2011	3	3	2	8	9	2	1	1	1
J0281109	734.464418074534	0	5	1	4	2011	1	1	1	8	9	2	1	2	-9
J0281206	897.624057370086	0	5	1	4	2011	1	1	1	8	9	2	1	3	-9
J0281207	1567.82615901026	1	1	1	4	2011	4	4	2	8	9	2	1	4	2
J0281301	1516.31043664495	0	5	1	5	2011	1	1	1	8	9	2	1	5	-9
J0281302	1762.24351195529	1	1	1	5	2011	1	1	1	8	9	2	1	5	-9
J0281305	1515.88030018845	1	1	1	5	2011	1	1	1	8	9	2	1	7	-9
J0281306	1152.20063152901	0	5	1	5	2011	1	1	1	8	9	2	1	5	-9
J0281308	1521.79554583046	0	5	1	5	2011	1	1	1	8	9	2	1	7	-9
J0281401	1626.38637105477	1	1	1	5	2011	1	1	1	8	9	2	1	5	-9
J0281403	1326.41789564941	1	1	1	5	2011	1	1	1	8	9	2	3	5	-9
J0281404	3036.21700828785	0	5	1	5	2011	1	1	1	8	9	2	1	3	-9
J0281405	2425.45710087736	1	1	1	5	2011	1	1	1	8	9	2	1	1	-9
J0281406	1551.84148713804	0	4	1	5	2011	1	1	1	8	9	2	1	1	-9
J0281407	1141.96838452194	1	1	1	5	2011	4	4	2	8	9	2	1	1	2
J0282105	1516.55870411961	1	1	2	7	2011	1	1	1	8	9	2	1	4	-9
J0282202	2267.58146892072	0	5	2	7	2011	1	1	1	8	9	2	1	5	-9
J0282203	1822.62202576425	0	4	2	7	2011	1	1	1	8	9	2	1	1	-9
J0282301	1328.1925814601	1	1	2	8	2011	1	1	1	8	9	2	1	6	-9
J0282302	1470.18674123107	1	1	2	8	2011	2	2	1	8	9	2	1	7	3
J0282303	1347.02495708316	1	1	2	8	2011	2	2	1	8	9	2	1	2	3
J0282305	961.44800329453	0	5	2	8	2011	1	1	1	8	9	2	1	3	-9
J0282306	1940.22588190833	1	1	2	8	2011	1	1	1	8	9	2	1	3	-9
J0282307	2186.25549691137	1	1	2	8	2011	2	2	1	8	9	2	1	4	4
J0282401	1733.30501437699	1	1	2	8	2011	2	2	1	8	9	2	1	9	5
J0282402	2031.33399719141	0	4	2	8	2011	2	2	1	8	9	2	1	6	3
J0282404	1654.94777869738	1	1	2	8	2011	1	1	1	8	9	2	1	3	-9
J0282405	1464.71152367724	0	5	2	8	2011	1	1	1	8	9	2	1	8	-9
J0282407	1651.66625146442	0	5	2	8	2011	1	1	1	8	9	2	1	7	-9
J0283102	1518.63639801599	1	1	3	10	2011	2	2	1	8	9	2	1	5	3
J0283103	1308.97514003023	0	5	3	10	2011	1	1	1	8	9	2	1	5	-9
J0283106	2574.49336707775	0	5	3	10	2011	1	1	1	8	9	2	1	5	-9
J0283203	970.420804052128	0	5	3	10	2011	3	3	2	8	9	2	2	4	1
J0283204	1956.66518744276	1	1	3	10	2011	1	1	1	8	9	2	2	8	-9
J0283205	1294.11840090309	0	5	3	10	2011	1	1	1	8	9	2	4	5	-9
J0283206	1424.17408285313	1	1	3	10	2011	1	1	1	8	9	2	2	4	-9
J0283302	1559.68503862037	0	5	3	11	2011	1	1	1	8	9	2	3	7	-9
J0283304	1341.36028586971	0	5	3	11	2011	1	1	1	8	9	2	1	6	-9
J0283306	1496.00748001617	1	1	3	11	2011	1	1	1	8	9	2	1	8	-9
J0283401	1362.73790176303	0	5	3	11	2011	1	1	1	8	9	2	1	7	-9
J0283403	1571.90933139912	0	5	3	11	2011	1	1	1	8	9	2	1	7	-9
J0283406	1750.64127374337	0	5	3	11	2011	1	1	1	8	9	2	2	7	-9
J0284101	5193.05381545106	0	4	4	1	2012	2	2	1	8	9	2	3	6	4
J0284102	1582.29758401091	0	5	4	1	2012	1	1	1	8	9	2	1	5	-9
J0284105	1281.80218296391	1	1	4	1	2012	1	1	1	8	9	2	2	4	-9
J0284106	1700.11643216605	0	5	4	1	2012	1	1	1	8	9	2	3	4	-9
J0284107	2188.10363460254	0	5	4	1	2012	2	2	1	8	9	2	2	8	4
J0284201	1969.59815692287	1	1	4	1	2012	1	1	1	8	9	2	2	5	-9
J0284202	870.403397304817	0	5	4	1	2012	1	1	1	8	9	2	1	2	-9
J0284206	952.243631035967	0	4	4	1	2012	3	3	2	8	9	2	1	2	1
J0284302	986.63160114426	1	1	4	2	2012	3	3	2	8	9	2	1	2	1
J0284304	1924.9231338519	0	4	4	2	2012	2	2	1	8	9	2	1	6	3
J0284305	2002.2398987988	0	5	4	2	2012	1	1	1	8	9	2	1	6	-9
J0284307	2631.46135258398	1	1	4	2	2012	2	2	1	8	9	2	1	2	3
J0284401	1801.9895792011	1	1	4	2	2012	3	3	2	8	9	2	1	7	1
J0284402	819.207452178837	1	1	4	2	2012	1	1	1	8	9	2	1	1	-9
J0284403	757.377367622606	1	1	4	2	2012	3	3	2	8	9	2	1	1	1
J0284404	1424.23382256074	0	5	4	2	2012	1	1	1	8	9	2	1	10	-9
J0284405	1921.25132147236	1	1	4	2	2012	2	2	1	8	9	2	1	2	3
J0291102	1027.76834529431	1	1	1	4	2011	4	4	2	8	9	2	1	2	2
J0291105	1611.26641690752	0	5	1	4	2011	1	1	1	8	9	2	1	8	-9
J0291107	731.593054978822	0	4	1	4	2011	4	4	2	8	9	2	1	3	2
J0291109	1993.67605257553	0	5	1	4	2011	1	1	1	8	9	2	1	9	-9
J0291110	1974.4677918289	1	1	1	4	2011	1	1	1	8	9	2	1	9	-9
J0291201	1676.00064002005	1	1	1	4	2011	3	3	2	8	9	2	3	6	1
J0291202	1482.34086179754	0	5	1	4	2011	1	1	1	8	9	2	3	5	-9
J0291203	1442.62296273199	1	1	1	4	2011	1	1	1	8	9	2	2	6	-9
J0291205	1390.02833389383	1	1	1	4	2011	1	1	1	8	9	2	1	9	-9
J0291207	1576.01678847895	0	4	1	4	2011	3	3	2	8	9	2	1	5	1
J0291208	1452.67961709407	1	1	1	4	2011	2	2	1	8	9	2	4	6	3
J0291210	1347.94076931431	1	1	1	4	2011	3	3	2	8	9	2	3	6	1
J0291305	1543.36953431321	1	1	1	5	2011	1	1	1	8	9	2	1	5	-9
J0291307	1201.49543898938	1	1	1	5	2011	1	1	1	8	9	2	1	8	-9
J0291308	1399.71436025733	0	5	1	5	2011	1	1	1	8	9	2	1	8	-9
J0291309	1496.25227408663	1	1	1	5	2011	1	1	1	8	9	2	1	8	-9
J0291401	1570.4416084021	0	5	1	5	2011	1	1	1	8	9	2	1	3	-9
J0291402	1442.1627325572	1	1	1	5	2011	3	3	2	8	9	2	1	3	1
J0291403	1567.68760329182	0	5	1	5	2011	1	1	1	8	9	2	1	7	-9
J0291404	1367.10216784487	0	4	1	5	2011	1	1	1	8	9	2	1	9	-9
J0291405	2176.1692715189	0	5	1	5	2011	1	1	1	8	9	2	1	6	-9
J0291406	957.475963803739	1	1	1	5	2011	1	1	1	8	9	2	1	2	-9
J0291407	1842.15894377479	0	5	1	5	2011	1	1	1	8	9	2	1	5	-9
J0291408	1360.68353933348	1	1	1	5	2011	1	1	1	8	9	2	1	7	-9
J0292101	2625.07554330433	0	4	2	7	2011	2	2	1	8	9	2	1	3	3
J0292103	1032.75363462582	0	4	2	7	2011	4	4	2	8	9	2	1	3	2
J0292104	1652.61809555808	0	5	2	7	2011	1	1	1	8	9	2	1	5	-9
J0292107	2565.02258868389	0	4	2	7	2011	1	1	1	8	9	2	1	8	-9
J0292108	1796.85287410476	1	1	2	7	2011	4	4	2	8	9	2	1	6	2
J0292112	1959.7553990326	0	5	2	7	2011	1	1	1	8	9	2	1	8	-9
J0292201	1496.03615211404	1	1	2	7	2011	2	2	1	8	9	2	1	3	4
J0292202	933.223439853606	1	1	2	7	2011	3	3	2	8	9	2	1	3	1
J0292203	733.454142645131	1	1	2	7	2011	3	3	2	8	9	2	1	3	1
J0292204	1753.70749302289	1	1	2	7	2011	1	1	1	8	9	2	2	8	-9
J0292207	1549.19348697477	0	5	2	7	2011	1	1	1	8	9	2	1	9	-9
J0292210	1161.19715418299	1	1	2	7	2011	1	1	1	8	9	2	1	8	-9
J0292213	1330.03616624749	1	1	2	7	2011	1	1	1	8	9	2	4	7	-9
J0292303	853.400089289318	0	4	2	8	2011	3	3	2	8	9	2	1	3	1
J0292305	1773.91663652954	0	5	2	8	2011	1	1	1	8	9	2	1	5	-9
J0292307	1851.90648539318	0	5	2	8	2011	1	1	1	8	9	2	1	6	-9
J0292308	1357.73818161768	1	1	2	8	2011	1	1	1	8	9	2	1	5	-9
J0292401	1631.12624673493	0	4	2	8	2011	2	2	1	8	9	2	1	9	5
J0292402	1748.74275251073	0	5	2	8	2011	1	1	1	8	9	2	1	7	-9
J0292403	1371.31919615127	1	1	2	8	2011	1	1	1	8	9	2	1	6	-9
J0292404	1030.50791059194	0	4	2	8	2011	3	3	2	8	9	2	1	2	1
J0292405	1687.04359820356	1	1	2	8	2011	1	1	1	8	9	2	1	6	-9
J0292406	2011.04335090907	0	5	2	8	2011	1	1	1	8	9	2	2	7	-9
J0292407	1759.72782104167	1	1	2	8	2011	1	1	1	8	9	2	3	6	-9
J0292408	1472.64295572864	0	5	2	8	2011	1	1	1	8	9	2	3	7	-9
J0292409	1607.47844354328	0	4	2	8	2011	1	1	1	8	9	2	3	6	-9
J0293101	1147.15057356805	0	5	3	10	2011	1	1	1	8	9	2	1	3	-9
J0293102	1562.55762994742	0	4	3	10	2011	1	1	1	8	9	2	1	6	-9
J0293106	1686.03829747825	0	5	3	10	2011	1	1	1	8	9	2	1	6	-9
J0293107	837.707306810613	1	1	3	10	2011	1	1	1	8	9	2	1	1	-9
J0293109	1559.44215368244	1	1	3	10	2011	2	2	1	8	9	2	2	2	5
J0293201	1554.91971291549	0	5	3	10	2011	1	1	1	8	9	2	1	6	-9
J0293202	1370.3429064966	1	1	3	10	2011	4	4	2	8	9	2	1	4	2
J0293203	1441.84912957412	1	1	3	10	2011	1	1	1	8	9	2	1	8	-9
J0293206	636.347323708673	0	5	3	10	2011	1	1	1	8	9	2	1	1	-9
J0293207	2341.02035235188	0	5	3	10	2011	1	1	1	8	9	2	1	2	-9
J0293208	659.708480051285	1	1	3	10	2011	4	4	2	8	9	2	1	2	2
J0293209	1835.37905371544	1	1	3	10	2011	2	2	1	8	9	2	1	1	3
J0293210	1800.01482961491	1	1	3	10	2011	1	1	1	8	9	2	1	2	-9
J0293213	1257.06673544446	0	4	3	10	2011	1	1	1	8	9	2	3	8	-9
J0293301	2195.37049777684	0	5	3	11	2011	1	1	1	8	9	2	1	4	-9
J0293304	1877.22619589394	0	5	3	11	2011	1	1	1	8	9	2	1	4	-9
J0293305	1990.82352000503	1	1	3	11	2011	2	2	1	8	9	2	1	5	3
J0293306	1435.14223534048	0	5	3	11	2011	1	1	1	8	9	2	3	8	-9
J0293307	1656.84882747304	0	5	3	11	2011	1	1	1	8	9	2	2	5	-9
J0293402	1529.56043562813	0	5	3	11	2011	1	1	1	8	9	2	1	6	-9
J0293404	1640.13417381922	0	5	3	11	2011	1	1	1	8	9	2	1	7	-9
J0293410	1781.13613180402	0	5	3	11	2011	1	1	1	8	9	2	1	6	-9
J0293411	1794.25056474722	1	1	3	11	2011	1	1	1	8	9	2	4	7	-9
J0294102	1445.30800361874	1	1	4	1	2012	1	1	1	8	9	2	1	7	-9
J0294104	1467.39677972577	1	1	4	1	2012	1	1	1	8	9	2	1	7	-9
J0294105	1614.38479945388	0	5	4	1	2012	1	1	1	8	9	2	1	8	-9
J0294106	1726.58720331846	0	5	4	1	2012	1	1	1	8	9	2	1	6	-9
J0294108	1596.59324937146	0	5	4	1	2012	1	1	1	8	9	2	1	8	-9
J0294109	1892.90349958753	1	1	4	1	2012	2	2	1	8	9	2	2	6	3
J0294203	1544.71428746708	1	1	4	1	2012	2	2	1	8	9	2	1	10	3
J0294204	1819.65354436713	1	1	4	1	2012	1	1	1	8	9	2	1	3	-9
J0294205	1016.13695678194	1	1	4	1	2012	2	2	1	8	9	2	1	2	3
J0294206	1378.51360741801	0	5	4	1	2012	1	1	1	8	9	2	1	7	-9
J0294208	1143.81229971827	0	5	4	1	2012	1	1	1	8	9	2	3	7	-9
J0294301	1637.13249978172	0	4	4	2	2012	1	1	1	8	9	2	4	8	-9
J0294302	1508.42425283685	0	5	4	2	2012	1	1	1	8	9	2	1	9	-9
J0294304	1659.13356568832	0	4	4	2	2012	1	1	1	8	9	2	1	3	-9
J0294305	1344.39136147256	0	5	4	2	2012	1	1	1	8	9	2	1	7	-9
J0294306	1692.19616615912	1	1	4	2	2012	2	2	1	8	9	2	1	7	5
J0294307	2451.98275043711	0	5	4	2	2012	1	1	1	8	9	2	1	7	-9
J0294308	2629.53976892514	0	5	4	2	2012	1	1	1	8	9	2	1	4	-9
J0294309	824.99271552689	0	4	4	2	2012	1	1	1	8	9	2	1	4	-9
J0294310	2482.3384393148	1	1	4	2	2012	2	2	1	8	9	2	1	6	3
J0294311	3137.79921731905	1	1	4	2	2012	2	2	1	8	9	2	3	3	5
J0294401	2652.39605044864	0	5	4	2	2012	1	1	1	8	9	2	3	3	-9
J0294402	1531.89765202111	0	5	4	2	2012	1	1	1	8	9	2	3	5	-9
J0294404	1691.15894219138	0	5	4	2	2012	1	1	1	8	9	2	3	6	-9
J0294405	867.32416901552	1	1	4	2	2012	1	1	1	8	9	2	3	6	-9
J0294408	2086.50489498658	1	1	4	2	2012	1	1	1	8	9	2	4	10	-9
J0294411	1271.89140420788	0	5	4	2	2012	1	1	1	8	9	2	2	6	-9
J0301101	2186.39396447342	1	1	1	4	2011	1	1	1	8	9	2	1	9	-9
J0301102	1324.86593561258	0	4	1	4	2011	4	4	2	8	9	2	1	3	2
J0301103	1514.88947067597	1	1	1	4	2011	4	4	2	8	9	2	1	7	2
J0301104	1290.63906533307	1	1	1	4	2011	4	4	2	8	9	2	1	2	2
J0301105	2489.05303614578	0	5	1	4	2011	1	1	1	8	9	2	1	5	-9
J0301106	1994.03667869817	0	4	1	4	2011	1	1	1	8	9	2	1	10	-9
J0301107	2812.81289034201	0	5	1	4	2011	1	1	1	8	9	2	1	10	-9
J0301108	2696.97891760094	0	4	1	4	2011	1	1	1	8	9	2	1	8	-9
J0301109	1195.03497231514	1	1	1	4	2011	4	4	2	8	9	2	1	1	2
J0301110	1968.42082469549	1	1	1	4	2011	4	4	2	8	9	2	1	2	2
J0301202	1515.04130565916	0	4	1	4	2011	1	1	1	8	9	2	1	9	-9
J0301203	2129.48875600359	0	4	1	4	2011	1	1	1	8	9	2	1	6	-9
J0301204	3075.12246077726	0	5	1	4	2011	1	1	1	8	9	2	1	4	-9
J0301212	2130.11310200789	0	5	1	4	2011	1	1	1	8	9	2	2	10	-9
J0301301	1586.23614650451	1	1	1	5	2011	1	1	1	8	9	2	1	6	-9
J0301302	1733.04723692119	1	1	1	5	2011	2	2	1	8	9	2	1	10	3
J0301303	1682.00006178951	0	5	1	5	2011	1	1	1	8	9	2	1	10	-9
J0301304	1469.96346770594	0	4	1	5	2011	1	1	1	8	9	2	2	7	-9
J0301305	1979.12185759009	0	5	1	5	2011	1	1	1	8	9	2	1	5	-9
J0301308	1478.72419776588	1	1	1	5	2011	1	1	1	8	9	2	1	4	-9
J0301310	1662.85074251535	1	1	1	5	2011	1	1	1	8	9	2	3	10	-9
J0301401	1973.9794679333	0	5	1	5	2011	1	1	1	8	9	2	3	6	-9
J0301402	1674.13523876875	0	4	1	5	2011	1	1	1	8	9	2	4	6	-9
J0301403	1608.32499247885	0	4	1	5	2011	1	1	1	8	9	2	2	9	-9
J0301404	1462.55516182572	1	1	1	5	2011	4	4	2	8	9	2	3	7	2
J0301405	1736.95334963827	1	1	1	5	2011	1	1	1	8	9	2	4	5	-9
J0301406	1676.63004199809	0	5	1	5	2011	1	1	1	8	9	2	2	10	-9
J0301407	1249.6245113375	1	1	1	5	2011	1	1	1	8	9	2	2	8	-9
J0301410	1454.87734350331	0	5	1	5	2011	1	1	1	8	9	2	2	10	-9
J0302101	1476.89238934869	0	5	2	7	2011	1	1	1	8	9	2	1	9	-9
J0302103	858.281872767007	1	1	2	7	2011	2	2	1	8	9	2	1	4	3
J0302104	1341.39450205572	0	4	2	7	2011	1	1	1	8	9	2	1	6	-9
J0302105	1728.14122901393	0	5	2	7	2011	1	1	1	8	9	2	1	8	-9
J0302106	1489.94640245186	1	1	2	7	2011	1	1	1	8	9	2	1	9	-9
J0302108	1385.04538730471	0	4	2	7	2011	1	1	1	8	9	2	1	7	-9
J0302109	1551.0864418148	0	5	2	7	2011	1	1	1	8	9	2	1	9	-9
J0302202	2713.0437456892	0	5	2	7	2011	1	1	1	8	9	2	1	9	-9
J0302207	2798.16340050412	0	4	2	7	2011	1	1	1	8	9	2	1	8	-9
J0302209	1391.38673791081	0	5	2	7	2011	1	1	1	8	9	2	1	9	-9
J0302210	3333.20367559421	1	1	2	7	2011	1	1	1	8	9	2	1	9	-9
J0302211	3188.82657941119	0	5	2	7	2011	1	1	1	8	9	2	1	7	-9
J0302301	2468.11377659953	0	5	2	8	2011	1	1	1	8	9	2	4	8	-9
J0302303	1635.2040042606	0	5	2	8	2011	1	1	1	8	9	2	1	10	-9
J0302304	1536.83952911106	1	1	2	8	2011	1	1	1	8	9	2	1	10	-9
J0302309	2364.33034156941	0	5	2	8	2011	1	1	1	8	9	2	1	6	-9
J0302310	1629.41921856073	0	5	2	8	2011	1	1	1	8	9	2	1	8	-9
J0302311	1909.68168264111	1	1	2	8	2011	1	1	1	8	9	2	1	9	-9
J0302404	1881.01347678985	1	1	2	8	2011	2	2	1	8	9	2	1	3	3
J0302405	1857.82768492212	0	4	2	8	2011	2	2	1	8	9	2	1	4	3
J0302406	1775.24919848831	1	1	2	8	2011	1	1	1	8	9	2	3	7	-9
J0302407	1772.09533127548	0	5	2	8	2011	1	1	1	8	9	2	1	8	-9
J0302408	1573.15676938635	1	1	2	8	2011	4	4	2	8	9	2	1	5	2
J0303104	1951.76088343067	0	4	3	10	2011	2	2	1	8	9	2	1	2	5
J0303107	2039.93928286019	0	5	3	10	2011	1	1	1	8	9	2	1	3	-9
J0303201	1255.74307286516	0	5	3	10	2011	1	1	1	8	9	2	1	10	-9
J0303203	2044.95050307816	0	4	3	10	2011	2	2	1	8	9	2	1	9	3
J0303206	2169.3977727237	0	4	3	10	2011	2	2	1	8	9	2	1	2	3
J0303207	1511.1486166062	1	1	3	10	2011	2	2	1	8	9	2	1	3	3
J0303208	1762.64589549986	0	4	3	10	2011	1	1	1	8	9	2	1	4	-9
J0303301	1799.11373799437	0	4	3	11	2011	1	1	1	8	9	2	1	8	-9
J0303302	836.370799833038	1	1	3	11	2011	3	3	2	8	9	2	1	2	1
J0303304	1849.90197306397	0	4	3	11	2011	1	1	1	8	9	2	1	3	-9
J0303305	1321.93105251158	0	5	3	11	2011	1	1	1	8	9	2	1	5	-9
J0303307	1718.62648448663	0	5	3	11	2011	1	1	1	8	9	2	1	10	-9
J0303308	2432.8173636285	0	5	3	11	2011	1	1	1	8	9	2	1	5	-9
J0303311	2150.74329160457	0	4	3	11	2011	1	1	1	8	9	2	1	6	-9
J0303402	1148.88522890621	1	1	3	11	2011	3	3	2	8	9	2	1	4	1
J0303403	1552.33603492952	1	1	3	11	2011	1	1	1	8	9	2	1	4	-9
J0303404	1747.03660132848	0	5	3	11	2011	1	1	1	8	9	2	1	7	-9
J0303407	1457.0569341785	0	5	3	11	2011	4	4	2	8	9	2	1	3	2
J0303408	1422.8003147705	1	1	3	11	2011	1	1	1	8	9	2	1	8	-9
J0303409	2113.8726145035	0	5	3	11	2011	1	1	1	8	9	2	1	8	-9
J0303410	1607.43121028283	1	1	3	11	2011	1	1	1	8	9	2	1	8	-9
J0304101	1727.34969129911	0	5	4	1	2012	1	1	1	8	9	2	1	4	-9
J0304102	1620.07050598916	1	1	4	1	2012	1	1	1	8	9	2	4	4	-9
J0304104	1885.86136742277	1	1	4	1	2012	1	1	1	8	9	2	2	9	-9
J0304106	863.760448807508	1	1	4	1	2012	4	4	2	8	9	2	3	4	2
J0304107	1470.56614741866	1	1	4	1	2012	1	1	1	8	9	2	4	9	-9
J0304108	1425.47204808327	0	5	4	1	2012	1	1	1	8	9	2	2	5	-9
J0304109	1745.99712659162	1	1	4	1	2012	1	1	1	8	9	2	2	4	-9
J0304110	1391.10131608682	1	1	4	1	2012	4	4	2	8	9	2	2	8	2
J0304201	1639.88388699591	1	1	4	1	2012	1	1	1	8	9	2	2	10	-9
J0304202	1939.07399983392	1	1	4	1	2012	2	2	1	8	9	2	3	4	5
J0304204	1857.08658936516	0	5	4	1	2012	1	1	1	8	9	2	1	3	-9
J0304205	1904.16115871647	0	5	4	1	2012	1	1	1	8	9	2	1	4	-9
J0304206	1807.0904392114	1	1	4	1	2012	1	1	1	8	9	2	1	3	-9
J0304208	1185.64975614611	1	1	4	1	2012	1	1	1	8	9	2	1	8	-9
J0304209	2016.91947553438	0	5	4	1	2012	1	1	1	8	9	2	1	5	-9
J0304210	1173.47202575554	0	5	4	1	2012	1	1	1	8	9	2	1	10	-9
J0304302	794.832806946094	1	1	4	2	2012	4	4	2	8	9	2	1	3	2
J0304303	2328.73927561256	1	1	4	2	2012	1	1	1	8	9	2	1	8	-9
J0304304	1622.01594047351	0	5	4	2	2012	1	1	1	8	9	2	1	5	-9
J0304305	1281.94945887553	0	5	4	2	2012	1	1	1	8	9	2	1	4	-9
J0304308	1392.62252278806	1	1	4	2	2012	1	1	1	8	9	2	1	6	-9
J0304309	1874.06601257205	0	5	4	2	2012	1	1	1	8	9	2	1	3	-9
J0304310	1331.26777814153	0	5	4	2	2012	1	1	1	8	9	2	1	7	-9
J0304311	2686.50248074482	0	4	4	2	2012	2	2	1	8	9	2	1	9	5
J0304401	1270.91040095863	0	5	4	2	2012	1	1	1	8	9	2	1	7	-9
J0304403	1919.82362582075	1	1	4	2	2012	4	4	2	8	9	2	1	3	2
J0304404	1477.7021898113	0	5	4	2	2012	4	4	2	8	9	2	1	6	2
J0304407	2573.94108062249	1	1	4	2	2012	1	1	1	8	9	2	1	5	-9
J0304408	1476.64836033444	1	1	4	2	2012	4	4	2	8	9	2	1	2	2
J0311102	2539.53046535955	0	5	1	4	2011	1	1	1	8	9	2	2	9	-9
J0311105	2971.54202970501	0	4	1	4	2011	1	1	1	8	9	2	1	10	-9
J0311206	1729.95126130371	1	1	1	4	2011	1	1	1	8	9	2	1	2	-9
J0311207	1302.72253763289	0	4	1	4	2011	4	4	2	8	9	2	1	4	2
J0311208	2105.95588498546	1	1	1	4	2011	3	3	2	8	9	2	1	3	1
J0311302	2006.61540781249	0	5	1	5	2011	1	1	1	8	9	2	1	4	-9
J0311303	1875.60642399074	1	1	1	5	2011	1	1	1	8	9	2	1	4	-9
J0311304	3135.30263495352	1	1	1	5	2011	1	1	1	8	9	2	1	4	-9
J0311401	1659.83621260621	0	4	1	5	2011	3	3	2	8	9	2	1	4	1
J0311402	712.634880589861	0	5	1	5	2011	1	1	1	8	9	2	1	4	-9
J0311404	3806.27272607864	0	5	1	5	2011	1	1	1	8	9	2	1	6	-9
J0311408	1221.71763116463	1	1	1	5	2011	3	3	2	8	9	2	1	1	1
J0311411	1325.08340495679	0	5	1	5	2011	1	1	1	8	9	2	1	3	-9
J0312101	1518.40185621432	1	1	2	7	2011	1	1	1	8	9	2	1	10	-9
J0312102	1535.71171536622	0	5	2	7	2011	1	1	1	8	9	2	1	9	-9
J0312105	1425.5087849039	1	1	2	7	2011	1	1	1	8	9	2	1	8	-9
J0312107	1185.19624788584	1	1	2	7	2011	1	1	1	8	9	2	1	8	-9
J0312207	1829.28152421908	1	1	2	7	2011	2	2	1	8	9	2	1	5	3
J0312301	1889.24475466794	1	1	2	8	2011	2	2	1	8	9	2	1	7	3
J0312304	1024.02226151144	0	5	2	8	2011	1	1	1	8	9	2	1	4	-9
J0312305	863.274547966837	1	1	2	8	2011	3	3	2	8	9	2	1	2	1
J0312306	1937.96440582673	1	1	2	8	2011	3	3	2	8	9	2	1	3	1
J0312307	1607.02169101728	1	1	2	8	2011	1	1	1	8	9	2	1	5	-9
J0312308	1592.55932303952	1	1	2	8	2011	3	3	2	8	9	2	1	3	1
J0312310	1971.04842276008	1	1	2	8	2011	1	1	1	8	9	2	1	5	-9
J0312403	2036.75274718843	0	5	2	8	2011	1	1	1	8	9	2	1	9	-9
J0313103	1810.17116162741	0	5	3	10	2011	1	1	1	8	9	2	1	5	-9
J0313104	1771.65778294404	1	1	3	10	2011	1	1	1	8	9	2	1	9	-9
J0313105	1415.53118070321	0	5	3	10	2011	1	1	1	8	9	2	1	9	-9
J0313106	1814.85565157131	0	5	3	10	2011	1	1	1	8	9	2	2	8	-9
J0313201	1687.13734806214	1	1	3	10	2011	1	1	1	8	9	2	1	9	-9
J0313202	1281.80218296391	0	5	3	10	2011	1	1	1	8	9	2	3	7	-9
J0313203	1798.82273430531	1	1	3	10	2011	1	1	1	8	9	2	1	6	-9
J0313204	1887.19335021837	0	5	3	10	2011	1	1	1	8	9	2	1	5	-9
J0313207	1633.78131948557	0	5	3	10	2011	1	1	1	8	9	2	2	9	-9
J0313301	1751.58364520696	1	1	3	11	2011	2	2	1	8	9	2	3	6	3
J0313302	1548.6746562805	1	1	3	11	2011	2	2	1	8	9	2	3	6	4
J0313303	1406.15809294447	1	1	3	11	2011	1	1	1	8	9	2	1	10	-9
J0313306	1318.03160259273	0	5	3	11	2011	1	1	1	8	9	2	2	5	-9
J0313307	1440.10992284709	0	5	3	11	2011	1	1	1	8	9	2	2	5	-9
J0313401	1544.70022591684	0	5	3	11	2011	1	1	1	8	9	2	1	10	-9
J0313402	1175.70094363111	1	1	3	11	2011	1	1	1	8	9	2	1	9	-9
J0313403	3259.02203930414	0	5	3	11	2011	1	1	1	8	9	2	1	9	-9
J0313404	1649.26110871139	0	5	3	11	2011	1	1	1	8	9	2	1	7	-9
J0313405	1760.55125880928	1	1	3	11	2011	1	1	1	8	9	2	1	8	-9
J0313407	1554.25696196634	0	4	3	11	2011	1	1	1	8	9	2	1	10	-9
J0313409	1847.41126618761	0	5	3	11	2011	1	1	1	8	9	2	2	5	-9
J0314102	1187.50313529992	0	5	4	1	2012	1	1	1	8	9	2	2	9	-9
J0314103	1191.07962352961	1	1	4	1	2012	1	1	1	8	9	2	2	10	-9
J0314104	1763.4951549451	1	1	4	1	2012	4	4	2	8	9	2	3	10	2
J0314109	921.477409298951	1	1	4	1	2012	4	4	2	8	9	2	1	5	2
J0314110	1281.99669021444	0	5	4	1	2012	1	1	1	8	9	2	1	7	-9
J0314201	1776.12151790563	1	1	4	1	2012	1	1	1	8	9	2	3	9	-9
J0314202	2199.60844881642	1	1	4	1	2012	4	4	2	8	9	2	2	5	2
J0314206	1290.41902735109	1	1	4	1	2012	1	1	1	8	9	2	2	9	-9
J0314301	2737.09947462686	1	1	4	2	2012	1	1	1	8	9	2	1	9	-9
J0314303	2621.87756165884	1	1	4	2	2012	2	2	1	8	9	2	1	5	3
J0314305	1476.97808250881	0	5	4	2	2012	4	4	2	8	9	2	1	6	2
J0314309	1528.71767557973	0	5	4	2	2012	1	1	1	8	9	2	1	9	-9
J0314405	1893.93078170644	0	5	4	2	2012	1	1	1	8	9	2	1	10	-9
J0321102	1746.27371782169	1	1	1	4	2011	1	1	1	9	8	2	1	8	-9
J0321106	1862.17168445834	0	4	1	4	2011	1	1	1	9	8	2	1	6	-9
J0321107	1392.45557844073	1	1	1	4	2011	4	4	2	9	8	2	1	6	2
J0321111	1516.93053488855	1	1	1	4	2011	1	1	1	9	8	2	1	10	-9
J0321205	1693.72790545734	0	4	1	4	2011	1	1	1	9	8	2	1	9	-9
J0321208	1567.47969058309	1	1	1	4	2011	1	1	1	9	8	2	1	8	-9
J0321210	1792.31545015534	0	4	1	4	2011	1	1	1	9	8	2	1	8	-9
J0321301	1709.07803116146	1	1	1	5	2011	1	1	1	9	8	2	1	7	-9
J0321302	2105.87690401374	0	5	1	5	2011	1	1	1	9	8	2	1	8	-9
J0321304	1356.21737014218	0	5	1	5	2011	1	1	1	9	8	2	1	10	-9
J0321305	1455.52153519131	1	1	1	5	2011	1	1	1	9	8	2	1	7	-9
J0321307	2745.47987083844	1	1	1	5	2011	2	2	1	9	8	2	1	6	5
J0321310	3569.3359898205	1	1	1	5	2011	1	1	1	9	8	2	1	9	-9
J0321404	869.583907780847	1	1	1	5	2011	4	4	2	9	8	2	1	4	2
J0321405	1802.18731103296	1	1	1	5	2011	2	2	1	9	8	2	1	7	3
J0321406	1851.74110715658	0	4	1	5	2011	2	2	1	9	8	2	1	3	4
J0321411	1266.96494653576	0	5	1	5	2011	1	1	1	9	8	2	1	4	-9
J0321412	1123.34600611849	0	4	1	5	2011	4	4	2	9	8	2	1	2	2
J0321413	4438.79905062766	0	4	1	5	2011	2	2	1	9	8	2	1	2	3
J0321414	1648.68385962433	1	1	1	5	2011	4	4	2	9	8	2	1	2	2
J0321415	973.654004475889	0	4	1	5	2011	2	2	1	9	8	2	1	2	3
J0322111	802.487637147202	1	1	2	7	2011	1	1	1	9	8	2	1	2	-9
J0322115	1390.32664094054	1	1	2	7	2011	3	3	2	9	8	2	1	3	1
J0322204	3341.18719268857	1	1	2	7	2011	1	1	1	9	8	2	1	8	-9
J0322205	3159.168181691	0	5	2	7	2011	1	1	1	9	8	2	1	7	-9
J0322207	1422.82666598011	1	1	2	7	2011	1	1	1	9	8	2	1	6	-9
J0322210	2641.56021333363	1	1	2	7	2011	3	3	2	9	8	2	1	1	1
J0322212	1885.0909572956	1	1	2	7	2011	3	3	2	9	8	2	1	7	1
J0322301	1741.35732220836	0	5	2	8	2011	1	1	1	9	8	2	1	7	-9
J0322302	1743.65678549116	0	5	2	8	2011	1	1	1	9	8	2	1	8	-9
J0322304	1684.81421978559	0	5	2	8	2011	1	1	1	9	8	2	1	5	-9
J0322306	887.729083084136	1	1	2	8	2011	3	3	2	9	8	2	1	2	1
J0322307	1521.26181730738	1	1	2	8	2011	1	1	1	9	8	2	1	2	-9
J0322308	1733.85937479197	0	5	2	8	2011	1	1	1	9	8	2	1	7	-9
J0322311	1074.38911274731	1	1	2	8	2011	2	2	1	9	8	2	1	2	3
J0322312	792.49598102732	1	1	2	8	2011	3	3	2	9	8	2	1	2	1
J0322313	800.056426684697	1	1	2	8	2011	4	4	2	9	8	2	1	1	2
J0322314	703.610781825502	0	4	2	8	2011	3	3	2	9	8	2	1	1	1
J0322402	1411.1761947849	1	1	2	8	2011	1	1	1	9	8	2	1	10	-9
J0322403	1362.72674016706	0	5	2	8	2011	1	1	1	9	8	2	1	4	-9
J0322406	2060.45050414185	0	4	2	8	2011	1	1	1	9	8	2	1	7	-9
J0322407	2234.84991442508	0	5	2	8	2011	1	1	1	9	8	2	1	7	-9
J0322408	1669.07513720845	0	4	2	8	2011	2	2	1	9	8	2	1	7	5
J0323101	1688.36474300253	0	5	3	10	2011	1	1	1	9	8	2	1	3	-9
J0323103	1561.07536815942	1	1	3	10	2011	1	1	1	9	8	2	1	10	-9
J0323105	1448.07318152839	1	1	3	10	2011	1	1	1	9	8	2	1	10	-9
J0323107	1695.93718212951	0	5	3	10	2011	1	1	1	9	8	2	1	6	-9
J0323109	3484.70996866307	1	1	3	10	2011	2	2	1	9	8	2	1	2	3
J0323110	1711.90856290254	1	1	3	10	2011	1	1	1	9	8	2	1	7	-9
J0323202	2337.59207119728	0	4	3	10	2011	1	1	1	9	8	2	1	9	-9
J0323204	1070.6622784142	0	4	3	10	2011	1	1	1	9	8	2	1	2	-9
J0323205	1928.0951661821	0	5	3	10	2011	1	1	1	9	8	2	1	3	-9
J0323206	899.731186485388	0	5	3	10	2011	1	1	1	9	8	2	1	4	-9
J0323207	1633.00787820328	0	4	3	10	2011	1	1	1	9	8	2	1	5	-9
J0323208	1346.7051226954	0	5	3	10	2011	1	1	1	9	8	2	1	5	-9
J0323209	1704.7138118707	0	4	3	10	2011	2	2	1	9	8	2	1	4	3
J0323211	865.189554409125	0	5	3	10	2011	1	1	1	9	8	2	1	1	-9
J0323212	1290.89781203833	0	4	3	10	2011	1	1	1	9	8	2	1	2	-9
J0323302	1539.88935499625	0	4	3	11	2011	3	3	2	9	8	2	1	1	1
J0323306	3035.26595419675	1	1	3	11	2011	2	2	1	9	8	2	1	5	3
J0323307	1112.75237999824	0	5	3	11	2011	4	4	2	9	8	2	1	5	2
J0323308	799.194025828131	1	1	3	11	2011	4	4	2	9	8	2	1	1	2
J0323309	725.483456730008	0	5	3	11	2011	1	1	1	9	8	2	1	1	-9
J0323313	1739.09459109206	1	1	3	11	2011	1	1	1	9	8	2	1	4	-9
J0323314	1670.85816262666	1	1	3	11	2011	2	2	1	9	8	2	1	5	3
J0323402	2666.09038816977	0	4	3	11	2011	1	1	1	9	8	2	1	4	-9
J0323403	1909.99723185997	0	5	3	11	2011	1	1	1	9	8	2	1	4	-9
J0323410	1556.26844570739	0	5	3	11	2011	1	1	1	9	8	2	1	3	-9
J0323411	699.96016526253	1	1	3	11	2011	4	4	2	9	8	2	1	1	2
J0323413	1183.26059662153	1	1	3	11	2011	2	2	1	9	8	2	1	3	3
J0324102	1871.44224335103	0	4	4	1	2012	2	2	1	9	8	2	1	5	3
J0324105	1210.01422445704	1	1	4	1	2012	3	3	2	9	8	2	1	4	1
J0324106	2332.42725658652	1	1	4	1	2012	2	2	1	9	8	2	1	5	4
J0324108	3835.84714816512	0	5	4	1	2012	1	1	1	9	8	2	1	3	-9
J0324109	2406.85257889844	0	4	4	1	2012	2	2	1	9	8	2	1	2	4
J0324110	2214.83243864461	0	5	4	1	2012	1	1	1	9	8	2	1	5	-9
J0324113	2402.24693154108	1	1	4	1	2012	3	3	2	9	8	2	1	2	1
J0324115	1037.27585971786	1	1	4	1	2012	3	3	2	9	8	2	1	4	1
J0324117	1267.83661804916	0	4	4	1	2012	1	1	1	9	8	2	1	5	-9
J0324118	1691.67979372686	0	5	4	1	2012	1	1	1	9	8	2	1	7	-9
J0324203	754.563222050078	0	5	4	1	2012	3	3	2	9	8	2	1	5	1
J0324204	899.804162137987	0	4	4	1	2012	2	2	1	9	8	2	1	4	3
J0324205	1016.44405391823	0	5	4	1	2012	1	1	1	9	8	2	1	3	-9
J0324206	729.463498008092	1	1	4	1	2012	3	3	2	9	8	2	1	3	1
J0324207	1205.44554278817	1	1	4	1	2012	2	2	1	9	8	2	1	4	3
J0324208	1705.0562305998	0	5	4	1	2012	1	1	1	9	8	2	1	5	-9
J0324209	1603.6986026941	0	4	4	1	2012	3	3	2	9	8	2	1	2	1
J0324210	844.325294053013	1	1	4	1	2012	4	4	2	9	8	2	1	2	2
J0324211	1126.68042800539	0	4	4	1	2012	1	1	1	9	8	2	1	1	-9
J0324212	1719.80033208257	0	5	4	1	2012	1	1	1	9	8	2	1	4	-9
J0324213	1945.93784619544	0	5	4	1	2012	2	2	1	9	8	2	1	5	3
J0324215	828.958602647103	1	1	4	1	2012	4	4	2	9	8	2	1	2	2
J0324216	1314.64718965231	1	1	4	1	2012	3	3	2	9	8	2	1	2	1
J0324217	910.427852544391	1	1	4	1	2012	3	3	2	9	8	2	1	1	1
J0324303	1095.16085979075	0	5	4	2	2012	1	1	1	9	8	2	1	1	-9
J0324304	703.411405581616	1	1	4	2	2012	3	3	2	9	8	2	1	1	1
J0324305	893.015489769023	1	1	4	2	2012	3	3	2	9	8	2	1	2	1
J0324308	1630.8633640115	1	1	4	2	2012	3	3	2	9	8	2	1	1	1
J0324309	1433.37821521665	0	5	4	2	2012	3	3	2	9	8	2	1	1	1
J0324310	1196.36195873578	0	4	4	2	2012	1	1	1	9	8	2	1	2	-9
J0324311	2296.85469403405	1	1	4	2	2012	2	2	1	9	8	2	1	1	5
J0324312	905.278070377625	1	1	4	2	2012	1	1	1	9	8	2	1	1	-9
J0324313	1197.507509144	1	1	4	2	2012	4	4	2	9	8	2	1	2	2
J0324316	847.577960797236	1	1	4	2	2012	4	4	2	9	8	2	1	2	2
J0324319	1682.49847570716	0	5	4	2	2012	3	3	2	9	8	2	1	1	1
J0324403	2009.57907486131	0	5	4	2	2012	1	1	1	9	8	2	1	3	-9
J0324404	1830.30343021067	0	5	4	2	2012	1	1	1	9	8	2	1	4	-9
J0324405	842.10691362117	1	1	4	2	2012	1	1	1	9	8	2	1	1	-9
J0324407	2424.87846172827	1	1	4	2	2012	2	2	1	9	8	2	1	1	3
J0324408	805.169873859024	0	4	4	2	2012	3	3	2	9	8	2	1	1	1
J0324409	1144.86877136532	0	5	4	2	2012	3	3	2	9	8	2	1	1	1
J0324410	573.026069818921	1	1	4	2	2012	3	3	2	9	8	2	1	1	1
J0324411	686.480062808959	0	5	4	2	2012	1	1	1	9	8	2	1	1	-9
J0324412	693.356525608579	1	1	4	2	2012	1	1	1	9	8	2	1	1	-9
J0324415	856.969881341599	1	1	4	2	2012	4	4	2	9	8	2	1	2	2
J0331102	957.525738346091	1	1	1	4	2011	3	3	2	9	8	2	1	2	1
J0331103	2386.36357442923	1	1	1	4	2011	3	3	2	9	8	2	1	2	1
J0331104	793.532608179405	0	5	1	4	2011	1	1	1	9	8	2	1	2	-9
J0331106	1104.35090223695	1	1	1	4	2011	4	4	2	9	8	2	1	2	2
J0331109	2396.89531935131	0	4	1	4	2011	2	2	1	9	8	2	1	8	3
J0331110	1014.6572596149	1	1	1	4	2011	3	3	2	9	8	2	1	2	1
J0331111	1034.89247920898	1	1	1	4	2011	2	2	1	9	8	2	1	4	3
J0331112	1673.37017599989	0	4	1	4	2011	1	1	1	9	8	2	1	4	-9
J0331113	1249.0109575665	1	1	1	4	2011	3	3	2	9	8	2	1	2	1
J0331116	966.956405604786	0	4	1	4	2011	3	3	2	9	8	2	1	2	1
J0331117	1002.84269011914	0	4	1	4	2011	3	3	2	9	8	2	1	2	1
J0331121	2578.40264130195	1	1	1	4	2011	4	4	2	9	8	2	1	2	2
J0331202	4016.04739765854	1	1	1	4	2011	1	1	1	9	8	2	1	5	-9
J0331204	839.115282023771	1	1	1	4	2011	3	3	2	9	8	2	1	2	1
J0331208	1938.52243727114	1	1	1	4	2011	3	3	2	9	8	2	1	5	1
J0331210	2435.93331854723	1	1	1	4	2011	3	3	2	9	8	2	1	3	1
J0331213	1753.31785222004	0	4	1	4	2011	2	2	1	9	8	2	1	2	5
J0331216	1887.04911059837	1	1	1	4	2011	2	2	1	9	8	2	1	3	3
J0331217	1671.11357516253	1	1	1	4	2011	1	1	1	9	8	2	1	3	-9
J0331219	2090.98899437598	1	1	1	4	2011	3	3	2	9	8	2	1	4	1
J0331221	2243.36505317502	0	5	1	4	2011	1	1	1	9	8	2	1	3	-9
J0331301	1526.66251368695	1	1	1	5	2011	1	1	1	9	8	2	1	3	-9
J0331302	1291.14711263467	1	1	1	5	2011	2	2	1	9	8	2	1	3	5
J0331304	890.414784760978	1	1	1	5	2011	4	4	2	9	8	2	1	1	2
J0331310	787.821431009336	1	1	1	5	2011	3	3	2	9	8	2	1	4	1
J0331311	1591.72227816791	0	5	1	5	2011	1	1	1	9	8	2	1	4	-9
J0331312	3068.07684517216	1	1	1	5	2011	2	2	1	9	8	2	1	2	3
J0331313	817.500688289726	1	1	1	5	2011	3	3	2	9	8	2	1	2	1
J0331314	933.182233650072	1	1	1	5	2011	3	3	2	9	8	2	1	2	1
J0331316	5789.26494434361	1	1	1	5	2011	2	2	1	9	8	2	1	3	5
J0331401	2405.75529670996	0	5	1	5	2011	1	1	1	9	8	2	1	3	-9
J0331411	1539.32509208483	1	1	1	5	2011	3	3	2	9	8	2	1	3	1
J0331412	2128.9075679043	0	5	1	5	2011	1	1	1	9	8	2	1	5	-9
J0332101	1475.3832236069	1	1	2	7	2011	3	3	2	9	8	2	1	3	1
J0332102	2789.66792500919	0	5	2	7	2011	1	1	1	9	8	2	1	4	-9
J0332103	2682.56453296519	1	1	2	7	2011	1	1	1	9	8	2	1	4	-9
J0332104	1879.91594918663	1	1	2	7	2011	2	2	1	9	8	2	1	2	4
J0332105	9770.13217511233	0	4	2	7	2011	2	2	1	9	8	2	1	5	3
J0332110	3722.45959377251	1	1	2	7	2011	3	3	2	9	8	2	1	2	1
J0332111	1090.47201115091	0	5	2	7	2011	1	1	1	9	8	2	1	3	-9
J0332203	743.204171597675	1	1	2	7	2011	4	4	2	9	8	2	1	3	2
J0332204	1907.72153961413	1	1	2	7	2011	1	1	1	9	8	2	1	3	-9
J0332205	2360.83663729419	0	4	2	7	2011	2	2	1	9	8	2	1	5	4
J0332207	2311.74637095346	1	1	2	7	2011	2	2	1	9	8	2	1	5	3
J0332208	4623.65245125794	0	5	2	7	2011	1	1	1	9	8	2	1	5	-9
J0332214	2185.93389660178	0	4	2	7	2011	4	4	2	9	8	2	1	2	2
J0332217	3549.08488141782	0	5	2	7	2011	1	1	1	9	8	2	1	5	-9
J0332218	987.689119072164	0	4	2	7	2011	1	1	1	9	8	2	1	1	-9
J0332302	1722.80919143438	0	5	2	8	2011	1	1	1	9	8	2	1	8	-9
J0332303	1381.17648185371	1	1	2	8	2011	4	4	2	9	8	2	1	3	2
J0332307	1360.34309063462	0	5	2	8	2011	1	1	1	9	8	2	1	4	-9
J0332308	1575.10141903585	0	4	2	8	2011	2	2	1	9	8	2	1	4	5
J0332309	1231.5535751212	0	4	2	8	2011	4	4	2	9	8	2	1	1	2
J0332310	2224.9156140956	1	1	2	8	2011	2	2	1	9	8	2	1	3	3
J0332311	1363.0667587133	1	1	2	8	2011	4	4	2	9	8	2	1	3	2
J0332314	1008.83833891682	1	1	2	8	2011	4	4	2	9	8	2	1	1	2
J0332403	1472.01084244868	1	1	2	8	2011	4	4	2	9	8	2	1	3	2
J0332408	3336.32581951186	0	5	2	8	2011	1	1	1	9	8	2	1	6	-9
J0332410	2628.89798263467	1	1	2	8	2011	4	4	2	9	8	2	1	3	2
J0332412	3152.33003369841	1	1	2	8	2011	1	1	1	9	8	2	1	7	-9
J0332414	1580.35465417455	1	1	2	8	2011	1	1	1	9	8	2	1	2	-9
J0332415	978.641996215706	1	1	2	8	2011	3	3	2	9	8	2	1	2	1
J0332416	704.637565619827	1	1	2	8	2011	3	3	2	9	8	2	1	1	1
J0332418	2987.77272255737	1	1	2	8	2011	1	1	1	9	8	2	1	2	-9
J0333103	1709.78424370847	0	5	3	10	2011	1	1	1	9	8	2	1	7	-9
J0333108	1474.57410505707	0	5	3	10	2011	4	4	2	9	8	2	1	2	2
J0333111	2078.33929154552	1	1	3	10	2011	2	2	1	9	8	2	1	2	3
J0333201	1383.70553621224	0	4	3	10	2011	1	1	1	9	8	2	1	8	-9
J0333202	1523.60346664438	0	5	3	10	2011	1	1	1	9	8	2	1	7	-9
J0333204	1374.18948808195	0	4	3	10	2011	1	1	1	9	8	2	1	6	-9
J0333205	1342.70640729012	0	5	3	10	2011	1	1	1	9	8	2	1	4	-9
J0333206	2148.39361024949	1	1	3	10	2011	2	2	1	9	8	2	1	8	3
J0333207	1266.18468405127	0	5	3	10	2011	1	1	1	9	8	2	1	9	-9
J0333211	1654.88232290695	0	4	3	10	2011	1	1	1	9	8	2	1	9	-9
J0333302	1739.22894244546	0	5	3	11	2011	1	1	1	9	8	2	1	8	-9
J0333303	1537.26242149758	1	1	3	11	2011	1	1	1	9	8	2	1	8	-9
J0333304	3860.63080827062	0	5	3	11	2011	1	1	1	9	8	2	1	8	-9
J0333305	1912.79188852244	0	5	3	11	2011	1	1	1	9	8	2	1	8	-9
J0333306	1748.51026735376	0	4	3	11	2011	1	1	1	9	8	2	1	6	-9
J0333307	1378.08993287831	0	5	3	11	2011	1	1	1	9	8	2	1	7	-9
J0333310	2107.78578664747	0	5	3	11	2011	1	1	1	9	8	2	1	3	-9
J0333312	1940.43633176188	0	5	3	11	2011	1	1	1	9	8	2	1	9	-9
J0333313	2991.9342687466	0	4	3	11	2011	2	2	1	9	8	2	1	10	3
J0333315	1433.68734579791	0	4	3	11	2011	2	2	1	9	8	2	1	8	3
J0333405	2270.70372181421	0	5	3	11	2011	1	1	1	9	8	2	1	4	-9
J0333406	2247.26483652917	1	1	3	11	2011	1	1	1	9	8	2	1	9	-9
J0333409	1582.74171046126	0	5	3	11	2011	1	1	1	9	8	2	1	4	-9
J0333410	1829.75136987804	0	4	3	11	2011	2	2	1	9	8	2	1	7	3
J0333411	2954.55182013726	1	1	3	11	2011	1	1	1	9	8	2	1	8	-9
J0333412	1968.76062776208	0	5	3	11	2011	1	1	1	9	8	2	1	9	-9
J0333414	1781.27243341132	0	5	3	11	2011	1	1	1	9	8	2	1	10	-9
J0333415	3290.01475844594	0	5	3	11	2011	1	1	1	9	8	2	1	9	-9
J0334101	1946.62011738333	1	1	4	1	2012	1	1	1	9	8	2	1	9	-9
J0334103	1625.64756740168	1	1	4	1	2012	1	1	1	9	8	2	1	10	-9
J0334104	1788.2492518269	0	5	4	1	2012	1	1	1	9	8	2	1	9	-9
J0334105	988.837674857699	0	5	4	1	2012	2	2	1	9	8	2	1	2	3
J0334107	1527.88348110339	0	4	4	1	2012	2	2	1	9	8	2	1	9	3
J0334109	2022.75485335543	0	5	4	1	2012	1	1	1	9	8	2	1	4	-9
J0334110	1563.34715953519	0	5	4	1	2012	1	1	1	9	8	2	1	10	-9
J0334111	1532.17415729305	1	1	4	1	2012	1	1	1	9	8	2	1	10	-9
J0334112	2494.87386585248	1	1	4	1	2012	4	4	2	9	8	2	1	7	2
J0334115	1763.83800436571	0	5	4	1	2012	1	1	1	9	8	2	1	10	-9
J0334202	1784.66717578302	0	5	4	1	2012	1	1	1	9	8	2	1	7	-9
J0334205	2053.49610646499	0	5	4	1	2012	1	1	1	9	8	2	1	9	-9
J0334206	3420.97828481727	0	4	4	1	2012	1	1	1	9	8	2	1	9	-9
J0334209	1801.05335314303	0	5	4	1	2012	1	1	1	9	8	2	1	10	-9
J0334210	1668.92889898504	0	5	4	1	2012	1	1	1	9	8	2	1	10	-9
J0334211	1599.34780681399	1	1	4	1	2012	1	1	1	9	8	2	1	10	-9
J0334304	919.341041750137	0	5	4	2	2012	2	2	1	9	8	2	1	1	3
J0334306	965.992200403935	0	5	4	2	2012	1	1	1	9	8	2	1	1	-9
J0334307	1942.45859679914	0	4	4	2	2012	1	1	1	9	8	2	1	4	-9
J0334309	1725.11357512478	1	1	4	2	2012	4	4	2	9	8	2	1	2	2
J0334313	1056.11386213314	1	1	4	2	2012	4	4	2	9	8	2	1	4	2
J0334315	810.71137862241	0	4	4	2	2012	4	4	2	9	8	2	1	1	2
J0334316	1234.16787881342	0	5	4	2	2012	1	1	1	9	8	2	1	7	-9
J0334317	1609.42188966298	0	4	4	2	2012	1	1	1	9	8	2	1	10	-9
J0334402	1489.61936834166	0	4	4	2	2012	1	1	1	9	8	2	1	9	-9
J0334403	1658.15435090047	0	5	4	2	2012	1	1	1	9	8	2	1	8	-9
J0334405	1492.62398368753	0	5	4	2	2012	1	1	1	9	8	2	1	9	-9
J0334406	1546.67395454898	0	5	4	2	2012	1	1	1	9	8	2	1	9	-9
J0334407	1388.5728201984	1	1	4	2	2012	1	1	1	9	8	2	1	9	-9
J0334412	1550.65232261123	1	1	4	2	2012	1	1	1	9	8	2	1	8	-9
J0334414	1298.72223125619	1	1	4	2	2012	1	1	1	9	8	2	1	9	-9
J0334415	2996.40048147071	0	4	4	2	2012	2	2	1	9	8	2	1	9	4
J0341101	761.099526116268	1	1	1	4	2011	3	3	2	9	8	2	1	2	1
J0341102	1871.66330434671	0	4	1	4	2011	2	2	1	9	8	2	1	3	3
J0341106	968.387401814461	1	1	1	4	2011	4	4	2	9	8	2	1	5	2
J0341107	1999.65975369348	0	4	1	4	2011	1	1	1	9	8	2	1	6	-9
J0341110	2025.47348903758	0	4	1	4	2011	2	2	1	9	8	2	1	4	3
J0341111	1596.43073172166	1	1	1	4	2011	2	2	1	9	8	2	1	5	3
J0341112	5822.20890372323	0	4	1	4	2011	1	1	1	9	8	2	1	2	-9
J0341113	2134.90466052641	0	5	1	4	2011	1	1	1	9	8	2	1	4	-9
J0341115	1632.01033475464	0	5	1	4	2011	1	1	1	9	8	2	1	6	-9
J0341116	1366.85099945862	1	1	1	4	2011	1	1	1	9	8	2	1	8	-9
J0341117	1394.66137784502	0	5	1	4	2011	1	1	1	9	8	2	1	8	-9
J0341205	2370.46857295091	0	5	1	4	2011	1	1	1	9	8	2	1	6	-9
J0341206	3536.50031819145	1	1	1	4	2011	1	1	1	9	8	2	1	2	-9
J0341208	1595.24887173869	1	1	1	4	2011	3	3	2	9	8	2	1	1	1
J0341209	1471.30494877318	0	4	1	4	2011	3	3	2	9	8	2	1	2	1
J0341210	791.966212818097	1	1	1	4	2011	3	3	2	9	8	2	1	2	1
J0341211	840.79723886057	1	1	1	4	2011	3	3	2	9	8	2	1	2	1
J0341212	2397.9903532385	1	1	1	4	2011	1	1	1	9	8	2	1	5	-9
J0341215	1891.39792601733	1	1	1	4	2011	1	1	1	9	8	2	1	9	-9
J0341301	1607.17665442032	0	4	1	5	2011	1	1	1	9	8	2	1	8	-9
J0341302	1552.57816075274	0	5	1	5	2011	1	1	1	9	8	2	1	7	-9
J0341304	1506.64171922159	0	5	1	5	2011	1	1	1	9	8	2	1	10	-9
J0341305	1158.4750359544	1	1	1	5	2011	3	3	2	9	8	2	1	5	1
J0341307	1687.69892984764	1	1	1	5	2011	2	2	1	9	8	2	1	9	4
J0341311	1293.82014969558	0	4	1	5	2011	4	4	2	9	8	2	1	4	2
J0341401	1427.74003629186	0	4	1	5	2011	1	1	1	9	8	2	1	7	-9
J0341404	1578.94249743316	0	5	1	5	2011	1	1	1	9	8	2	1	8	-9
J0341405	1538.63975868673	0	4	1	5	2011	3	3	2	9	8	2	1	4	1
J0341406	1510.90793850499	0	5	1	5	2011	1	1	1	9	8	2	1	6	-9
J0341407	1369.22637449547	1	1	1	5	2011	3	3	2	9	8	2	1	5	1
J0341411	1644.2383274088	1	1	1	5	2011	1	1	1	9	8	2	1	7	-9
J0341412	1298.55322009774	1	1	1	5	2011	4	4	2	9	8	2	1	5	2
J0342101	1267.193063382	0	4	2	7	2011	1	1	1	9	8	2	1	9	-9
J0342102	2267.12548766805	0	5	2	7	2011	1	1	1	9	8	2	1	8	-9
J0342103	2622.61151131524	1	1	2	7	2011	1	1	1	9	8	2	1	8	-9
J0342108	1999.43855661624	0	5	2	7	2011	1	1	1	9	8	2	1	7	-9
J0342109	1803.1059467851	0	5	2	7	2011	1	1	1	9	8	2	1	10	-9
J0342110	2045.89237313861	1	1	2	7	2011	1	1	1	9	8	2	1	8	-9
J0342111	2571.00594159388	0	5	2	7	2011	1	1	1	9	8	2	1	8	-9
J0342113	2019.52648142049	0	5	2	7	2011	1	1	1	9	8	2	1	7	-9
J0342115	1640.40144990456	0	5	2	7	2011	1	1	1	9	8	2	1	8	-9
J0342203	1015.15975377284	1	1	2	7	2011	3	3	2	9	8	2	1	4	1
J0342205	1881.6094508552	0	5	2	7	2011	1	1	1	9	8	2	1	6	-9
J0342206	1778.17878145125	1	1	2	7	2011	1	1	1	9	8	2	1	8	-9
J0342210	1851.01929301835	1	1	2	7	2011	1	1	1	9	8	2	1	8	-9
J0342212	2220.21388758937	1	1	2	7	2011	1	1	1	9	8	2	1	3	-9
J0342301	853.072830293821	1	1	2	8	2011	3	3	2	9	8	2	1	3	1
J0342302	1908.97818498825	0	5	2	8	2011	1	1	1	9	8	2	1	10	-9
J0342305	3417.72218425867	0	4	2	8	2011	2	2	1	9	8	2	1	9	3
J0342307	2088.92758501173	1	1	2	8	2011	1	1	1	9	8	2	1	8	-9
J0342315	1091.00024327872	1	1	2	8	2011	3	3	2	9	8	2	1	8	1
J0342402	2188.73323736953	0	4	2	8	2011	4	4	2	9	8	2	1	5	2
J0342403	1506.33665137364	1	1	2	8	2011	2	2	1	9	8	2	1	6	3
J0342405	2760.88247490842	0	4	2	8	2011	1	1	1	9	8	2	1	8	-9
J0342406	1607.59032287684	0	5	2	8	2011	1	1	1	9	8	2	1	9	-9
J0342407	2073.55048623812	0	5	2	8	2011	1	1	1	9	8	2	1	6	-9
J0342408	928.234215411209	1	1	2	8	2011	2	2	1	9	8	2	1	4	5
J0342410	2498.85850730767	1	1	2	8	2011	1	1	1	9	8	2	1	9	-9
J0342411	1573.18598984681	0	5	2	8	2011	1	1	1	9	8	2	1	9	-9
J0343101	1818.39316952912	0	5	3	10	2011	1	1	1	9	8	2	1	2	-9
J0343102	3581.1382464096	0	5	3	10	2011	2	2	1	9	8	2	1	6	3
J0343103	1377.10200301754	1	1	3	10	2011	1	1	1	9	8	2	1	7	-9
J0343105	2136.2232509686	0	4	3	10	2011	3	3	2	9	8	2	1	3	1
J0343110	1683.50134958476	1	1	3	10	2011	3	3	2	9	8	2	1	3	1
J0343115	3080.28760090403	1	1	3	10	2011	2	2	1	9	8	2	1	7	3
J0343116	2124.79486474473	0	5	3	10	2011	1	1	1	9	8	2	1	5	-9
J0343117	1572.23422607761	0	5	3	10	2011	1	1	1	9	8	2	1	5	-9
J0343201	943.900218516708	1	1	3	10	2011	2	2	1	9	8	2	1	3	5
J0343202	1995.16955796733	1	1	3	10	2011	3	3	2	9	8	2	1	4	1
J0343203	716.120664123897	1	1	3	10	2011	4	4	2	9	8	2	1	3	2
J0343204	1447.50834849731	0	5	3	10	2011	1	1	1	9	8	2	1	3	-9
J0343205	1776.46235491691	1	1	3	10	2011	1	1	1	9	8	2	1	5	-9
J0343207	1780.30468238327	1	1	3	10	2011	2	2	1	9	8	2	1	3	3
J0343209	2108.62146271315	0	5	3	10	2011	1	1	1	9	8	2	1	8	-9
J0343305	822.643872517318	1	1	3	11	2011	3	3	2	9	8	2	1	2	1
J0343306	2221.93171623962	0	4	3	11	2011	2	2	1	9	8	2	1	3	5
J0343307	990.473651094981	0	5	3	11	2011	1	1	1	9	8	2	1	2	-9
J0343308	1561.61308342826	1	1	3	11	2011	3	3	2	9	8	2	1	2	1
J0343309	1255.58165803864	1	1	3	11	2011	4	4	2	9	8	2	1	3	2
J0343311	911.366024942262	1	1	3	11	2011	4	4	2	9	8	2	1	3	2
J0343315	672.482904074807	1	1	3	11	2011	3	3	2	9	8	2	1	1	1
J0343316	1858.74966904491	1	1	3	11	2011	1	1	1	9	8	2	1	3	-9
J0343404	3552.65022956697	0	5	3	11	2011	1	1	1	9	8	2	1	5	-9
J0343405	2494.19648112398	1	1	3	11	2011	1	1	1	9	8	2	1	4	-9
J0343406	2367.03957844943	1	1	3	11	2011	2	2	1	9	8	2	1	5	3
J0343408	2535.02564605254	1	1	3	11	2011	3	3	2	9	8	2	1	1	1
J0343409	1212.83160348691	0	5	3	11	2011	1	1	1	9	8	2	1	6	-9
J0343410	1596.57154690715	1	1	3	11	2011	1	1	1	9	8	2	1	5	-9
J0343411	898.204653543459	1	1	3	11	2011	2	2	1	9	8	2	1	4	3
J0344101	1810.70458452315	1	1	4	1	2012	2	2	1	9	8	2	1	3	3
J0344104	3611.86683805672	0	4	4	1	2012	3	3	2	9	8	2	1	3	1
J0344106	934.336951813727	1	1	4	1	2012	4	4	2	9	8	2	1	3	2
J0344109	1771.8733653923	0	4	4	1	2012	2	2	1	9	8	2	1	5	5
J0344112	1908.36572008355	1	1	4	1	2012	2	2	1	9	8	2	1	3	3
J0344201	2129.03264952774	1	1	4	1	2012	2	2	1	9	8	2	1	1	3
J0344202	2654.41047282447	1	1	4	1	2012	2	2	1	9	8	2	1	3	3
J0344204	888.08001298492	1	1	4	1	2012	3	3	2	9	8	2	1	1	1
J0344208	779.929632233099	1	1	4	1	2012	4	4	2	9	8	2	1	3	2
J0344214	853.228184806531	1	1	4	1	2012	4	4	2	9	8	2	1	2	2
J0344216	1881.13732256885	1	1	4	1	2012	1	1	1	9	8	2	1	5	-9
J0344305	1252.67562692561	1	1	4	2	2012	4	4	2	9	8	2	1	5	2
J0344306	1856.6669826851	0	5	4	2	2012	1	1	1	9	8	2	1	6	-9
J0344308	1765.77947321094	0	5	4	2	2012	1	1	1	9	8	2	1	6	-9
J0344311	1380.73362563337	0	5	4	2	2012	1	1	1	9	8	2	1	6	-9
J0344312	1331.27614781597	1	1	4	2	2012	1	1	1	9	8	2	1	7	-9
J0344315	632.239188652503	0	5	4	2	2012	1	1	1	9	8	2	1	3	-9
J0344401	1712.79221958589	0	5	4	2	2012	1	1	1	9	8	2	1	7	-9
J0344403	1464.90122645829	0	5	4	2	2012	1	1	1	9	8	2	1	7	-9
J0344405	1769.18443667962	0	5	4	2	2012	1	1	1	9	8	2	1	8	-9
J0344406	801.845561033326	0	5	4	2	2012	2	2	1	9	8	2	1	1	3
J0344407	1094.91423330857	1	1	4	2	2012	3	3	2	9	8	2	1	1	1
J0344410	1092.29381041101	1	1	4	2	2012	3	3	2	9	8	2	1	1	1
J0344411	2053.13139785662	0	5	4	2	2012	1	1	1	9	8	2	1	9	-9
J0344412	1277.38767037116	0	4	4	2	2012	1	1	1	9	8	2	1	8	-9
J0351101	1616.22969954391	1	1	1	4	2011	4	4	2	9	8	2	1	2	2
J0351103	1765.63087798876	1	1	1	4	2011	1	1	1	9	8	2	1	4	-9
J0351104	1610.86440929725	0	5	1	4	2011	1	1	1	9	8	2	1	2	-9
J0351107	4275.04263629146	1	1	1	4	2011	1	1	1	9	8	2	1	5	-9
J0351109	1585.89018306903	1	1	1	4	2011	1	1	1	9	8	2	1	7	-9
J0351110	4390.7517785474	0	4	1	4	2011	1	1	1	9	8	2	1	6	-9
J0351111	1281.55237586226	0	5	1	4	2011	1	1	1	9	8	2	1	4	-9
J0351112	6166.380120834	0	4	1	4	2011	2	2	1	9	8	2	1	5	5
J0351113	1918.65162130801	0	5	1	4	2011	1	1	1	9	8	2	1	3	-9
J0351115	6432.10962358923	0	5	1	4	2011	1	1	1	9	8	2	1	3	-9
J0351116	1123.69231043533	1	1	1	4	2011	1	1	1	9	8	2	1	3	-9
J0351117	824.100928033071	1	1	1	4	2011	4	4	2	9	8	2	1	5	2
J0351201	685.731074578529	1	1	1	4	2011	3	3	2	9	8	2	1	2	1
J0351202	772.934853559725	1	1	1	4	2011	2	2	1	9	8	2	1	2	3
J0351204	1283.25579348762	0	4	1	4	2011	1	1	1	9	8	2	1	3	-9
J0351207	1344.80565195461	1	1	1	4	2011	2	2	1	9	8	2	1	6	3
J0351209	895.705157089192	1	1	1	4	2011	3	3	2	9	8	2	1	3	1
J0351213	1349.63074524652	1	1	1	4	2011	1	1	1	9	8	2	1	6	-9
J0351214	939.980257202858	1	1	1	4	2011	3	3	2	9	8	2	1	2	1
J0351217	807.039478530642	1	1	1	4	2011	1	1	1	9	8	2	1	2	-9
J0351218	1083.84824768543	1	1	1	4	2011	2	2	1	9	8	2	1	1	3
J0351219	1033.10804044354	1	1	1	4	2011	1	1	1	9	8	2	1	1	-9
J0351303	1892.24993581799	1	1	1	5	2011	2	2	1	9	8	2	1	4	3
J0351304	1667.97414307362	1	1	1	5	2011	1	1	1	9	8	2	1	4	-9
J0351305	1586.21440421905	0	5	1	5	2011	1	1	1	9	8	2	1	4	-9
J0351306	2408.9373942632	1	1	1	5	2011	1	1	1	9	8	2	1	2	-9
J0351307	941.3538418247	1	1	1	5	2011	3	3	2	9	8	2	1	4	1
J0351310	1100.5615448049	1	1	1	5	2011	2	2	1	9	8	2	1	2	3
J0351311	838.277867731893	1	1	1	5	2011	3	3	2	9	8	2	1	2	1
J0351312	1273.15920188904	1	1	1	5	2011	3	3	2	9	8	2	1	3	1
J0351314	950.405573257898	1	1	1	5	2011	2	2	1	9	8	2	1	3	3
J0351405	1925.87131474986	0	5	1	5	2011	1	1	1	9	8	2	1	3	-9
J0351406	2059.47347266983	1	1	1	5	2011	1	1	1	9	8	2	1	1	-9
J0351408	1113.49974884582	1	1	1	5	2011	1	1	1	9	8	2	1	1	-9
J0351409	1556.87927596339	0	5	1	5	2011	1	1	1	9	8	2	1	4	-9
J0351412	2819.2983461277	0	4	1	5	2011	3	3	2	9	8	2	1	2	1
J0351415	4059.54056949118	1	1	1	5	2011	3	3	2	9	8	2	1	3	1
J0351417	1735.97382903446	1	1	1	5	2011	1	1	1	9	8	2	1	3	-9
J0351419	1371.9927978345	1	1	1	5	2011	1	1	1	9	8	2	1	5	-9
J0352101	2060.5260970721	1	1	2	7	2011	2	2	1	9	8	2	1	5	3
J0352103	1277.35686895642	1	1	2	7	2011	2	2	1	9	8	2	1	2	3
J0352104	1198.17947142057	0	4	2	7	2011	1	1	1	9	8	2	1	3	-9
J0352105	1133.80940488896	1	1	2	7	2011	2	2	1	9	8	2	1	3	3
J0352106	1190.10675200786	1	1	2	7	2011	3	3	2	9	8	2	1	3	1
J0352107	839.694896565056	1	1	2	7	2011	4	4	2	9	8	2	1	2	2
J0352108	878.0253404533	1	1	2	7	2011	4	4	2	9	8	2	1	2	2
J0352109	5887.08649569373	0	4	2	7	2011	2	2	1	9	8	2	1	4	3
J0352110	781.301760380002	1	1	2	7	2011	3	3	2	9	8	2	1	2	1
J0352112	834.073084601138	1	1	2	7	2011	3	3	2	9	8	2	1	3	1
J0352113	1195.44896066398	1	1	2	7	2011	1	1	1	9	8	2	1	2	-9
J0352115	2098.9025666391	1	1	2	7	2011	2	2	1	9	8	2	1	4	4
J0352116	1521.14033201311	1	1	2	7	2011	3	3	2	9	8	2	1	3	1
J0352117	1048.66116778258	1	1	2	7	2011	1	1	1	9	8	2	1	2	-9
J0352118	754.411946266122	1	1	2	7	2011	4	4	2	9	8	2	1	2	2
J0352119	666.579295292491	0	4	2	7	2011	1	1	1	9	8	2	1	3	-9
J0352120	5355.17308612408	0	5	2	7	2011	1	1	1	9	8	2	1	3	-9
J0352121	2218.97419914508	1	1	2	7	2011	3	3	2	9	8	2	1	2	1
J0352202	1222.8174107559	0	5	2	7	2011	1	1	1	9	8	2	1	4	-9
J0352203	949.546226667901	0	4	2	7	2011	3	3	2	9	8	2	1	3	1
J0352207	924.576051258029	1	1	2	7	2011	3	3	2	9	8	2	1	2	1
J0352210	4984.4650314337	1	1	2	7	2011	1	1	1	9	8	2	1	3	-9
J0352212	1104.37185454146	0	4	2	7	2011	3	3	2	9	8	2	1	2	1
J0352215	837.880417836112	1	1	2	7	2011	3	3	2	9	8	2	1	2	1
J0352217	1027.01056501595	1	1	2	7	2011	4	4	2	9	8	2	1	2	2
J0352303	2537.61217155695	1	1	2	8	2011	3	3	2	9	8	2	1	5	1
J0352306	1104.16136380696	1	1	2	8	2011	3	3	2	9	8	2	1	2	1
J0352308	711.892417816471	1	1	2	8	2011	3	3	2	9	8	2	1	3	1
J0352309	809.775794218879	1	1	2	8	2011	3	3	2	9	8	2	1	3	1
J0352313	1264.98467348395	1	1	2	8	2011	4	4	2	9	8	2	1	3	2
J0352315	1420.14569609306	0	4	2	8	2011	2	2	1	9	8	2	1	5	3
J0352316	860.936018432555	1	1	2	8	2011	4	4	2	9	8	2	1	2	2
J0352319	2637.6345324025	1	1	2	8	2011	3	3	2	9	8	2	1	2	1
J0352407	2635.22566193102	1	1	2	8	2011	4	4	2	9	8	2	1	3	2
J0352409	2771.47485012604	1	1	2	8	2011	1	1	1	9	8	2	1	3	-9
J0352410	1608.82543476557	0	5	2	8	2011	1	1	1	9	8	2	1	6	-9
J0352411	1127.8203629341	0	4	2	8	2011	1	1	1	9	8	2	1	3	-9
J0352412	4478.62418072788	0	4	2	8	2011	2	2	1	9	8	2	1	3	5
J0352413	1402.35829026508	0	4	2	8	2011	2	2	1	9	8	2	1	4	4
J0352414	1052.72044143561	1	1	2	8	2011	4	4	2	9	8	2	1	2	2
J0352418	1081.18506567093	1	1	2	8	2011	2	2	1	9	8	2	1	1	3
J0352421	987.20175355007	1	1	2	8	2011	1	1	1	9	8	2	1	3	-9
J0352425	2810.91393745444	0	4	2	8	2011	3	3	2	9	8	2	1	3	1
J0353101	1833.92641275833	1	1	3	10	2011	2	2	1	9	8	2	1	8	3
J0353103	2114.40478667672	1	1	3	10	2011	1	1	1	9	8	2	1	7	-9
J0353106	2734.05128537308	1	1	3	10	2011	4	4	2	9	8	2	1	3	2
J0353107	3690.29616423201	1	1	3	10	2011	2	2	1	9	8	2	1	3	3
J0353108	1342.31903589512	0	4	3	10	2011	3	3	2	9	8	2	1	6	1
J0353110	1582.57506246208	0	5	3	10	2011	1	1	1	9	8	2	1	3	-9
J0353111	962.378785821872	1	1	3	10	2011	3	3	2	9	8	2	1	2	1
J0353112	1155.07641415998	0	5	3	10	2011	1	1	1	9	8	2	1	3	-9
J0353114	799.628333951521	0	4	3	10	2011	3	3	2	9	8	2	1	2	1
J0353115	884.192576262958	1	1	3	10	2011	3	3	2	9	8	2	1	2	1
J0353116	4337.73756276344	1	1	3	10	2011	3	3	2	9	8	2	1	3	1
J0353117	825.902889806242	0	5	3	10	2011	3	3	2	9	8	2	1	2	1
J0353118	978.22359497679	1	1	3	10	2011	1	1	1	9	8	2	1	3	-9
J0353119	804.33110106214	1	1	3	10	2011	3	3	2	9	8	2	1	2	1
J0353120	4997.58468010363	0	5	3	10	2011	2	2	1	9	8	2	1	3	3
J0353121	1414.50279115306	1	1	3	10	2011	4	4	2	9	8	2	1	3	2
J0353201	2353.22448768605	1	1	3	10	2011	2	2	1	9	8	2	1	3	3
J0353202	3537.98855179339	0	4	3	10	2011	3	3	2	9	8	2	1	3	1
J0353203	785.948189693137	0	5	3	10	2011	3	3	2	9	8	2	1	2	1
J0353204	827.100741010526	0	5	3	10	2011	1	1	1	9	8	2	1	2	-9
J0353205	1027.9479378318	1	1	3	10	2011	4	4	2	9	8	2	1	3	2
J0353206	1345.79405992649	0	5	3	10	2011	1	1	1	9	8	2	1	5	-9
J0353209	1091.33676117137	0	5	3	10	2011	4	4	2	9	8	2	1	2	2
J0353210	3621.28444130696	1	1	3	10	2011	1	1	1	9	8	2	1	4	-9
J0353211	829.622351785783	1	1	3	10	2011	4	4	2	9	8	2	1	5	2
J0353213	1614.81100130966	0	5	3	10	2011	1	1	1	9	8	2	1	4	-9
J0353214	7637.54885495865	1	1	3	10	2011	2	2	1	9	8	2	1	5	3
J0353216	1604.95399464858	0	5	3	10	2011	1	1	1	9	8	2	1	5	-9
J0353306	831.993938741644	1	1	3	11	2011	3	3	2	9	8	2	1	3	1
J0353308	773.269697918442	1	1	3	11	2011	3	3	2	9	8	2	1	3	1
J0353309	1062.73714926308	0	5	3	11	2011	1	1	1	9	8	2	1	2	-9
J0353310	1883.74886864297	0	5	3	11	2011	1	1	1	9	8	2	1	2	-9
J0353312	910.790174142695	0	4	3	11	2011	3	3	2	9	8	2	1	2	1
J0353313	1013.34049402913	1	1	3	11	2011	3	3	2	9	8	2	1	4	1
J0353317	2356.88277518543	0	5	3	11	2011	3	3	2	9	8	2	1	4	1
J0353318	1004.98284548314	1	1	3	11	2011	3	3	2	9	8	2	1	3	1
J0353320	1636.28673892421	0	5	3	11	2011	1	1	1	9	8	2	1	3	-9
J0353321	833.102956927094	1	1	3	11	2011	3	3	2	9	8	2	1	3	1
J0353401	1875.22941603472	0	5	3	11	2011	1	1	1	9	8	2	1	6	-9
J0353402	2127.6821454606	1	1	3	11	2011	4	4	2	9	8	2	1	2	2
J0353405	1843.18711731502	1	1	3	11	2011	3	3	2	9	8	2	1	3	1
J0353406	1179.72969104351	1	1	3	11	2011	2	2	1	9	8	2	1	2	3
J0353407	766.43995297986	1	1	3	11	2011	3	3	2	9	8	2	1	2	1
J0353410	1209.67445845998	1	1	3	11	2011	4	4	2	9	8	2	1	3	2
J0353414	811.318996502138	1	1	3	11	2011	3	3	2	9	8	2	1	2	1
J0353419	1572.85896359632	1	1	3	11	2011	3	3	2	9	8	2	1	2	1
J0353420	686.942019654402	1	1	3	11	2011	3	3	2	9	8	2	1	2	1
J0353422	717.036312254871	1	1	3	11	2011	3	3	2	9	8	2	1	2	1
J0353424	844.1248669484	1	1	3	11	2011	4	4	2	9	8	2	1	1	2
J0353425	783.204155049496	1	1	3	11	2011	1	1	1	9	8	2	1	4	-9
J0354103	742.802702255874	1	1	4	1	2012	4	4	2	9	8	2	1	2	2
J0354104	875.750441618883	0	4	4	1	2012	3	3	2	9	8	2	1	2	1
J0354105	3326.61663669566	0	4	4	1	2012	3	3	2	9	8	2	1	2	1
J0354106	922.080425298354	0	4	4	1	2012	3	3	2	9	8	2	1	2	1
J0354107	1035.57905573903	0	5	4	1	2012	1	1	1	9	8	2	1	2	-9
J0354108	1011.87128742312	0	5	4	1	2012	3	3	2	9	8	2	1	3	1
J0354111	1027.2241480496	0	4	4	1	2012	2	2	1	9	8	2	1	2	3
J0354113	2383.84842118336	0	5	4	1	2012	1	1	1	9	8	2	1	3	-9
J0354114	1157.27713499041	1	1	4	1	2012	2	2	1	9	8	2	1	3	3
J0354121	785.2452476433	1	1	4	1	2012	3	3	2	9	8	2	1	2	1
J0354201	1770.12741623449	1	1	4	1	2012	3	3	2	9	8	2	1	2	1
J0354203	936.537917103242	1	1	4	1	2012	3	3	2	9	8	2	1	3	1
J0354204	1378.49737255046	0	5	4	1	2012	3	3	2	9	8	2	1	3	1
J0354206	829.613422180773	1	1	4	1	2012	3	3	2	9	8	2	1	1	1
J0354207	924.45358311948	1	1	4	1	2012	1	1	1	9	8	2	1	2	-9
J0354209	943.460372615402	0	5	4	1	2012	1	1	1	9	8	2	1	2	-9
J0354211	1121.49616839542	1	1	4	1	2012	3	3	2	9	8	2	1	3	1
J0354212	830.74078575626	1	1	4	1	2012	2	2	1	9	8	2	1	2	3
J0354213	2240.0154110774	0	4	4	1	2012	3	3	2	9	8	2	1	2	1
J0354215	1056.95766414309	1	1	4	1	2012	1	1	1	9	8	2	1	2	-9
J0354216	741.925018963557	0	4	4	1	2012	4	4	2	9	8	2	1	2	2
J0354218	2676.51655746236	1	1	4	1	2012	3	3	2	9	8	2	1	2	1
J0354220	886.863010494503	1	1	4	1	2012	3	3	2	9	8	2	1	2	1
J0354222	1342.93829802428	1	1	4	1	2012	2	2	1	9	8	2	1	2	3
J0354301	2919.82727857764	1	1	4	2	2012	3	3	2	9	8	2	1	2	1
J0354303	1718.23481276675	1	1	4	2	2012	1	1	1	9	8	2	1	8	-9
J0354306	1346.12784232432	0	5	4	2	2012	1	1	1	9	8	2	1	3	-9
J0354312	1309.83248530802	0	5	4	2	2012	2	2	1	9	8	2	1	2	4
J0354313	2692.8768241887	1	1	4	2	2012	3	3	2	9	8	2	1	2	1
J0354320	1976.25022294346	1	1	4	2	2012	1	1	1	9	8	2	1	3	-9
J0354321	1556.40084539737	0	5	4	2	2012	1	1	1	9	8	2	1	3	-9
J0354401	655.103055394209	1	1	4	2	2012	3	3	2	9	8	2	1	1	1
J0354404	1216.8339392472	1	1	4	2	2012	2	2	1	9	8	2	1	2	3
J0354408	943.522109493624	1	1	4	2	2012	4	4	2	9	8	2	1	1	2
J0354410	914.519928617974	0	4	4	2	2012	3	3	2	9	8	2	1	2	1
J0354411	957.216766974127	0	5	4	2	2012	1	1	1	9	8	2	1	3	-9
J0354413	1045.89284463396	1	1	4	2	2012	2	2	1	9	8	2	1	3	3
J0354414	1397.6649213604	1	1	4	2	2012	4	4	2	9	8	2	1	4	2
J0354417	1119.57941176394	0	4	4	2	2012	2	2	1	9	8	2	1	3	3
J0354418	2607.9373033325	1	1	4	2	2012	2	2	1	9	8	2	1	5	3
J0354422	919.319570486796	1	1	4	2	2012	4	4	2	9	8	2	1	5	2
J0361104	1117.79342003496	1	1	1	4	2011	1	1	1	9	8	2	1	7	-9
J0361105	1782.53634082033	0	4	1	4	2011	1	1	1	9	8	2	1	5	-9
J0361106	1874.00511026741	1	1	1	4	2011	2	2	1	9	8	2	1	4	3
J0361107	1727.94455210931	0	4	1	4	2011	1	1	1	9	8	2	1	5	-9
J0361108	2299.87454423313	0	5	1	4	2011	1	1	1	9	8	2	1	7	-9
J0361111	7904.63388643797	1	1	1	4	2011	2	2	1	9	8	2	1	9	3
J0361203	3497.12834621942	0	5	1	4	2011	1	1	1	9	8	2	1	3	-9
J0361204	1500.39245186597	0	4	1	4	2011	1	1	1	9	8	2	1	8	-9
J0361205	1444.29484919127	0	4	1	4	2011	3	3	2	9	8	2	1	4	1
J0361208	2774.87430256823	1	1	1	4	2011	2	2	1	9	8	2	1	3	3
J0361209	779.470962764464	1	1	1	4	2011	3	3	2	9	8	2	1	2	1
J0361210	1920.31608173502	0	4	1	4	2011	2	2	1	9	8	2	1	3	3
J0361211	742.698859386548	1	1	1	4	2011	3	3	2	9	8	2	1	3	1
J0361212	1563.01277819443	0	5	1	4	2011	1	1	1	9	8	2	1	9	-9
J0361216	2846.32434173138	1	1	1	4	2011	2	2	1	9	8	2	1	6	3
J0361302	1831.10538051024	1	1	1	5	2011	1	1	1	9	8	2	1	10	-9
J0361305	3249.73101357626	1	1	1	5	2011	2	2	1	9	8	2	1	10	3
J0361307	1483.77734527268	0	5	1	5	2011	1	1	1	9	8	2	1	10	-9
J0361311	1842.6767578456	0	5	1	5	2011	1	1	1	9	8	2	1	9	-9
J0361312	1899.10028282939	0	4	1	5	2011	1	1	1	9	8	2	1	9	-9
J0361313	2246.25206346449	0	4	1	5	2011	2	2	1	9	8	2	1	8	3
J0361403	1152.7560682097	0	5	1	5	2011	1	1	1	9	8	2	1	5	-9
J0361405	1143.46931420231	0	5	1	5	2011	1	1	1	9	8	2	1	9	-9
J0361406	1007.44086635488	1	1	1	5	2011	1	1	1	9	8	2	1	5	-9
J0361407	1646.09608882088	1	1	1	5	2011	4	4	2	9	8	2	1	5	2
J0361408	1795.84531298066	1	1	1	5	2011	2	2	1	9	8	2	1	9	3
J0361409	1718.59894079834	0	5	1	5	2011	1	1	1	9	8	2	1	9	-9
J0361412	1748.46658665513	1	1	1	5	2011	2	2	1	9	8	2	1	9	3
J0361413	1256.58178251051	0	4	1	5	2011	1	1	1	9	8	2	1	9	-9
J0362107	1414.98106081268	1	1	2	7	2011	1	1	1	9	8	2	1	2	-9
J0362110	3412.79886393171	1	1	2	7	2011	1	1	1	9	8	2	1	5	-9
J0362112	881.615207666991	1	1	2	7	2011	1	1	1	9	8	2	1	3	-9
J0362201	1239.21405061389	1	1	2	7	2011	4	4	2	9	8	2	1	2	2
J0362202	1669.5102958851	1	1	2	7	2011	1	1	1	9	8	2	1	6	-9
J0362203	1450.17903084204	0	5	2	7	2011	1	1	1	9	8	2	1	6	-9
J0362204	1426.83237424615	1	1	2	7	2011	1	1	1	9	8	2	1	6	-9
J0362205	776.210493431459	0	5	2	7	2011	1	1	1	9	8	2	1	3	-9
J0362209	2785.14118392611	0	4	2	7	2011	4	4	2	9	8	2	1	2	2
J0362210	1494.80536262279	1	1	2	7	2011	4	4	2	9	8	2	1	5	2
J0362211	1069.63310584862	1	1	2	7	2011	4	4	2	9	8	2	1	3	2
J0362212	860.942915409902	1	1	2	7	2011	4	4	2	9	8	2	1	3	2
J0362213	798.536260908029	1	1	2	7	2011	4	4	2	9	8	2	1	4	2
J0362216	1305.98312255011	1	1	2	7	2011	1	1	1	9	8	2	1	4	-9
J0362217	1501.50643778738	0	5	2	7	2011	1	1	1	9	8	2	1	6	-9
J0362302	4813.27990471308	1	1	2	8	2011	4	4	2	9	8	2	1	4	2
J0362307	1371.94048507916	1	1	2	8	2011	4	4	2	9	8	2	1	3	2
J0362308	1500.13275888625	0	5	2	8	2011	1	1	1	9	8	2	1	4	-9
J0362310	1960.48871533998	1	1	2	8	2011	2	2	1	9	8	2	1	9	4
J0362401	2095.47657440396	1	1	2	8	2011	1	1	1	9	8	2	1	7	-9
J0362404	1434.61630424403	0	5	2	8	2011	1	1	1	9	8	2	1	7	-9
J0362406	3684.71968010111	0	5	2	8	2011	1	1	1	9	8	2	1	9	-9
J0362408	2169.48344170119	1	1	2	8	2011	1	1	1	9	8	2	1	8	-9
J0362409	2165.9766607181	0	5	2	8	2011	1	1	1	9	8	2	1	5	-9
J0362410	3413.5239977098	1	1	2	8	2011	1	1	1	9	8	2	1	9	-9
J0362412	3240.39061357814	0	4	2	8	2011	1	1	1	9	8	2	1	5	-9
J0363101	2378.44965227666	1	1	3	10	2011	1	1	1	9	8	2	1	6	-9
J0363103	1377.88552713437	0	5	3	10	2011	2	2	1	9	8	2	1	4	3
J0363104	942.439385511754	1	1	3	10	2011	2	2	1	9	8	2	1	2	5
J0363105	1642.02658870309	0	5	3	10	2011	1	1	1	9	8	2	1	5	-9
J0363106	717.237380251118	0	4	3	10	2011	3	3	2	9	8	2	1	2	1
J0363107	807.995671692758	0	5	3	10	2011	3	3	2	9	8	2	1	3	1
J0363108	928.679842269279	1	1	3	10	2011	2	2	1	9	8	2	1	2	3
J0363109	869.286153862482	1	1	3	10	2011	4	4	2	9	8	2	1	3	2
J0363110	2023.86686238869	1	1	3	10	2011	3	3	2	9	8	2	1	2	1
J0363111	670.696204078886	1	1	3	10	2011	3	3	2	9	8	2	1	4	1
J0363112	856.879064260852	0	4	3	10	2011	2	2	1	9	8	2	1	4	3
J0363115	1152.23312787523	1	1	3	10	2011	2	2	1	9	8	2	1	2	4
J0363116	1003.96427326039	1	1	3	10	2011	2	2	1	9	8	2	1	3	3
J0363119	1142.43193362111	0	4	3	10	2011	1	1	1	9	8	2	1	3	-9
J0363120	770.269083889824	0	5	3	10	2011	3	3	2	9	8	2	1	3	1
J0363121	719.293140200892	1	1	3	10	2011	2	2	1	9	8	2	1	3	3
J0363202	1075.22399421605	1	1	3	10	2011	3	3	2	9	8	2	1	1	1
J0363203	1827.90217836007	1	1	3	10	2011	1	1	1	9	8	2	1	2	-9
J0363204	1824.95747482763	1	1	3	10	2011	3	3	2	9	8	2	1	2	1
J0363207	1631.55797554029	1	1	3	10	2011	2	2	1	9	8	2	1	1	3
J0363209	2841.10246998246	1	1	3	10	2011	3	3	2	9	8	2	1	3	1
J0363212	2633.12865937783	0	5	3	10	2011	3	3	2	9	8	2	1	6	1
J0363214	1070.72411098048	1	1	3	10	2011	3	3	2	9	8	2	1	5	1
J0363301	1965.05733234601	1	1	3	11	2011	1	1	1	9	8	2	1	5	-9
J0363304	2609.62684058431	1	1	3	11	2011	1	1	1	9	8	2	1	5	-9
J0363306	8310.39355825807	1	1	3	11	2011	2	2	1	9	8	2	1	3	3
J0363309	1785.50868513206	1	1	3	11	2011	1	1	1	9	8	2	1	8	-9
J0363310	1831.97150914525	0	5	3	11	2011	1	1	1	9	8	2	1	7	-9
J0363312	1953.03321222742	0	5	3	11	2011	1	1	1	9	8	2	1	5	-9
J0363401	2638.05158446835	0	5	3	11	2011	2	2	1	9	8	2	1	7	3
J0363407	1574.16153906749	1	1	3	11	2011	1	1	1	9	8	2	1	7	-9
J0363411	1971.29100987472	0	5	3	11	2011	1	1	1	9	8	2	1	5	-9
J0364103	1885.71620324029	0	4	4	1	2012	3	3	2	9	8	2	1	7	1
J0364104	5576.69423395837	0	4	4	1	2012	2	2	1	9	8	2	1	5	4
J0364106	1609.66634501357	1	1	4	1	2012	2	2	1	9	8	2	1	7	4
J0364110	3417.98885172583	0	4	4	1	2012	2	2	1	9	8	2	1	7	4
J0364113	942.139797117569	1	1	4	1	2012	3	3	2	9	8	2	1	3	1
J0364114	1710.88228842572	0	5	4	1	2012	1	1	1	9	8	2	1	6	-9
J0364115	1894.30051636795	0	4	4	1	2012	2	2	1	9	8	2	1	6	3
J0364201	1477.51088631661	1	1	4	1	2012	2	2	1	9	8	2	1	4	3
J0364210	1463.7144938563	0	4	4	1	2012	1	1	1	9	8	2	1	5	-9
J0364211	2352.08277119156	0	5	4	1	2012	1	1	1	9	8	2	1	8	-9
J0364301	1067.58354132577	0	4	4	2	2012	4	4	2	9	8	2	1	4	2
J0364306	1546.05217754963	0	5	4	2	2012	1	1	1	9	8	2	1	4	-9
J0364308	2387.30496649798	0	4	4	2	2012	1	1	1	9	8	2	1	4	-9
J0364309	1806.05149202774	0	5	4	2	2012	1	1	1	9	8	2	1	5	-9
J0364310	1631.12636262852	0	4	4	2	2012	1	1	1	9	8	2	1	3	-9
J0364402	1705.6170377596	1	1	4	2	2012	4	4	2	9	8	2	1	5	2
J0364411	1449.13949784773	0	5	4	2	2012	1	1	1	9	8	2	1	6	-9
J0364412	1086.80532273307	1	1	4	2	2012	2	2	1	9	8	2	1	6	5
J0364413	2163.70918026298	1	1	4	2	2012	2	2	1	9	8	2	1	6	3
J0371101	1687.63528183447	0	5	1	4	2011	1	1	1	9	8	2	1	8	-9
J0371102	1822.26544674294	1	1	1	4	2011	2	2	1	9	8	2	1	7	3
J0371103	2520.14907924803	0	5	1	4	2011	2	2	1	9	8	2	1	8	5
J0371105	1110.44083049999	0	4	1	4	2011	3	3	2	9	8	2	1	3	1
J0371106	1725.36191835135	0	4	1	4	2011	2	2	1	9	8	2	1	8	3
J0371107	1807.53944837649	0	5	1	4	2011	1	1	1	9	8	2	1	8	-9
J0371108	1698.20182553381	1	1	1	4	2011	1	1	1	9	8	2	1	7	-9
J0371201	1849.80221812539	0	5	1	4	2011	1	1	1	9	8	2	1	6	-9
J0371202	1696.00525384973	1	1	1	4	2011	1	1	1	9	8	2	1	7	-9
J0371204	1108.85878514532	0	5	1	4	2011	1	1	1	9	8	2	1	7	-9
J0371205	1083.94911946214	1	1	1	4	2011	1	1	1	9	8	2	1	7	-9
J0371206	1355.04566568496	0	4	1	4	2011	3	3	2	9	8	2	1	4	1
J0371208	1359.37151823079	1	1	1	4	2011	3	3	2	9	8	2	1	4	1
J0371209	1372.7393007872	1	1	1	4	2011	1	1	1	9	8	2	1	9	-9
J0371210	1347.72419803	0	5	1	4	2011	1	1	1	8	9	2	1	9	-9
J0371301	1647.9105578767	0	5	1	5	2011	1	1	1	9	8	2	1	4	-9
J0371302	1072.40783646096	1	1	1	5	2011	1	1	1	9	8	2	1	8	-9
J0371303	1536.30994492678	0	5	1	5	2011	1	1	1	9	8	2	1	8	-9
J0371306	2407.03702786807	1	1	1	5	2011	2	2	1	9	8	2	1	10	4
J0371307	1861.31575760116	0	5	1	5	2011	1	1	1	9	8	2	1	7	-9
J0371401	2151.97077995868	1	1	1	5	2011	2	2	1	9	8	2	1	10	3
J0371403	1881.53061560297	0	5	1	5	2011	1	1	1	9	8	2	1	10	-9
J0371404	2321.28716967719	1	1	1	5	2011	2	2	1	9	8	2	1	6	3
J0371406	2160.116769864	1	1	1	5	2011	1	1	1	9	8	2	1	9	-9
J0371407	1442.16882374409	1	1	1	5	2011	4	4	2	9	8	2	1	7	2
J0371408	917.231538562568	1	1	1	5	2011	2	2	1	9	8	2	1	7	4
J0372104	1463.95272087226	0	5	2	7	2011	1	1	1	9	8	2	1	8	-9
J0372107	818.339644047545	0	4	2	7	2011	1	1	1	9	8	2	1	5	-9
J0372108	1290.28251222815	0	5	2	7	2011	1	1	1	9	8	2	1	6	-9
J0372203	2160.45789628888	0	5	2	7	2011	1	1	1	9	8	2	1	8	-9
J0372205	2504.37176143927	0	5	2	7	2011	1	1	1	9	8	2	1	6	-9
J0372207	817.960748476515	0	5	2	7	2011	1	1	1	9	8	2	1	6	-9
J0372208	1658.84176116968	1	1	2	7	2011	2	2	1	9	8	2	1	8	3
J0372209	1736.04508099279	0	5	2	7	2011	1	1	1	9	8	2	1	8	-9
J0372301	810.71147369539	0	5	2	8	2011	1	1	1	9	8	2	1	6	-9
J0372303	1923.10536904227	0	5	2	8	2011	1	1	1	9	8	2	1	7	-9
J0372305	1475.15797291766	0	5	2	8	2011	1	1	1	9	8	2	1	9	-9
J0372306	1608.25335765404	0	5	2	8	2011	1	1	1	9	8	2	1	9	-9
J0372307	1507.47421514284	1	1	2	8	2011	1	1	1	9	8	2	1	9	-9
J0372401	1187.87883648974	1	1	2	8	2011	1	1	1	9	8	2	1	3	-9
J0372404	1848.20772255596	0	4	2	8	2011	2	2	1	9	8	2	1	4	3
J0372406	1485.76450754037	0	4	2	8	2011	3	3	2	9	8	2	1	6	1
J0372407	1094.1646090074	0	4	2	8	2011	3	3	2	9	8	2	1	8	1
J0372410	1722.21058610573	1	1	2	8	2011	2	2	1	9	8	2	1	7	3
J0373103	1188.90564273368	0	5	3	10	2011	1	1	1	9	8	2	1	7	-9
J0373104	2106.37834364631	1	1	3	10	2011	1	1	1	9	8	2	1	9	-9
J0373106	1583.92605119948	0	5	3	10	2011	2	2	1	9	8	2	1	4	4
J0373107	1277.0186188069	1	1	3	10	2011	1	1	1	9	8	2	1	9	-9
J0373109	2760.69164336448	1	1	3	10	2011	2	2	1	9	8	2	1	9	3
J0373201	1244.38821493524	0	5	3	10	2011	1	1	1	9	8	2	1	9	-9
J0373203	1699.40509123404	1	1	3	10	2011	1	1	1	9	8	2	1	5	-9
J0373204	2617.33112464946	1	1	3	10	2011	2	2	1	9	8	2	1	9	3
J0373207	1966.89639996275	0	5	3	10	2011	1	1	1	9	8	2	1	8	-9
J0373208	2695.74633974021	0	4	3	10	2011	1	1	1	9	8	2	1	8	-9
J0373302	1458.05251682336	0	5	3	11	2011	1	1	1	9	8	2	1	9	-9
J0373304	1569.51644570456	0	5	3	11	2011	1	1	1	9	8	2	1	6	-9
J0373307	1887.82862717512	0	5	3	11	2011	1	1	1	9	8	2	1	10	-9
J0373401	1732.89289338943	0	5	3	11	2011	1	1	1	9	8	2	1	6	-9
J0373402	1817.84119742527	1	1	3	11	2011	1	1	1	9	8	2	1	6	-9
J0373404	2915.84209546837	1	1	3	11	2011	2	2	1	9	8	2	1	6	4
J0373405	1314.95156413678	1	1	3	11	2011	1	1	1	9	8	2	1	8	-9
J0373407	1551.40570159786	1	1	3	11	2011	2	2	1	9	8	2	1	8	4
J0374102	1820.61927907169	0	4	4	1	2012	2	2	1	9	8	2	1	9	3
J0374103	1835.55586293522	1	1	4	1	2012	1	1	1	9	8	2	1	6	-9
J0374104	1940.06790057526	1	1	4	1	2012	2	2	1	9	8	2	1	9	3
J0374105	2242.11416539967	0	5	4	1	2012	1	1	1	9	8	2	1	5	-9
J0374107	2168.69182209649	0	5	4	1	2012	1	1	1	9	8	2	1	9	-9
J0374108	1324.94233253636	1	1	4	1	2012	1	1	1	9	8	2	1	6	-9
J0374201	3740.60393312449	0	5	4	1	2012	1	1	1	9	8	2	1	8	-9
J0374203	3514.08289473444	1	1	4	1	2012	2	2	1	9	8	2	1	9	3
J0374206	1355.47619052892	1	1	4	1	2012	2	2	1	9	8	2	1	9	3
J0374207	2543.54732427867	0	5	4	1	2012	1	1	1	9	8	2	1	9	-9
J0374302	3121.49665752638	1	1	4	2	2012	1	1	1	9	8	2	1	10	-9
J0374303	7260.37767789829	0	5	4	2	2012	1	1	1	9	8	2	1	9	-9
J0374304	3436.03645104736	0	4	4	2	2012	1	1	1	9	8	2	1	9	-9
J0374306	1669.17589152227	0	5	4	2	2012	1	1	1	9	8	2	1	9	-9
J0374307	1492.52462304081	1	1	4	2	2012	1	1	1	9	8	2	1	8	-9
J0374405	1351.25460672939	0	5	4	2	2012	1	1	1	9	8	2	1	9	-9
J0374406	1738.60501387403	1	1	4	2	2012	1	1	1	9	8	2	1	9	-9
J0374407	2648.1725081881	0	5	4	2	2012	1	1	1	9	8	2	1	7	-9
J0381101	1481.90299423052	1	1	1	4	2011	1	1	1	8	9	2	1	9	-9
J0381102	1509.02496955827	0	5	1	4	2011	1	1	1	8	9	2	1	9	-9
J0381103	1836.68661846519	1	1	1	4	2011	1	1	1	8	9	2	1	9	-9
J0381104	1138.39416219666	1	1	1	4	2011	2	2	1	8	9	2	1	6	3
J0381105	1545.28938053936	0	5	1	4	2011	1	1	1	8	9	2	1	9	-9
J0381202	1376.29486455407	1	1	1	4	2011	1	1	1	8	9	2	1	7	-9
J0381203	1193.60026624508	0	5	1	4	2011	1	1	1	8	9	2	1	10	-9
J0381205	1824.38656672268	0	5	1	4	2011	1	1	1	8	9	2	1	7	-9
J0381206	1701.92164506948	1	1	1	4	2011	1	1	1	8	9	2	1	10	-9
J0381207	1420.29741935174	1	1	1	4	2011	1	1	1	8	9	2	1	10	-9
J0381301	1417.26900402495	1	1	1	5	2011	1	1	1	8	9	2	1	10	-9
J0381303	1434.66021873882	0	5	1	5	2011	1	1	1	8	9	2	1	7	-9
J0381307	1345.68360914624	0	5	1	5	2011	1	1	1	8	9	2	1	6	-9
J0381308	2381.91047476016	1	1	1	5	2011	1	1	1	8	9	2	1	7	-9
J0381309	1437.34778572073	0	5	1	5	2011	1	1	1	8	9	2	1	9	-9
J0381401	1752.36361640369	1	1	1	5	2011	2	2	1	8	9	2	1	10	3
J0381404	1865.14187386972	1	1	1	5	2011	1	1	1	8	9	2	1	9	-9
J0381405	1647.43164642883	0	5	1	5	2011	1	1	1	8	9	2	1	10	-9
J0381406	1523.93158800263	1	1	1	5	2011	4	4	2	8	9	2	1	6	2
J0381407	1858.57357325572	0	5	1	5	2011	1	1	1	8	9	2	2	7	-9
J0382103	1536.76316917646	0	5	2	7	2011	1	1	1	8	9	2	1	5	-9
J0382106	1409.38385535706	1	1	2	7	2011	1	1	1	8	9	2	1	10	-9
J0382108	863.790830907405	1	1	2	7	2011	4	4	2	8	9	2	1	6	2
J0382201	1422.58124524074	0	5	2	7	2011	1	1	1	8	9	2	1	6	-9
J0382202	2188.16467411547	1	1	2	7	2011	2	2	1	8	9	2	1	10	4
J0382203	1633.16444842003	0	5	2	7	2011	1	1	1	8	9	2	1	4	-9
J0382204	1543.84965689459	1	1	2	7	2011	2	2	1	8	9	2	1	10	3
J0382205	1612.66167167257	0	4	2	7	2011	1	1	1	8	9	2	1	9	-9
J0382207	1501.87745670349	1	1	2	7	2011	1	1	1	8	9	2	1	10	-9
J0382302	733.454142645131	1	1	2	8	2011	4	4	2	8	9	2	1	5	2
J0382303	3456.82970573301	0	4	2	8	2011	1	1	1	8	9	2	1	10	-9
J0382305	1458.92634845262	1	1	2	8	2011	1	1	1	8	9	2	1	10	-9
J0382306	1991.02792027757	1	1	2	8	2011	2	2	1	8	9	2	1	9	3
J0382401	1049.44467271774	1	1	2	8	2011	4	4	2	8	9	2	1	7	2
J0382402	1385.34590992916	0	5	2	8	2011	1	1	1	8	9	2	1	8	-9
J0382404	972.702901229532	1	1	2	8	2011	4	4	2	8	9	2	1	7	2
J0382405	955.184789011085	1	1	2	8	2011	4	4	2	8	9	2	1	8	2
J0382406	1554.08414076396	1	1	2	8	2011	2	2	1	8	9	2	1	4	3
J0382408	2037.87999070761	0	4	2	8	2011	4	4	2	8	9	2	1	4	2
J0382409	2238.63525170733	0	5	2	8	2011	1	1	1	8	9	2	1	10	-9
J0382410	2796.66109448431	1	1	2	8	2011	1	1	1	8	9	2	1	9	-9
J0382411	1525.64791602077	0	5	2	8	2011	1	1	1	8	9	2	1	10	-9
J0382412	1541.37401763934	0	4	2	8	2011	1	1	1	8	9	2	3	9	-9
J0383103	816.831777243105	0	4	3	10	2011	4	4	2	8	9	2	1	8	2
J0383104	2436.15193578626	0	5	3	10	2011	1	1	1	8	9	2	1	8	-9
J0383105	2323.61760894281	1	1	3	10	2011	2	2	1	8	9	2	1	10	5
J0383107	3012.02336856737	1	1	3	10	2011	4	4	2	8	9	2	2	9	2
J0383201	2470.98920095774	1	1	3	10	2011	4	4	2	8	9	2	1	8	2
J0383202	1801.28264506002	0	5	3	10	2011	1	1	1	8	9	2	1	10	-9
J0383203	2255.58562179208	1	1	3	10	2011	2	2	1	8	9	2	1	10	3
J0383204	1814.99762851899	0	5	3	10	2011	1	1	1	8	9	2	1	10	-9
J0383206	1715.17444312883	0	4	3	10	2011	2	2	1	8	9	2	1	10	3
J0383207	1805.0203674841	0	5	3	10	2011	1	1	1	8	9	2	1	10	-9
J0383208	1491.84938030961	1	1	3	10	2011	1	1	1	8	9	2	1	10	-9
J0383301	1506.12475846094	0	5	3	11	2011	1	1	1	8	9	2	2	7	-9
J0383302	1370.00150109849	0	4	3	11	2011	1	1	1	8	9	2	2	7	-9
J0383303	1490.92568045492	0	5	3	11	2011	1	1	1	8	9	2	3	6	-9
J0383304	2099.45426843412	1	1	3	11	2011	1	1	1	8	9	2	2	10	-9
J0383306	2184.83948614239	0	5	3	11	2011	1	1	1	8	9	2	2	6	-9
J0383403	1701.42674925221	1	1	3	11	2011	2	2	1	8	9	2	1	6	3
J0383405	671.215426636807	0	4	3	11	2011	4	4	2	8	9	2	1	3	2
J0383406	1641.67224294722	0	5	3	11	2011	1	1	1	8	9	2	1	4	-9
J0383408	1649.03641772271	1	1	3	11	2011	2	2	1	8	9	2	1	4	3
J0384101	762.288725591339	1	1	4	1	2012	4	4	2	8	9	2	2	6	2
J0384102	1334.42896536095	1	1	4	1	2012	1	1	1	8	9	2	2	9	-9
J0384103	2131.38262153738	0	5	4	1	2012	1	1	1	8	9	2	3	9	-9
J0384104	1787.53260374653	1	1	4	1	2012	2	2	1	8	9	2	2	6	4
J0384105	1524.33337974037	1	1	4	1	2012	1	1	1	8	9	2	4	5	-9
J0384106	1484.40587257491	0	5	4	1	2012	1	1	1	8	9	2	3	8	-9
J0384107	767.843256599514	1	1	4	1	2012	4	4	2	8	9	2	2	7	2
J0384202	2130.29941497873	1	1	4	1	2012	1	1	1	8	9	2	1	10	-9
J0384203	2299.50042567425	0	5	4	1	2012	1	1	1	8	9	2	4	9	-9
J0384207	1524.43386910958	1	1	4	1	2012	1	1	1	8	9	2	1	9	-9
J0384302	1847.00022287173	1	1	4	2	2012	2	2	1	8	9	2	1	8	3
J0384305	2178.28232445756	0	5	4	2	2012	1	1	1	8	9	2	1	10	-9
J0384306	1263.95354287046	1	1	4	2	2012	1	1	1	8	9	2	1	10	-9
J0384307	1584.71988448914	0	5	4	2	2012	1	1	1	8	9	2	1	10	-9
J0384308	1543.51552717755	1	1	4	2	2012	1	1	1	8	9	2	1	10	-9
J0384401	1625.16499395342	0	5	4	2	2012	1	1	1	8	9	2	1	6	-9
J0384403	1461.87919860819	1	1	4	2	2012	1	1	1	8	9	2	3	9	-9
J0384404	1354.48469983182	0	5	4	2	2012	1	1	1	8	9	2	1	9	-9
J0384405	1910.01323103637	0	4	4	2	2012	4	4	2	8	9	2	1	5	2
J0384407	1628.7231219612	0	5	4	2	2012	2	2	1	8	9	2	1	10	3
J0384408	1368.82559003051	1	1	4	2	2012	1	1	1	8	9	2	1	8	-9
J0384409	900.308758860768	1	1	4	2	2012	4	4	2	8	9	2	1	5	2
J0384410	930.842721251081	0	4	4	2	2012	4	4	2	8	9	2	1	5	2
J0391104	1701.92164506948	0	4	1	4	2011	1	1	1	8	9	2	1	7	-9
J0391106	1558.7964917784	1	1	1	4	2011	1	1	1	8	9	2	1	4	-9
J0391108	1412.84069061364	1	1	1	4	2011	1	1	1	8	9	2	1	4	-9
J0391110	1283.39595118292	0	4	1	4	2011	3	3	2	8	9	2	1	4	1
J0391201	1209.5953594671	1	1	1	4	2011	3	3	2	8	9	2	1	2	1
J0391202	2525.74234022821	0	5	1	4	2011	1	1	1	8	9	2	1	3	-9
J0391203	3908.42540037572	1	1	1	4	2011	2	2	1	8	9	2	1	2	3
J0391204	2629.36196873054	0	5	1	4	2011	1	1	1	8	9	2	1	6	-9
J0391205	1629.20983402966	1	1	1	4	2011	1	1	1	8	9	2	1	5	-9
J0391206	2419.81056608273	0	5	1	4	2011	1	1	1	8	9	2	1	4	-9
J0391207	1439.42887249871	1	1	1	4	2011	1	1	1	8	9	2	1	3	-9
J0391208	802.782891380002	1	1	1	4	2011	2	2	1	8	9	2	1	4	3
J0391209	1913.8422292941	1	1	1	4	2011	3	3	2	8	9	2	1	3	1
J0391210	750.686087583903	1	1	1	4	2011	3	3	2	8	9	2	1	2	1
J0392101	1128.91722059377	0	5	2	7	2011	1	1	1	9	8	2	1	5	-9
J0392102	1580.41713395884	1	1	2	7	2011	2	2	1	9	8	2	1	3	5
J0392104	2088.49623257709	1	1	2	7	2011	2	2	1	9	8	2	1	2	3
J0392105	1212.36479498539	1	1	2	7	2011	3	3	2	9	8	2	1	2	1
J0392106	2452.06787658238	1	1	2	7	2011	3	3	2	9	8	2	1	2	1
J0392107	2394.75529581306	1	1	2	7	2011	2	2	1	9	8	2	1	3	3
J0392109	1986.22963424791	1	1	2	7	2011	3	3	2	9	8	2	1	2	1
J0392201	1198.10921838534	0	4	2	7	2011	4	4	2	9	8	2	1	3	2
J0392202	1892.27227732843	0	4	2	7	2011	1	1	1	9	8	2	1	4	-9
J0392204	775.537184799986	0	4	2	7	2011	4	4	2	9	8	2	1	3	2
J0392208	1966.96150038879	0	5	2	7	2011	1	1	1	9	8	2	1	5	-9
J0392304	1857.39718923689	0	5	2	8	2011	1	1	1	9	8	2	1	6	-9
J0392306	2467.12560972382	1	1	2	8	2011	4	4	2	9	8	2	1	2	2
J0392307	1792.87128631408	0	4	2	8	2011	2	2	1	9	8	2	1	7	5
J0392401	1525.30755415067	0	5	2	8	2011	1	1	1	9	8	2	1	8	-9
J0392404	1503.99191939205	1	1	2	8	2011	1	1	1	9	8	2	1	8	-9
J0392406	1585.22761650984	1	1	2	8	2011	3	3	2	9	8	2	1	7	1
J0392408	1439.07743695889	0	5	2	8	2011	1	1	1	9	8	2	1	9	-9
J0392409	963.764275505455	0	4	2	8	2011	2	2	1	9	8	2	1	5	5
J0393102	1314.74757938447	0	5	3	10	2011	1	1	1	8	9	2	1	5	-9
J0393103	939.130732887941	0	5	3	10	2011	1	1	1	8	9	2	1	3	-9
J0393104	1949.23182251513	1	1	3	10	2011	3	3	2	8	9	2	1	5	1
J0393107	2186.6726433907	0	5	3	10	2011	1	1	1	8	9	2	1	6	-9
J0393108	1964.07402200044	1	1	3	10	2011	2	2	1	8	9	2	1	6	3
J0393110	1310.98057795749	0	5	3	10	2011	3	3	2	8	9	2	1	4	1
J0393111	1956.37499848564	1	1	3	10	2011	2	2	1	8	9	2	1	5	5
J0393202	2104.35365488153	0	5	3	10	2011	1	1	1	9	8	2	1	3	-9
J0393203	1555.76161721668	1	1	3	10	2011	1	1	1	9	8	2	1	2	-9
J0393205	2467.30773790078	1	1	3	10	2011	2	2	1	9	8	2	1	4	4
J0393207	2761.56437340604	0	5	3	10	2011	1	1	1	9	8	2	1	5	-9
J0393208	1836.90612271403	1	1	3	10	2011	1	1	1	9	8	2	1	2	-9
J0393209	1667.89390345968	0	5	3	10	2011	1	1	1	9	8	2	1	2	-9
J0393211	2053.62722007232	0	4	3	10	2011	3	3	2	9	8	2	1	2	1
J0393301	2193.06660838705	0	4	3	11	2011	2	2	1	9	8	2	1	5	3
J0393304	931.086041811105	0	4	3	11	2011	1	1	1	9	8	2	1	3	-9
J0393306	1627.23837476807	0	5	3	11	2011	1	1	1	9	8	2	1	3	-9
J0393307	1876.55342034714	0	4	3	11	2011	1	1	1	9	8	2	1	2	-9
J0393401	975.530059054627	1	1	3	11	2011	3	3	2	9	8	2	1	3	1
J0393403	1825.84540893596	0	5	3	11	2011	1	1	1	9	8	2	1	3	-9
J0393405	1240.47798078933	0	5	3	11	2011	4	4	2	9	8	2	1	3	2
J0393411	6269.23652352791	1	1	3	11	2011	2	2	1	9	8	2	1	5	4
J0393412	1525.56879389246	0	5	3	11	2011	3	3	2	9	8	2	1	4	1
J0394101	1603.47579636243	1	1	4	1	2012	1	1	1	9	8	2	1	8	-9
J0394102	1019.11902150552	0	4	4	1	2012	2	2	1	9	8	2	1	5	3
J0394103	1516.15197376635	0	5	4	1	2012	1	1	1	9	8	2	1	5	-9
J0394105	1719.15393591449	0	5	4	1	2012	1	1	1	9	8	2	1	8	-9
J0394106	1786.60964816285	0	4	4	1	2012	1	1	1	9	8	2	1	9	-9
J0394107	848.060295780961	0	4	4	1	2012	2	2	1	9	8	2	1	6	5
J0394111	1496.03297275412	0	4	4	1	2012	1	1	1	9	8	2	1	8	-9
J0394201	1206.4145870285	0	5	4	1	2012	1	1	1	9	8	2	1	10	-9
J0394203	1730.86004281667	1	1	4	1	2012	1	1	1	9	8	2	1	9	-9
J0394204	1721.82697069369	0	5	4	1	2012	1	1	1	9	8	2	1	6	-9
J0394207	1720.15373015083	0	5	4	1	2012	1	1	1	9	8	2	1	8	-9
J0394208	1400.69243868696	1	1	4	1	2012	2	2	1	9	8	2	1	7	3
J0394301	4976.06517491816	0	5	4	2	2012	1	1	1	9	8	2	1	10	-9
J0394303	1901.65959769005	1	1	4	2	2012	1	1	1	9	8	2	1	5	-9
J0394304	2380.49321761768	1	1	4	2	2012	2	2	1	9	8	2	1	9	3
J0394305	6846.07978638247	1	1	4	2	2012	1	1	1	9	8	2	1	7	-9
J0394308	1688.61399565877	1	1	4	2	2012	1	1	1	9	8	2	1	10	-9
J0394401	1486.38098448606	0	5	4	2	2012	1	1	1	9	8	2	1	7	-9
J0394402	1745.07736158191	0	4	4	2	2012	1	1	1	9	8	2	1	7	-9
J0394403	2338.26101260089	0	5	4	2	2012	1	1	1	9	8	2	1	6	-9
J0394404	2346.08907419052	0	5	4	2	2012	1	1	1	9	8	2	1	6	-9
J0394408	1710.62516788795	0	5	4	2	2012	1	1	1	9	8	2	2	5	-9
J0401101	999.976107772096	1	1	1	4	2011	1	1	1	9	8	2	1	3	-9
J0401102	740.523537048144	0	4	1	4	2011	4	4	2	9	8	2	1	4	2
J0401104	1058.33587506132	1	1	1	4	2011	3	3	2	9	8	2	1	2	1
J0401105	846.594986760177	0	5	1	4	2011	1	1	1	9	8	2	1	4	-9
J0401108	1716.51056995585	0	4	1	4	2011	1	1	1	9	8	2	1	6	-9
J0401109	1309.57626986768	0	5	1	4	2011	1	1	1	9	8	2	1	8	-9
J0401110	1456.16129792028	0	4	1	4	2011	2	2	1	9	8	2	1	8	4
J0401111	1600.92045542775	0	5	1	4	2011	1	1	1	9	8	2	1	4	-9
J0401113	873.854663250038	1	1	1	4	2011	2	2	1	9	8	2	1	3	3
J0401114	1105.63009927693	0	5	1	4	2011	1	1	1	9	8	2	1	7	-9
J0401204	2183.23352595633	1	1	1	4	2011	2	2	1	9	8	2	1	7	3
J0401207	1715.27386649199	1	1	1	4	2011	2	2	1	9	8	2	1	8	3
J0401209	863.393256878965	1	1	1	4	2011	3	3	2	9	8	2	1	5	1
J0401301	969.888804741809	0	4	1	5	2011	2	2	1	9	8	2	1	2	5
J0401304	1939.93219257449	1	1	1	5	2011	4	4	2	9	8	2	1	4	2
J0401305	1756.32444432445	0	5	1	5	2011	1	1	1	9	8	2	1	2	-9
J0401306	724.765337908829	0	4	1	5	2011	4	4	2	9	8	2	1	4	2
J0401307	1774.54622611858	0	5	1	5	2011	1	1	1	9	8	2	1	7	-9
J0401309	697.021098296398	1	1	1	5	2011	3	3	2	9	8	2	1	2	1
J0401310	2023.79774672879	1	1	1	5	2011	3	3	2	9	8	2	1	2	1
J0401312	2473.45467161174	1	1	1	5	2011	2	2	1	9	8	2	1	5	5
J0401314	1377.6369163187	0	5	1	5	2011	1	1	1	9	8	2	1	9	-9
J0401316	1471.0949692814	0	5	1	5	2011	1	1	1	9	8	2	1	7	-9
J0401318	1558.28861409	0	4	1	5	2011	2	2	1	9	8	2	1	7	3
J0401403	1715.61417396331	1	1	1	5	2011	1	1	1	9	8	2	1	6	-9
J0401405	2105.24576881933	0	4	1	5	2011	1	1	1	9	8	2	1	5	-9
J0401409	1924.57947323463	0	4	1	5	2011	3	3	2	9	8	2	1	4	1
J0401412	1561.38388574144	1	1	1	5	2011	2	2	1	9	8	2	1	4	3
J0401414	1901.7979801264	1	1	1	5	2011	1	1	1	9	8	2	1	5	-9
J0401415	1171.07943653791	1	1	1	5	2011	3	3	2	9	8	2	1	5	1
J0402102	1961.0366742625	0	5	2	7	2011	1	1	1	9	8	2	1	3	-9
J0402106	1721.77126039971	0	5	2	7	2011	1	1	1	9	8	2	1	6	-9
J0402107	2032.37393375114	0	5	2	7	2011	1	1	1	9	8	2	1	3	-9
J0402110	2506.7516629606	1	1	2	7	2011	2	2	1	9	8	2	1	4	3
J0402114	1967.29940710278	1	1	2	7	2011	1	1	1	9	8	2	1	6	-9
J0402115	1976.12993112779	0	5	2	7	2011	1	1	1	8	9	2	1	9	-9
J0402203	1196.21171048613	1	1	2	7	2011	4	4	2	9	8	2	1	2	2
J0402204	719.531971784141	1	1	2	7	2011	4	4	2	9	8	2	1	2	2
J0402208	1323.32762140262	1	1	2	7	2011	1	1	1	9	8	2	1	5	-9
J0402209	762.79720170086	0	4	2	7	2011	3	3	2	9	8	2	1	2	1
J0402210	1543.33697898119	1	1	2	7	2011	1	1	1	9	8	2	1	5	-9
J0402212	1018.58563233689	1	1	2	7	2011	2	2	1	9	8	2	1	4	3
J0402216	3361.05358094147	0	5	2	7	2011	1	1	1	9	8	2	1	5	-9
J0402303	1815.902060744	1	1	2	8	2011	2	2	1	9	8	2	1	5	3
J0402304	1286.10126905215	1	1	2	8	2011	4	4	2	9	8	2	1	5	2
J0402307	1515.37022985582	1	1	2	8	2011	4	4	2	9	8	2	1	4	2
J0402309	1926.48343087299	0	5	2	8	2011	1	1	1	9	8	2	1	6	-9
J0402311	1611.73434729882	1	1	2	8	2011	3	3	2	9	8	2	1	6	1
J0402312	1258.21150944476	1	1	2	8	2011	3	3	2	9	8	2	1	6	1
J0402313	855.725579770748	0	5	2	8	2011	1	1	1	9	8	2	1	2	-9
J0402402	1595.87402346239	1	1	2	8	2011	1	1	1	9	8	2	1	4	-9
J0402403	2404.55783233886	0	5	2	8	2011	1	1	1	9	8	2	1	9	-9
J0402405	1254.02012870901	0	4	2	8	2011	1	1	1	9	8	2	1	7	-9
J0402410	730.734094288097	1	1	2	8	2011	3	3	2	9	8	2	1	2	1
J0402412	1441.24865745743	0	5	2	8	2011	1	1	1	9	8	2	1	7	-9
J0402413	1277.25627522553	1	1	2	8	2011	3	3	2	9	8	2	1	6	1
J0403101	1483.43547421292	0	5	3	10	2011	1	1	1	9	8	2	1	5	-9
J0403102	1371.64885454688	1	1	3	10	2011	2	2	1	9	8	2	1	2	3
J0403103	877.481157571098	0	5	3	10	2011	1	1	1	9	8	2	1	5	-9
J0403104	1349.76516915083	1	1	3	10	2011	1	1	1	9	8	2	1	6	-9
J0403106	2019.39978137223	1	1	3	10	2011	2	2	1	9	8	2	1	9	4
J0403107	1634.06520213527	1	1	3	10	2011	2	2	1	9	8	2	1	6	3
J0403108	888.001624901085	0	5	3	10	2011	1	1	1	9	8	2	1	5	-9
J0403113	2627.65596088264	1	1	3	10	2011	2	2	1	9	8	2	1	5	3
J0403201	1980.97654016591	1	1	3	10	2011	2	2	1	9	8	2	1	6	5
J0403209	659.94918002874	0	4	3	10	2011	3	3	2	9	8	2	1	1	1
J0403301	1492.16006262245	0	5	3	11	2011	1	1	1	9	8	2	1	5	-9
J0403302	942.655187653314	1	1	3	11	2011	2	2	1	9	8	2	1	2	3
J0403303	4663.93169818995	0	5	3	11	2011	1	1	1	9	8	2	1	3	-9
J0403305	779.774578609297	1	1	3	11	2011	3	3	2	9	8	2	1	2	1
J0403306	740.992450332124	0	5	3	11	2011	4	4	2	9	8	2	1	2	2
J0403307	2776.69752617531	1	1	3	11	2011	1	1	1	9	8	2	1	2	-9
J0403308	924.44282410182	0	4	3	11	2011	2	2	1	9	8	2	1	2	3
J0403309	1966.79187545471	1	1	3	11	2011	2	2	1	9	8	2	1	1	5
J0403310	1967.86303523309	0	4	3	11	2011	2	2	1	9	8	2	1	3	3
J0403311	2291.39623783969	1	1	3	11	2011	4	4	2	9	8	2	1	1	2
J0403312	801.386961125948	1	1	3	11	2011	2	2	1	9	8	2	1	3	3
J0403313	1375.08065818953	0	5	3	11	2011	1	1	1	9	8	2	1	2	-9
J0403314	5053.97127244731	1	1	3	11	2011	2	2	1	9	8	2	1	3	3
J0403315	4595.39718304724	0	5	3	11	2011	1	1	1	9	8	2	1	5	-9
J0403316	1793.97957438713	0	5	3	11	2011	2	2	1	9	8	2	1	3	3
J0403401	1370.42722885513	1	1	3	11	2011	1	1	1	9	8	2	1	4	-9
J0403405	1259.41677294045	1	1	3	11	2011	3	3	2	9	8	2	1	2	1
J0403411	1857.16577451137	1	1	3	11	2011	2	2	1	9	8	2	1	7	3
J0404101	830.129972872782	1	1	4	1	2012	4	4	2	9	8	2	1	5	2
J0404103	1550.76652733091	0	5	4	1	2012	1	1	1	9	8	2	1	5	-9
J0404104	1341.56719749225	0	5	4	1	2012	1	1	1	9	8	2	1	8	-9
J0404105	1109.97916593657	1	1	4	1	2012	3	3	2	9	8	2	1	5	1
J0404107	1782.80961868015	1	1	4	1	2012	1	1	1	9	8	2	1	5	-9
J0404109	958.619962137944	1	1	4	1	2012	4	4	2	9	8	2	1	4	2
J0404110	1816.4425607047	1	1	4	1	2012	2	2	1	9	8	2	1	8	3
J0404111	1565.96483648094	0	5	4	1	2012	1	1	1	9	8	2	1	7	-9
J0404112	1621.65158363146	1	1	4	1	2012	2	2	1	9	8	2	1	7	3
J0404113	730.409353519019	1	1	4	1	2012	3	3	2	9	8	2	1	2	1
J0404114	1726.26818653972	0	5	4	1	2012	1	1	1	9	8	2	1	7	-9
J0404117	846.527310880937	1	1	4	1	2012	1	1	1	9	8	2	1	2	-9
J0404201	2781.94161430639	1	1	4	1	2012	2	2	1	9	8	2	1	5	3
J0404202	2928.39076261964	1	1	4	1	2012	2	2	1	9	8	2	1	5	3
J0404205	1554.94017139617	1	1	4	1	2012	2	2	1	9	8	2	1	5	3
J0404208	973.436461941276	0	4	4	1	2012	1	1	1	9	8	2	1	3	-9
J0404209	1305.457620504	0	5	4	1	2012	1	1	1	9	8	2	1	3	-9
J0404211	2059.33287522112	0	5	4	1	2012	1	1	1	9	8	2	1	4	-9
J0404212	1661.99781627678	1	1	4	1	2012	2	2	1	9	8	2	1	2	3
J0404213	907.618269090419	1	1	4	1	2012	3	3	2	9	8	2	1	3	1
J0404302	1445.21627215769	0	4	4	2	2012	2	2	1	9	8	2	1	3	3
J0404303	2030.32087298218	1	1	4	2	2012	2	2	1	9	8	2	1	4	3
J0404304	2351.87872456601	0	5	4	2	2012	1	1	1	9	8	2	1	3	-9
J0404305	743.010414946145	1	1	4	2	2012	3	3	2	9	8	2	1	2	1
J0404306	1518.70536726343	0	5	4	2	2012	1	1	1	9	8	2	1	4	-9
J0404311	734.486589148967	0	4	4	2	2012	2	2	1	9	8	2	1	1	3
J0404313	1360.34309063462	0	5	4	2	2012	1	1	1	9	8	2	1	5	-9
J0404318	2596.6384383894	1	1	4	2	2012	3	3	2	9	8	2	1	3	1
J0404401	975.28399197139	0	5	4	2	2012	1	1	1	9	8	2	1	7	-9
J0404403	1448.48692257664	1	1	4	2	2012	4	4	2	9	8	2	1	1	2
J0404404	770.353792603168	1	1	4	2	2012	3	3	2	9	8	2	1	1	1
J0404405	2746.30937075145	1	1	4	2	2012	2	2	1	9	8	2	1	7	3
J0404407	3109.88143808764	0	4	4	2	2012	2	2	1	9	8	2	1	4	4
J0404410	1766.33652814693	1	1	4	2	2012	3	3	2	9	8	2	1	5	1
J0411101	2131.91659869716	1	1	1	4	2011	2	2	1	9	8	2	1	4	3
J0411104	964.448426165522	1	1	1	4	2011	3	3	2	9	8	2	1	1	1
J0411105	858.667922153873	0	4	1	4	2011	3	3	2	9	8	2	1	1	1
J0411107	730.207680789831	1	1	1	4	2011	4	4	2	9	8	2	1	1	2
J0411108	1922.73179132799	0	5	1	4	2011	1	1	1	9	8	2	1	1	-9
J0411112	818.164571022256	1	1	1	4	2011	3	3	2	9	8	2	1	1	1
J0411114	1048.36726531961	1	1	1	4	2011	2	2	1	9	8	2	1	1	3
J0411202	2075.21106041722	0	4	1	4	2011	2	2	1	9	8	2	1	4	3
J0411203	1611.84414954041	1	1	1	4	2011	2	2	1	9	8	2	1	5	3
J0411205	1672.56050642985	1	1	1	4	2011	1	1	1	9	8	2	1	3	-9
J0411206	1281.48433378828	0	5	1	4	2011	1	1	1	9	8	2	1	3	-9
J0411207	1171.9079430368	1	1	1	4	2011	3	3	2	9	8	2	1	4	1
J0411208	1951.05055998813	1	1	1	4	2011	2	2	1	9	8	2	1	5	3
J0411209	1148.39872510447	0	4	1	4	2011	1	1	1	9	8	2	1	4	-9
J0411210	643.372448828876	1	1	1	4	2011	4	4	2	9	8	2	1	2	2
J0411302	1966.96150038879	0	4	1	5	2011	1	1	1	9	8	2	1	5	-9
J0411303	1180.21843118724	0	5	1	5	2011	1	1	1	9	8	2	1	6	-9
J0411307	2890.13006734802	0	5	1	5	2011	1	1	1	9	8	2	1	4	-9
J0411308	2710.75779307721	1	1	1	5	2011	1	1	1	9	8	2	1	4	-9
J0411309	1959.23072135559	0	5	1	5	2011	1	1	1	9	8	2	1	5	-9
J0411310	2293.221521062	0	4	1	5	2011	1	1	1	9	8	2	1	5	-9
J0411311	915.501206072733	0	5	1	5	2011	1	1	1	9	8	2	1	3	-9
J0411403	1628.6714269861	1	1	1	5	2011	2	2	1	9	8	2	1	6	5
J0411405	2657.03253493975	0	5	1	5	2011	1	1	1	9	8	2	1	5	-9
J0411406	1756.39103600988	1	1	1	5	2011	1	1	1	9	8	2	1	3	-9
J0411407	1521.35652038178	0	5	1	5	2011	1	1	1	9	8	2	1	6	-9
J0411408	1605.0404025743	1	1	1	5	2011	4	4	2	9	8	2	1	5	2
J0411409	1653.73786620727	0	5	1	5	2011	1	1	1	9	8	2	1	7	-9
J0411411	1765.10417249749	0	5	1	5	2011	1	1	1	9	8	2	1	3	-9
J0411412	1034.17870349074	1	1	1	5	2011	2	2	1	9	8	2	1	7	3
J0411413	1319.42751903551	1	1	1	5	2011	3	3	2	9	8	2	1	7	1
J0412101	4264.06179044547	0	4	2	7	2011	1	1	1	9	8	2	1	10	-9
J0412105	1414.1977929746	1	1	2	7	2011	2	2	1	9	8	2	1	6	3
J0412107	3853.83724941067	0	5	2	7	2011	1	1	1	9	8	2	1	9	-9
J0412108	1905.19148669016	1	1	2	7	2011	2	2	1	9	8	2	1	10	3
J0412110	2138.79145813368	1	1	2	7	2011	3	3	2	9	8	2	1	6	1
J0412202	4103.19736077968	1	1	2	7	2011	1	1	1	9	8	2	1	8	-9
J0412204	2054.79277422999	1	1	2	7	2011	1	1	1	9	8	2	1	4	-9
J0412205	2319.43977615965	0	4	2	7	2011	2	2	1	9	8	2	1	4	3
J0412206	1949.32197629882	0	5	2	7	2011	1	1	1	9	8	2	1	7	-9
J0412207	1884.16907011899	0	4	2	7	2011	1	1	1	9	8	2	1	6	-9
J0412209	4260.26811821945	1	1	2	7	2011	2	2	1	9	8	2	1	7	3
J0412210	3402.34195095168	0	5	2	7	2011	1	1	1	9	8	2	1	6	-9
J0412211	1365.6047081764	1	1	2	7	2011	1	1	1	9	8	2	1	8	-9
J0412301	2072.95509897241	0	4	2	8	2011	2	2	1	9	8	2	1	6	3
J0412302	1122.31844208847	0	4	2	8	2011	3	3	2	9	8	2	1	6	1
J0412303	1772.15390402094	0	5	2	8	2011	1	1	1	9	8	2	1	4	-9
J0412304	4633.98053877639	0	4	2	8	2011	1	1	1	9	8	2	1	6	-9
J0412306	1473.11992959869	0	4	2	8	2011	1	1	1	9	8	2	1	6	-9
J0412310	1752.76929493139	1	1	2	8	2011	2	2	1	9	8	2	1	6	3
J0412311	1431.38332190951	1	1	2	8	2011	1	1	1	9	8	2	1	3	-9
J0412401	1399.27518615259	1	1	2	8	2011	2	2	1	9	8	2	1	3	3
J0412402	763.597830664333	0	4	2	8	2011	1	1	1	9	8	2	1	3	-9
J0412404	2628.31358766306	1	1	2	8	2011	2	2	1	9	8	2	1	6	3
J0412405	1554.16660105149	1	1	2	8	2011	2	2	1	9	8	2	1	2	3
J0412406	1492.62405336631	1	1	2	8	2011	1	1	1	9	8	2	1	5	-9
J0412408	2672.39243018779	0	5	2	8	2011	1	1	1	9	8	2	1	6	-9
J0412410	1998.18475825708	1	1	2	8	2011	2	2	1	9	8	2	1	6	4
J0413101	1768.49054475447	1	1	3	10	2011	2	2	1	9	8	2	1	2	3
J0413102	1097.65882086372	0	5	3	10	2011	1	1	1	9	8	2	1	1	-9
J0413105	1094.5547374975	0	4	3	10	2011	3	3	2	9	8	2	1	1	1
J0413106	1095.29316159615	0	4	3	10	2011	3	3	2	9	8	2	1	1	1
J0413107	674.026235080854	0	5	3	10	2011	3	3	2	9	8	2	1	1	1
J0413113	1873.49729454389	0	5	3	10	2011	1	1	1	9	8	2	1	4	-9
J0413201	4436.10103203442	0	4	3	10	2011	4	4	2	9	8	2	1	6	2
J0413202	997.279667489485	0	5	3	10	2011	1	1	1	9	8	2	1	1	-9
J0413203	6241.21977514238	1	1	3	10	2011	1	1	1	9	8	2	1	2	-9
J0413205	2227.05974116252	1	1	3	10	2011	3	3	2	9	8	2	1	1	1
J0413206	2130.55618700063	1	1	3	10	2011	1	1	1	9	8	2	1	1	-9
J0413208	1703.75859103814	1	1	3	10	2011	2	2	1	9	8	2	1	3	3
J0413210	2953.65365369037	0	5	3	10	2011	1	1	1	9	8	2	1	3	-9
J0413211	4371.64972424118	1	1	3	10	2011	1	1	1	9	8	2	1	3	-9
J0413301	2178.19109128965	0	5	3	11	2011	1	1	1	9	8	2	1	4	-9
J0413303	1377.65489089377	0	5	3	11	2011	4	4	2	9	8	2	1	1	2
J0413304	1525.68580640576	1	1	3	11	2011	4	4	2	9	8	2	1	2	2
J0413307	1175.7638975769	1	1	3	11	2011	4	4	2	9	8	2	1	3	2
J0413310	779.146383210912	0	5	3	11	2011	4	4	2	9	8	2	1	2	2
J0413311	1461.72969744264	1	1	3	11	2011	4	4	2	9	8	2	1	2	2
J0413313	1372.85266945581	0	5	3	11	2011	1	1	1	9	8	2	1	3	-9
J0413403	1237.26636386005	1	1	3	11	2011	4	4	2	9	8	2	1	1	2
J0413405	761.989807195639	1	1	3	11	2011	3	3	2	9	8	2	1	1	1
J0413409	756.011258614271	0	5	3	11	2011	4	4	2	9	8	2	1	4	2
J0413410	2772.32868694389	0	4	3	11	2011	1	1	1	9	8	2	1	3	-9
J0413411	1527.05508685884	0	5	3	11	2011	1	1	1	9	8	2	1	3	-9
J0413413	1669.10070994941	1	1	3	11	2011	2	2	1	9	8	2	1	2	3
J0414102	862.187994859208	0	4	4	1	2012	1	1	1	9	8	2	1	2	-9
J0414103	1339.52882723004	0	5	4	1	2012	1	1	1	9	8	2	1	3	-9
J0414104	1478.10851042675	0	5	4	1	2012	1	1	1	9	8	2	1	10	-9
J0414105	2233.07151417487	0	4	4	1	2012	1	1	1	9	8	2	1	5	-9
J0414112	1284.92293696371	0	4	4	1	2012	1	1	1	9	8	2	1	10	-9
J0414202	1602.75377382674	0	5	4	1	2012	4	4	2	9	8	2	1	4	2
J0414204	1414.8659582108	1	1	4	1	2012	2	2	1	9	8	2	1	7	3
J0414206	757.522847988051	1	1	4	1	2012	2	2	1	9	8	2	1	3	5
J0414207	1238.94797587899	0	5	4	1	2012	1	1	1	9	8	2	1	5	-9
J0414208	1403.91764489828	0	4	4	1	2012	1	1	1	9	8	2	1	5	-9
J0414209	1284.47749193297	0	4	4	1	2012	2	2	1	9	8	2	1	6	5
J0414210	1177.44901188874	0	4	4	1	2012	1	1	1	9	8	2	1	8	-9
J0414211	1361.72187493711	0	5	4	1	2012	1	1	1	9	8	2	1	8	-9
J0414301	1686.30773965829	1	1	4	2	2012	1	1	1	9	8	2	1	3	-9
J0414302	911.801082834444	1	1	4	2	2012	3	3	2	9	8	2	1	3	1
J0414303	1500.51325715774	0	4	4	2	2012	1	1	1	9	8	2	1	8	-9
J0414304	1323.46706079838	0	5	4	2	2012	1	1	1	9	8	2	1	8	-9
J0414307	1657.60779661165	0	5	4	2	2012	1	1	1	9	8	2	1	4	-9
J0414308	1144.04241144107	1	1	4	2	2012	1	1	1	9	8	2	1	6	-9
J0414309	2947.47102868906	0	5	4	2	2012	1	1	1	9	8	2	1	6	-9
J0414311	1712.28901597105	1	1	4	2	2012	1	1	1	9	8	2	1	6	-9
J0414312	761.115674957676	1	1	4	2	2012	4	4	2	9	8	2	1	3	2
J0414403	1361.53149052629	0	5	4	2	2012	1	1	1	9	8	2	1	6	-9
J0414405	2016.36273848412	1	1	4	2	2012	2	2	1	9	8	2	1	8	3
J0414411	1624.10019906548	1	1	4	2	2012	1	1	1	9	8	2	1	7	-9
J0421101	773.990731372686	1	1	1	4	2011	4	4	2	9	8	2	1	2	2
J0421102	828.598765317228	1	1	1	4	2011	3	3	2	9	8	2	1	2	1
J0421110	895.85886344377	1	1	1	4	2011	4	4	2	9	8	2	1	2	2
J0421203	1159.37356043596	1	1	1	4	2011	2	2	1	9	8	2	1	1	3
J0421207	2405.56834909947	1	1	1	4	2011	4	4	2	9	8	2	1	3	2
J0421208	860.883671097476	1	1	1	4	2011	3	3	2	9	8	2	1	2	1
J0421209	905.570188479799	1	1	1	4	2011	3	3	2	9	8	2	1	2	1
J0421210	1388.60525119789	1	1	1	4	2011	3	3	2	9	8	2	1	2	1
J0421213	868.789438648189	1	1	1	4	2011	1	1	1	9	8	2	1	1	-9
J0421301	1488.66070209495	0	5	1	5	2011	1	1	1	9	8	2	1	4	-9
J0421303	2176.83503750806	0	4	1	5	2011	3	3	2	9	8	2	1	3	1
J0421305	1988.32161889035	1	1	1	5	2011	2	2	1	9	8	2	1	2	5
J0421307	2722.09929888591	1	1	1	5	2011	3	3	2	9	8	2	1	1	1
J0421310	4252.04940894923	0	4	1	5	2011	1	1	1	9	8	2	1	3	-9
J0421403	2663.72717379346	1	1	1	5	2011	3	3	2	9	8	2	1	1	1
J0421404	2083.87489871143	0	5	1	5	2011	1	1	1	9	8	2	1	7	-9
J0421407	1050.75002187934	1	1	1	5	2011	3	3	2	9	8	2	1	2	1
J0421408	1556.37365405237	0	4	1	5	2011	4	4	2	9	8	2	1	3	2
J0421410	1692.69330507639	0	5	1	5	2011	1	1	1	9	8	2	1	7	-9
J0422103	1461.30152384488	0	4	2	7	2011	3	3	2	9	8	2	1	5	1
J0422106	1810.6234159087	1	1	2	7	2011	2	2	1	9	8	2	1	3	3
J0422107	1649.56156309432	0	5	2	7	2011	1	1	1	9	8	2	1	7	-9
J0422108	2128.82681532311	1	1	2	7	2011	3	3	2	9	8	2	1	4	1
J0422203	815.702885596937	1	1	2	7	2011	3	3	2	9	8	2	1	4	1
J0422205	810.955700185542	1	1	2	7	2011	3	3	2	9	8	2	1	3	1
J0422207	1749.45758783876	0	5	2	7	2011	1	1	1	9	8	2	1	5	-9
J0422301	1642.55702575927	1	1	2	8	2011	4	4	2	9	8	2	1	6	2
J0422302	1836.27077718073	1	1	2	8	2011	2	2	1	9	8	2	1	8	3
J0422304	1993.29997473148	1	1	2	8	2011	1	1	1	9	8	2	1	6	-9
J0422305	2015.66509406137	0	5	2	8	2011	1	1	1	9	8	2	1	5	-9
J0422309	894.304187968183	1	1	2	8	2011	2	2	1	9	8	2	1	4	3
J0422310	1764.35807223904	0	5	2	8	2011	1	1	1	9	8	2	1	7	-9
J0422405	2150.82643346828	1	1	2	8	2011	4	4	2	9	8	2	1	3	2
J0422408	1569.76414524498	1	1	2	8	2011	1	1	1	9	8	2	1	7	-9
J0423103	2033.69186378923	1	1	3	10	2011	1	1	1	9	8	2	1	6	-9
J0423211	2130.61200534664	1	1	3	10	2011	2	2	1	9	8	2	1	7	3
J0423404	2816.77427335252	1	1	3	11	2011	2	2	1	9	8	2	1	4	5
J0423406	1664.27198187441	0	5	3	11	2011	1	1	1	9	8	2	1	8	-9
J0424101	2402.651844419	1	1	4	1	2012	1	1	1	9	8	2	1	3	-9
J0424102	1531.81056177946	0	5	4	1	2012	1	1	1	9	8	2	1	4	-9
J0424103	1834.5996503721	1	1	4	1	2012	1	1	1	9	8	2	1	2	-9
J0424105	1668.94567221263	1	1	4	1	2012	4	4	2	9	8	2	1	4	2
J0424110	941.54729744276	0	5	4	1	2012	4	4	2	9	8	2	1	4	2
J0424204	1843.93740285187	0	5	4	1	2012	1	1	1	9	8	2	1	6	-9
J0424206	2147.96173445479	1	1	4	1	2012	1	1	1	9	8	2	1	6	-9
J0424207	2192.83279681673	1	1	4	1	2012	4	4	2	9	8	2	1	2	2
J0424306	2111.72175161366	0	5	4	2	2012	1	1	1	9	8	2	1	7	-9
J0424307	1833.2975152544	0	5	4	2	2012	2	2	1	9	8	2	1	3	5
J0424308	754.070357090073	1	1	4	2	2012	3	3	2	9	8	2	1	2	1
J0424309	963.958877843538	0	5	4	2	2012	1	1	1	9	8	2	1	2	-9
J0424310	1800.54233571583	1	1	4	2	2012	3	3	2	9	8	2	1	6	1
J0424404	6308.28249576019	1	1	4	2	2012	3	3	2	9	8	2	1	4	1
J0424406	1318.12320769789	0	5	4	2	2012	1	1	1	9	8	2	1	2	-9
J0424408	960.900033627598	1	1	4	2	2012	3	3	2	9	8	2	1	3	1
J0424409	9433.24767391197	1	1	4	2	2012	2	2	1	9	8	2	1	5	3
J0424410	1936.12734322881	0	4	4	2	2012	2	2	1	9	8	2	1	3	3
J0424411	1509.31369866847	0	5	4	2	2012	1	1	1	9	8	2	1	7	-9
J0431105	988.270143721959	1	1	1	4	2011	1	1	1	9	8	2	1	3	-9
J0431106	1072.82262191431	1	1	1	4	2011	2	2	1	9	8	2	1	2	4
J0431109	1173.98129378175	1	1	1	4	2011	1	1	1	9	8	2	1	3	-9
J0431110	1104.11580855575	1	1	1	4	2011	2	2	1	9	8	2	1	8	5
J0431115	1005.53996068249	0	4	1	4	2011	3	3	2	9	8	2	1	5	1
J0431202	1311.05684672292	1	1	1	4	2011	4	4	2	9	8	2	1	2	2
J0431206	958.485362386001	1	1	1	4	2011	3	3	2	9	8	2	1	5	1
J0431209	1230.58453994477	0	4	1	4	2011	4	4	2	9	8	2	1	7	2
J0431210	949.306067382155	0	4	1	4	2011	2	2	1	9	8	2	1	3	5
J0431211	1037.5551060381	1	1	1	4	2011	3	3	2	9	8	2	1	3	1
J0431213	1312.54018719979	0	5	1	4	2011	1	1	1	9	8	2	1	8	-9
J0431301	2940.58177792437	1	1	1	5	2011	2	2	1	9	8	2	1	6	4
J0431302	2101.63455069911	0	5	1	5	2011	1	1	1	9	8	2	1	5	-9
J0431310	983.184625399401	0	4	1	5	2011	2	2	1	9	8	2	1	6	3
J0431312	988.512532564765	1	1	1	5	2011	2	2	1	9	8	2	1	3	3
J0431315	1363.31758778769	1	1	1	5	2011	1	1	1	9	8	2	1	4	-9
J0431407	1078.53069970919	1	1	1	5	2011	3	3	2	9	8	2	1	2	1
J0431408	1142.6106275367	0	4	1	5	2011	3	3	2	9	8	2	1	5	1
J0431409	1541.52526018302	0	4	1	5	2011	1	1	1	9	8	2	1	5	-9
J0431416	1139.10165265371	0	4	1	5	2011	3	3	2	9	8	2	1	5	1
J0432101	2572.95642004404	0	4	2	7	2011	2	2	1	9	8	2	1	7	4
J0432105	877.798903042315	1	1	2	7	2011	3	3	2	9	8	2	1	1	1
J0432106	1034.88064735453	0	5	2	7	2011	1	1	1	9	8	2	1	1	-9
J0432108	1292.04764975283	1	1	2	7	2011	3	3	2	9	8	2	1	2	1
J0432111	2517.20186411123	0	4	2	7	2011	2	2	1	9	8	2	1	8	4
J0432201	935.657928998116	1	1	2	7	2011	1	1	1	9	8	2	1	4	-9
J0432207	2328.29575892582	0	4	2	7	2011	1	1	1	9	8	2	1	7	-9
J0432210	1772.96715103067	0	4	2	7	2011	1	1	1	9	8	2	1	7	-9
J0432211	1570.01510578666	0	5	2	7	2011	1	1	1	9	8	2	1	7	-9
J0432216	1057.16245599133	0	4	2	7	2011	2	2	1	9	8	2	1	6	3
J0432301	2021.30977421342	1	1	2	8	2011	2	2	1	9	8	2	1	6	3
J0432302	1668.78640923209	1	1	2	8	2011	3	3	2	9	8	2	1	5	1
J0432303	1642.27252661452	1	1	2	8	2011	1	1	1	9	8	2	1	5	-9
J0432304	1784.30295817995	0	5	2	8	2011	1	1	1	9	8	2	1	4	-9
J0432306	2677.60991823057	1	1	2	8	2011	2	2	1	9	8	2	1	7	3
J0432307	1642.02658870309	0	5	2	8	2011	1	1	1	9	8	2	1	6	-9
J0432312	874.918021071445	1	1	2	8	2011	2	2	1	9	8	2	1	2	3
J0432404	1227.41442676323	1	1	2	8	2011	1	1	1	9	8	2	1	2	-9
J0432408	2892.51218720463	1	1	2	8	2011	2	2	1	9	8	2	1	3	4
J0432409	993.830677839718	1	1	2	8	2011	4	4	2	9	8	2	1	3	2
J0432410	825.491330023789	0	4	2	8	2011	4	4	2	9	8	2	1	2	2
J0432411	1257.08652973162	0	5	2	8	2011	1	1	1	9	8	2	1	3	-9
J0432412	914.051045705324	0	4	2	8	2011	3	3	2	9	8	2	1	1	1
J0432413	882.177869650021	1	1	2	8	2011	4	4	2	9	8	2	1	4	2
J0432417	2041.26716833691	1	1	2	8	2011	1	1	1	9	8	2	1	8	-9
J0433101	1586.63583762035	1	1	3	10	2011	1	1	1	9	8	2	1	2	-9
J0433102	2312.04453973616	0	5	3	10	2011	3	3	2	9	8	2	1	2	1
J0433103	883.336879777618	1	1	3	10	2011	3	3	2	9	8	2	1	2	1
J0433108	914.69202026143	0	5	3	10	2011	1	1	1	9	8	2	1	6	-9
J0433109	932.210747500602	0	4	3	10	2011	3	3	2	9	8	2	1	5	1
J0433201	1123.82462390385	0	4	3	10	2011	2	2	1	9	8	2	1	5	4
J0433202	1615.76453031683	1	1	3	10	2011	1	1	1	9	8	2	1	6	-9
J0433209	1208.58775066531	0	4	3	10	2011	2	2	1	9	8	2	1	3	3
J0433213	2451.20520937184	0	5	3	10	2011	1	1	1	9	8	2	1	4	-9
J0433214	2439.10843369665	0	5	3	10	2011	2	2	1	9	8	2	1	7	5
J0433303	792.463863932568	0	5	3	11	2011	1	1	1	9	8	2	1	3	-9
J0433309	4359.81110969729	0	5	3	11	2011	1	1	1	9	8	2	1	4	-9
J0433311	808.579418395005	1	1	3	11	2011	3	3	2	9	8	2	1	1	1
J0433312	1277.35687059477	0	4	3	11	2011	2	2	1	9	8	2	1	5	4
J0433314	1134.74873090776	0	5	3	11	2011	1	1	1	9	8	2	1	3	-9
J0433401	2174.05218263559	1	1	3	11	2011	4	4	2	9	8	2	1	2	2
J0433406	1132.12355846621	1	1	3	11	2011	3	3	2	9	8	2	1	1	1
J0433407	1721.88606057434	0	5	3	11	2011	3	3	2	9	8	2	1	1	1
J0433409	1100.42401472276	1	1	3	11	2011	3	3	2	9	8	2	1	1	1
J0433410	1235.49125928986	0	5	3	11	2011	1	1	1	9	8	2	1	2	-9
J0433412	2004.65993986021	1	1	3	11	2011	3	3	2	9	8	2	1	1	1
J0433414	906.34850846995	0	5	3	11	2011	4	4	2	9	8	2	1	1	2
J0433417	1021.13050838835	0	4	3	11	2011	4	4	2	9	8	2	1	2	2
J0434101	2068.75883171724	0	5	4	1	2012	2	2	1	9	8	2	1	2	3
J0434102	1158.20671364667	1	1	4	1	2012	2	2	1	9	8	2	1	2	3
J0434103	757.302829641107	1	1	4	1	2012	3	3	2	9	8	2	1	2	1
J0434104	1151.2274103497	1	1	4	1	2012	3	3	2	9	8	2	1	2	1
J0434105	767.050339613472	0	4	4	1	2012	3	3	2	9	8	2	1	3	1
J0434106	1025.59086856495	1	1	4	1	2012	3	3	2	9	8	2	1	2	1
J0434108	1220.55690606847	0	5	4	1	2012	1	1	1	9	8	2	1	2	-9
J0434110	1764.42667857593	1	1	4	1	2012	3	3	2	9	8	2	1	2	1
J0434111	836.362979357599	0	5	4	1	2012	3	3	2	9	8	2	1	2	1
J0434113	1719.05428167089	1	1	4	1	2012	2	2	1	9	8	2	1	3	4
J0434114	971.605877142603	1	1	4	1	2012	3	3	2	9	8	2	1	2	1
J0434115	1269.77876458235	1	1	4	1	2012	2	2	1	9	8	2	1	2	5
J0434117	1039.56776469816	0	4	4	1	2012	2	2	1	9	8	2	1	3	3
J0434119	1354.65221252576	1	1	4	1	2012	3	3	2	9	8	2	1	1	1
J0434201	1431.33582896917	0	5	4	1	2012	1	1	1	9	8	2	1	6	-9
J0434202	1023.29813573314	0	5	4	1	2012	2	2	1	9	8	2	1	3	3
J0434204	1883.2778489907	0	5	4	1	2012	1	1	1	9	8	2	1	5	-9
J0434206	2025.64583166997	0	5	4	1	2012	1	1	1	9	8	2	1	6	-9
J0434208	901.458098934461	1	1	4	1	2012	3	3	2	9	8	2	1	3	1
J0434210	1906.60538726876	0	4	4	1	2012	2	2	1	9	8	2	1	3	3
J0434211	1148.49754386798	1	1	4	1	2012	2	2	1	9	8	2	1	2	3
J0434212	1277.35686636328	0	5	4	1	2012	2	2	1	9	8	2	1	3	3
J0434213	926.753075680419	1	1	4	1	2012	4	4	2	9	8	2	1	2	2
J0434304	2017.98706383766	0	4	4	2	2012	1	1	1	9	8	2	1	9	-9
J0434306	1782.18198987699	0	5	4	2	2012	1	1	1	9	8	2	1	7	-9
J0434307	3232.19793217489	1	1	4	2	2012	1	1	1	9	8	2	1	7	-9
J0434310	2241.38480606499	0	5	4	2	2012	1	1	1	9	8	2	1	9	-9
J0434312	917.95423038467	1	1	4	2	2012	3	3	2	9	8	2	1	2	1
J0434401	724.199378555022	1	1	4	2	2012	3	3	2	9	8	2	1	3	1
J0434403	1129.12419526812	0	4	4	2	2012	3	3	2	9	8	2	1	4	1
J0434405	2302.51514402772	1	1	4	2	2012	1	1	1	9	8	2	1	5	-9
J0434408	1080.14271258797	1	1	4	2	2012	3	3	2	9	8	2	1	3	1
J0434410	2188.81538777514	1	1	4	2	2012	3	3	2	9	8	2	1	4	1
J0434414	2695.95109160028	0	5	4	2	2012	2	2	1	9	8	2	1	3	3
J0434415	942.496462017651	1	1	4	2	2012	4	4	2	9	8	2	1	3	2
J0441106	2518.1787252496	0	5	1	4	2011	1	1	1	9	8	2	1	8	-9
J0441107	1950.0826432184	1	1	1	4	2011	2	2	1	9	8	2	1	8	5
J0441108	1480.71276541889	0	5	1	4	2011	1	1	1	9	8	2	1	8	-9
J0441112	1804.31957651263	1	1	1	4	2011	2	2	1	9	8	2	1	7	3
J0441113	1550.49546752906	1	1	1	4	2011	1	1	1	9	8	2	1	3	-9
J0441114	1987.78686681843	1	1	1	4	2011	2	2	1	9	8	2	1	4	3
J0441115	843.265192483628	0	5	1	4	2011	1	1	1	9	8	2	1	2	-9
J0441117	1563.03511199175	0	5	1	4	2011	1	1	1	9	8	2	1	6	-9
J0441119	1556.14661636453	0	5	1	4	2011	1	1	1	9	8	2	1	3	-9
J0441120	1211.1823120075	1	1	1	4	2011	1	1	1	9	8	2	1	3	-9
J0441205	1348.06045972099	1	1	1	4	2011	2	2	1	9	8	2	1	4	3
J0441207	2273.54258591775	0	4	1	4	2011	2	2	1	9	8	2	1	7	3
J0441209	1699.58148932825	1	1	1	4	2011	1	1	1	9	8	2	1	5	-9
J0441210	1001.07449051499	0	4	1	4	2011	2	2	1	9	8	2	1	4	3
J0441216	1718.2124522887	1	1	1	4	2011	2	2	1	9	8	2	1	5	3
J0441301	1767.03347845338	1	1	1	5	2011	2	2	1	9	8	2	1	9	3
J0441302	1898.51294399949	1	1	1	5	2011	1	1	1	9	8	2	1	7	-9
J0441303	3716.00334010047	0	4	1	5	2011	1	1	1	9	8	2	1	8	-9
J0441304	1856.55407887105	0	5	1	5	2011	1	1	1	9	8	2	1	7	-9
J0441306	1677.45851016045	0	5	1	5	2011	1	1	1	9	8	2	1	6	-9
J0441307	2299.58212666134	1	1	1	5	2011	1	1	1	9	8	2	1	8	-9
J0441308	1011.7349897177	0	4	1	5	2011	4	4	2	9	8	2	1	2	2
J0441309	1585.52364351103	1	1	1	5	2011	2	2	1	9	8	2	1	7	3
J0441311	1720.042497023	1	1	1	5	2011	1	1	1	9	8	2	1	8	-9
J0441313	1822.99461642305	1	1	1	5	2011	2	2	1	9	8	2	1	7	3
J0441314	1729.79660710662	1	1	1	5	2011	1	1	1	9	8	2	1	7	-9
J0441315	1628.37015122258	0	4	1	5	2011	2	2	1	9	8	2	1	6	3
J0441401	1700.67097435367	1	1	1	5	2011	4	4	2	9	8	2	1	6	2
J0441402	1799.13952192493	0	4	1	5	2011	1	1	1	9	8	2	1	7	-9
J0441403	818.103843564428	1	1	1	5	2011	3	3	2	9	8	2	1	8	1
J0441404	1865.58777166898	1	1	1	5	2011	1	1	1	9	8	2	1	8	-9
J0441405	1471.49292832057	0	5	1	5	2011	1	1	1	9	8	2	1	6	-9
J0441406	852.549221441899	0	4	1	5	2011	4	4	2	9	8	2	1	5	2
J0441407	1478.81730600415	0	5	1	5	2011	1	1	1	9	8	2	1	5	-9
J0441408	1329.35604572503	1	1	1	5	2011	1	1	1	9	8	2	1	6	-9
J0441411	2210.62633944201	1	1	1	5	2011	1	1	1	9	8	2	1	6	-9
J0441415	1964.04108526891	0	4	1	5	2011	2	2	1	9	8	2	1	6	3
J0441416	1922.52064738452	0	5	1	5	2011	1	1	1	9	8	2	1	8	-9
J0442102	1131.42316497886	1	1	2	7	2011	3	3	2	9	8	2	1	2	1
J0442104	2085.67286555759	1	1	2	7	2011	2	2	1	9	8	2	1	2	3
J0442110	680.728273144282	1	1	2	7	2011	4	4	2	9	8	2	1	1	2
J0442111	1819.30447029513	1	1	2	7	2011	4	4	2	9	8	2	1	1	2
J0442116	2056.59320690211	0	4	2	7	2011	1	1	1	9	8	2	1	2	-9
J0442201	1715.61417396331	0	4	2	7	2011	1	1	1	9	8	2	1	4	-9
J0442203	1482.61620911277	0	4	2	7	2011	1	1	1	9	8	2	1	3	-9
J0442210	1208.66057552654	1	1	2	7	2011	3	3	2	9	8	2	1	2	1
J0442211	3012.10692194512	0	5	2	7	2011	1	1	1	9	8	2	1	3	-9
J0442213	1653.98982684297	0	5	2	7	2011	1	1	1	9	8	2	1	4	-9
J0442214	3016.33267032725	1	1	2	7	2011	1	1	1	9	8	2	1	3	-9
J0442215	1883.48541089071	0	4	2	7	2011	2	2	1	9	8	2	1	4	3
J0442216	2056.28617580474	0	5	2	7	2011	1	1	1	9	8	2	1	3	-9
J0442302	1489.24373283177	1	1	2	8	2011	3	3	2	9	8	2	1	1	1
J0442303	1878.98562116919	1	1	2	8	2011	4	4	2	9	8	2	1	2	2
J0442304	1585.04450945383	1	1	2	8	2011	1	1	1	9	8	2	1	2	-9
J0442311	1086.94759157224	0	4	2	8	2011	3	3	2	9	8	2	1	2	1
J0442314	1382.96734741788	0	4	2	8	2011	4	4	2	9	8	2	1	4	2
J0442316	740.682331813085	1	1	2	8	2011	3	3	2	9	8	2	1	2	1
J0442317	1219.12592073537	0	4	2	8	2011	4	4	2	9	8	2	1	3	2
J0442318	2330.55318453064	1	1	2	8	2011	1	1	1	9	8	2	1	3	-9
J0442320	889.978955788843	1	1	2	8	2011	4	4	2	9	8	2	1	2	2
J0442406	3104.11349019725	1	1	2	8	2011	4	4	2	9	8	2	1	3	2
J0442407	1781.34605440842	1	1	2	8	2011	2	2	1	9	8	2	1	6	3
J0442408	3094.92449255138	0	5	2	8	2011	1	1	1	9	8	2	1	6	-9
J0442410	1565.12188050403	0	5	2	8	2011	1	1	1	9	8	2	1	7	-9
J0442411	2045.04548641194	1	1	2	8	2011	1	1	1	9	8	2	1	5	-9
J0442412	1542.93044734015	0	5	2	8	2011	1	1	1	9	8	2	1	8	-9
J0442413	2019.56242700031	1	1	2	8	2011	1	1	1	9	8	2	1	5	-9
J0443101	1470.9116484858	1	1	3	10	2011	3	3	2	9	8	2	1	4	1
J0443105	1177.32736640361	1	1	3	10	2011	4	4	2	9	8	2	1	4	2
J0443106	812.074652148249	1	1	3	10	2011	3	3	2	9	8	2	1	2	1
J0443108	1916.04589615507	0	4	3	10	2011	1	1	1	9	8	2	1	8	-9
J0443110	1723.43364757299	1	1	3	10	2011	3	3	2	9	8	2	1	3	1
J0443111	3719.3472307926	1	1	3	10	2011	2	2	1	9	8	2	1	3	3
J0443113	1544.8269964128	0	4	3	10	2011	1	1	1	9	8	2	1	6	-9
J0443114	2019.61808332103	1	1	3	10	2011	2	2	1	9	8	2	1	4	3
J0443118	1344.04907501242	1	1	3	10	2011	3	3	2	9	8	2	1	2	1
J0443120	1085.1515381929	0	5	3	10	2011	3	3	2	9	8	2	1	2	1
J0443121	699.719074942669	1	1	3	10	2011	3	3	2	9	8	2	1	2	1
J0443201	2238.35189295622	0	5	3	10	2011	1	1	1	9	8	2	1	4	-9
J0443202	1889.31390014181	1	1	3	10	2011	3	3	2	9	8	2	1	5	1
J0443211	1201.64909598594	1	1	3	10	2011	3	3	2	9	8	2	1	5	1
J0443213	1888.73889439767	0	5	3	10	2011	1	1	1	9	8	2	1	10	-9
J0443301	2028.06700908765	0	5	3	11	2011	1	1	1	9	8	2	1	9	-9
J0443302	2408.45269187513	0	5	3	11	2011	1	1	1	9	8	2	1	9	-9
J0443303	2389.94704624885	0	4	3	11	2011	1	1	1	9	8	2	1	8	-9
J0443304	2328.09449261649	0	5	3	11	2011	1	1	1	9	8	2	1	7	-9
J0443305	2940.79860582245	0	4	3	11	2011	2	2	1	9	8	2	1	5	3
J0443309	1970.91693045313	0	5	3	11	2011	1	1	1	9	8	2	1	8	-9
J0443312	2618.17522488788	0	5	3	11	2011	1	1	1	9	8	2	1	9	-9
J0443404	1880.83725165553	0	5	3	11	2011	1	1	1	9	8	2	1	10	-9
J0443406	3016.27958813338	0	4	3	11	2011	4	4	2	9	8	2	1	8	2
J0443407	1743.86797905011	0	5	3	11	2011	1	1	1	9	8	2	1	8	-9
J0443408	1555.9198242181	1	1	3	11	2011	3	3	2	9	8	2	1	8	1
J0443409	2004.40747610896	0	5	3	11	2011	1	1	1	9	8	2	1	8	-9
J0443410	1342.0080591112	1	1	3	11	2011	3	3	2	9	8	2	1	2	1
J0443411	774.459644746653	1	1	3	11	2011	3	3	2	9	8	2	1	3	1
J0443414	1991.48293694502	0	5	3	11	2011	1	1	1	9	8	2	1	8	-9
J0443415	1774.69757885546	0	4	3	11	2011	2	2	1	9	8	2	1	8	5
J0443416	1795.20279841531	0	5	3	11	2011	1	1	1	9	8	2	1	4	-9
J0444102	968.383609636906	1	1	4	1	2012	4	4	2	9	8	2	1	3	2
J0444106	1816.9015249343	0	5	4	1	2012	1	1	1	9	8	2	1	4	-9
J0444110	896.120814922277	1	1	4	1	2012	3	3	2	9	8	2	1	5	1
J0444111	2330.92049946524	0	5	4	1	2012	1	1	1	9	8	2	1	7	-9
J0444115	1423.78196488027	0	4	4	1	2012	1	1	1	9	8	2	1	8	-9
J0444202	1182.65286515745	0	5	4	1	2012	1	1	1	9	8	2	1	5	-9
J0444206	2082.73347744749	1	1	4	1	2012	1	1	1	9	8	2	1	5	-9
J0444207	913.458695035627	0	5	4	1	2012	1	1	1	9	8	2	1	4	-9
J0444208	2093.19503123054	0	5	4	1	2012	1	1	1	9	8	2	1	9	-9
J0444210	1744.31015685738	0	5	4	1	2012	1	1	1	9	8	2	1	9	-9
J0444211	1414.85707058008	1	1	4	1	2012	1	1	1	9	8	2	1	5	-9
J0444213	1852.42474528812	0	5	4	1	2012	1	1	1	9	8	2	1	6	-9
J0444215	1788.04081425047	1	1	4	1	2012	2	2	1	9	8	2	1	9	3
J0444309	1630.61719097171	0	5	4	2	2012	2	2	1	9	8	2	1	3	3
J0444311	2319.73207890313	0	5	4	2	2012	1	1	1	9	8	2	1	5	-9
J0444313	1382.57787280251	0	5	4	2	2012	1	1	1	9	8	2	1	3	-9
J0444314	985.381499317461	1	1	4	2	2012	2	2	1	9	8	2	1	2	3
J0444315	1764.86286215296	0	4	4	2	2012	1	1	1	9	8	2	1	3	-9
J0444316	1014.35193202675	1	1	4	2	2012	3	3	2	9	8	2	1	2	1
J0444403	1673.48403225511	0	5	4	2	2012	1	1	1	9	8	2	1	5	-9
J0444404	1298.26902747709	1	1	4	2	2012	1	1	1	9	8	2	1	5	-9
J0444405	1270.5769002188	0	5	4	2	2012	1	1	1	9	8	2	1	8	-9
J0444411	2097.34569982934	0	5	4	2	2012	1	1	1	9	8	2	1	7	-9
J0444412	2505.06354021511	1	1	4	2	2012	2	2	1	9	8	2	1	7	5
J0451101	1637.56874429101	0	5	1	4	2011	1	1	1	9	8	2	1	7	-9
J0451103	1784.52004488793	0	5	1	4	2011	1	1	1	9	8	2	1	4	-9
J0451108	887.243377516915	1	1	1	4	2011	2	2	1	9	8	2	1	6	3
J0451109	1782.56578211562	1	1	1	4	2011	2	2	1	9	8	2	1	6	3
J0451111	1139.27464618923	1	1	1	4	2011	1	1	1	9	8	2	1	2	-9
J0451201	1272.14607488352	0	4	1	4	2011	3	3	2	9	8	2	1	3	1
J0451206	1675.72582670404	1	1	1	4	2011	1	1	1	9	8	2	1	6	-9
J0451208	1645.06801045747	1	1	1	4	2011	1	1	1	9	8	2	1	4	-9
J0451210	1354.39934489018	1	1	1	4	2011	1	1	1	9	8	2	1	6	-9
J0451211	983.766053921283	0	4	1	4	2011	3	3	2	9	8	2	1	1	1
J0451214	767.685601153937	0	4	1	4	2011	2	2	1	9	8	2	1	1	4
J0451303	2191.50562380553	0	4	1	5	2011	2	2	1	9	8	2	1	3	3
J0451305	2857.06501073684	0	4	1	5	2011	3	3	2	9	8	2	1	3	1
J0451307	2161.68206041401	0	4	1	5	2011	4	4	2	9	8	2	1	3	2
J0451309	827.044369747209	0	5	1	5	2011	1	1	1	9	8	2	1	4	-9
J0451310	1048.57315686816	0	4	1	5	2011	1	1	1	9	8	2	1	4	-9
J0451311	5594.82735969106	0	5	1	5	2011	1	1	1	9	8	2	1	5	-9
J0451401	2126.20309098562	0	4	1	5	2011	1	1	1	9	8	2	1	1	-9
J0451403	5342.94230428338	1	1	1	5	2011	1	1	1	9	8	2	1	2	-9
J0451406	919.802232755075	0	4	1	5	2011	3	3	2	9	8	2	1	1	1
J0451408	2130.91847803886	1	1	1	5	2011	1	1	1	9	8	2	1	2	-9
J0451410	1774.64727124486	0	4	1	5	2011	3	3	2	9	8	2	1	2	1
J0451412	3459.34002349052	0	4	1	5	2011	1	1	1	9	8	2	1	3	-9
J0451414	2579.9747058127	1	1	1	5	2011	2	2	1	9	8	2	1	3	3
J0452101	5004.80710153941	1	1	2	7	2011	1	1	1	9	8	2	1	5	-9
J0452102	2520.7012856057	1	1	2	7	2011	4	4	2	9	8	2	1	5	2
J0452103	3276.47548039908	1	1	2	7	2011	3	3	2	9	8	2	1	2	1
J0452104	981.968492566639	0	5	2	7	2011	1	1	1	9	8	2	1	3	-9
J0452105	5280.45469548703	1	1	2	7	2011	1	1	1	9	8	2	1	3	-9
J0452109	2531.43342297354	0	5	2	7	2011	1	1	1	9	8	2	1	4	-9
J0452110	1664.55275800924	1	1	2	7	2011	1	1	1	9	8	2	1	5	-9
J0452111	1300.7979125075	0	5	2	7	2011	1	1	1	9	8	2	1	6	-9
J0452112	982.848088391142	1	1	2	7	2011	3	3	2	9	8	2	1	3	1
J0452202	1933.36320293519	0	4	2	7	2011	2	2	1	9	8	2	1	3	3
J0452203	1729.74256245088	0	5	2	7	2011	1	1	1	9	8	2	1	5	-9
J0452207	1743.18002583461	0	5	2	7	2011	1	1	1	9	8	2	1	3	-9
J0452208	1692.12612781318	0	5	2	7	2011	1	1	1	9	8	2	1	3	-9
J0452209	1792.16433319189	0	4	2	7	2011	1	1	1	9	8	2	1	4	-9
J0452210	1497.96756368925	0	5	2	7	2011	1	1	1	9	8	2	1	7	-9
J0452211	1894.73182362542	0	4	2	7	2011	3	3	2	9	8	2	1	1	1
J0452301	5297.4274558482	1	1	2	8	2011	2	2	1	9	8	2	1	1	3
J0452304	2242.71560577897	1	1	2	8	2011	1	1	1	9	8	2	1	3	-9
J0452305	1302.20547273765	1	1	2	8	2011	4	4	2	9	8	2	1	3	2
J0452310	2045.17145727962	1	1	2	8	2011	1	1	1	9	8	2	1	10	-9
J0452312	2876.82639997326	1	1	2	8	2011	3	3	2	9	8	2	1	3	1
J0452313	1768.70193198196	1	1	2	8	2011	1	1	1	9	8	2	1	4	-9
J0452404	3779.52201325095	1	1	2	8	2011	3	3	2	9	8	2	1	3	1
J0452406	1264.39324417221	1	1	2	8	2011	1	1	1	9	8	2	1	2	-9
J0452407	2511.29694652177	1	1	2	8	2011	4	4	2	9	8	2	1	2	2
J0452408	5481.83244609969	1	1	2	8	2011	2	2	1	9	8	2	1	2	3
J0453103	1591.36759100525	1	1	3	10	2011	2	2	1	9	8	2	1	2	3
J0453104	1502.66327766582	1	1	3	10	2011	4	4	2	9	8	2	1	2	2
J0453105	1825.84675934803	0	4	3	10	2011	2	2	1	9	8	2	1	1	3
J0453106	4276.90841062314	0	5	3	10	2011	2	2	1	9	8	2	1	1	3
J0453204	1780.85662007735	1	1	3	10	2011	2	2	1	9	8	2	1	2	3
J0453206	2343.30006338168	0	4	3	10	2011	2	2	1	9	8	2	1	2	3
J0453208	2196.30973725809	0	4	3	10	2011	1	1	1	9	8	2	1	4	-9
J0453211	2413.2127266989	0	5	3	10	2011	1	1	1	9	8	2	1	4	-9
J0453212	1638.69416075154	0	5	3	10	2011	1	1	1	9	8	2	1	2	-9
J0453214	1489.95315263706	0	5	3	10	2011	1	1	1	9	8	2	1	2	-9
J0453304	1271.58880033166	0	5	3	11	2011	1	1	1	9	8	2	1	2	-9
J0453305	1027.93191067949	1	1	3	11	2011	2	2	1	9	8	2	1	3	3
J0453310	1483.87720365325	0	5	3	11	2011	1	1	1	9	8	2	1	2	-9
J0453311	2300.68007824325	1	1	3	11	2011	2	2	1	9	8	2	1	2	5
J0453401	2027.84370489795	0	5	3	11	2011	1	1	1	9	8	2	1	3	-9
J0453402	4438.00218824457	1	1	3	11	2011	2	2	1	9	8	2	1	2	5
J0453405	1004.75874133576	1	1	3	11	2011	4	4	2	9	8	2	1	2	2
J0453407	1827.96444514122	0	4	3	11	2011	1	1	1	9	8	2	1	3	-9
J0453408	1709.37091523435	1	1	3	11	2011	2	2	1	9	8	2	1	3	3
J0453410	2027.71483080601	0	4	3	11	2011	1	1	1	9	8	2	1	1	-9
J0454101	6856.36939200856	1	1	4	1	2012	2	2	1	9	8	2	1	2	3
J0454102	1900.12542976617	0	5	4	1	2012	1	1	1	9	8	2	1	2	-9
J0454103	1839.45046247684	1	1	4	1	2012	3	3	2	9	8	2	1	2	1
J0454104	1385.72913371778	0	5	4	1	2012	1	1	1	9	8	2	1	1	-9
J0454109	3483.03795755962	0	5	4	1	2012	1	1	1	9	8	2	1	2	-9
J0454110	2299.03885217644	1	1	4	1	2012	2	2	1	9	8	2	1	2	3
J0454111	1074.57064789242	1	1	4	1	2012	2	2	1	9	8	2	1	3	3
J0454112	1623.98947167511	0	5	4	1	2012	1	1	1	9	8	2	1	2	-9
J0454201	2673.75333482964	0	4	4	1	2012	3	3	2	9	8	2	1	1	1
J0454202	936.603569674074	1	1	4	1	2012	4	4	2	9	8	2	1	1	2
J0454206	1103.85496756177	0	4	4	1	2012	2	2	1	9	8	2	1	1	5
J0454207	1380.07921863674	1	1	4	1	2012	2	2	1	9	8	2	1	1	5
J0454208	1039.50655213731	1	1	4	1	2012	2	2	1	9	8	2	1	1	5
J0454209	1373.65513287719	1	1	4	1	2012	3	3	2	9	8	2	1	1	1
J0454210	2172.52277951651	0	4	4	1	2012	1	1	1	9	8	2	1	3	-9
J0454211	1301.53717648995	1	1	4	1	2012	3	3	2	9	8	2	1	1	1
J0454212	1291.02182655648	1	1	4	1	2012	2	2	1	9	8	2	1	1	5
J0454215	1483.65276420171	1	1	4	1	2012	1	1	1	9	8	2	1	1	-9
J0454216	2403.32185225618	1	1	4	1	2012	2	2	1	9	8	2	1	2	5
J0454217	1139.27856649666	1	1	4	1	2012	3	3	2	9	8	2	1	2	1
J0454302	1027.22469064659	1	1	4	2	2012	4	4	2	9	8	2	1	1	2
J0454303	1255.55009020035	0	4	4	2	2012	3	3	2	9	8	2	1	2	1
J0454304	952.566741535399	0	4	4	2	2012	3	3	2	9	8	2	1	1	1
J0454306	1995.39609617878	0	5	4	2	2012	1	1	1	9	8	2	1	1	-9
J0454308	880.95790700637	0	5	4	2	2012	1	1	1	9	8	2	1	1	-9
J0454313	634.864246532774	0	5	4	2	2012	1	1	1	9	8	2	1	1	-9
J0454314	903.80026391326	1	1	4	2	2012	4	4	2	9	8	2	1	1	2
J0454401	1724.55422259202	0	5	4	2	2012	1	1	1	9	8	2	1	3	-9
J0454402	1793.43661416701	0	5	4	2	2012	2	2	1	9	8	2	1	4	3
J0454406	1101.85712341384	1	1	4	2	2012	3	3	2	9	8	2	1	1	1
J0454412	890.436578466925	0	5	4	2	2012	3	3	2	9	8	2	1	1	1
J0454414	1596.82983238617	0	5	4	2	2012	1	1	1	9	8	2	1	2	-9
J0461104	1014.533364192	1	1	1	4	2011	3	3	2	9	8	2	1	1	1
J0461105	898.296677754829	0	4	1	4	2011	2	2	1	9	8	2	1	3	3
J0461106	781.923982837872	1	1	1	4	2011	3	3	2	9	8	2	1	1	1
J0461107	1097.14192471609	0	4	1	4	2011	4	4	2	9	8	2	1	3	2
J0461109	1143.01906572105	0	5	1	4	2011	1	1	1	9	8	2	1	3	-9
J0461111	1309.83248530802	1	1	1	4	2011	2	2	1	9	8	2	1	2	3
J0461114	1286.99416000505	1	1	1	4	2011	4	4	2	9	8	2	1	2	2
J0461115	700.845355187648	1	1	1	4	2011	3	3	2	9	8	2	1	3	1
J0461201	807.387519682503	0	4	1	4	2011	3	3	2	9	8	2	1	2	1
J0461202	1420.34491714508	0	5	1	4	2011	1	1	1	9	8	2	1	2	-9
J0461203	1731.93415108234	1	1	1	4	2011	4	4	2	9	8	2	1	3	2
J0461204	1494.94942897644	1	1	1	4	2011	3	3	2	9	8	2	1	2	1
J0461208	775.221350333906	1	1	1	4	2011	3	3	2	9	8	2	1	2	1
J0461209	1120.55160546379	1	1	1	4	2011	4	4	2	9	8	2	1	2	2
J0461213	8501.27026446399	0	5	1	4	2011	1	1	1	9	8	2	1	4	-9
J0461301	962.474609820277	0	5	1	5	2011	1	1	1	9	8	2	1	1	-9
J0461304	979.044415982872	0	4	1	5	2011	3	3	2	9	8	2	1	3	1
J0461305	820.247254250075	1	1	1	5	2011	3	3	2	9	8	2	1	3	1
J0461307	710.47015621826	1	1	1	5	2011	3	3	2	9	8	2	1	1	1
J0461309	1619.86328758524	0	5	1	5	2011	1	1	1	9	8	2	1	4	-9
J0461310	2205.02843322426	1	1	1	5	2011	2	2	1	9	8	2	1	2	3
J0461311	1159.9185038174	1	1	1	5	2011	4	4	2	9	8	2	1	1	2
J0461403	1372.78257267824	1	1	1	5	2011	4	4	2	9	8	2	1	2	2
J0461408	1678.10622951041	1	1	1	5	2011	1	1	1	9	8	2	1	3	-9
J0461411	968.239022038525	0	5	1	5	2011	1	1	1	9	8	2	1	1	-9
J0461413	1305.24769149342	1	1	1	5	2011	3	3	2	9	8	2	1	3	1
J0462104	985.582279594783	1	1	2	7	2011	4	4	2	9	8	2	1	1	2
J0462108	2056.26350033418	1	1	2	7	2011	1	1	1	9	8	2	1	5	-9
J0462110	824.975774433749	1	1	2	7	2011	4	4	2	9	8	2	1	3	2
J0462113	912.429772744367	0	4	2	7	2011	3	3	2	9	8	2	1	3	1
J0462201	2827.63112942461	1	1	2	7	2011	4	4	2	9	8	2	1	1	2
J0462204	6042.76929838692	0	4	2	7	2011	1	1	1	9	8	2	1	3	-9
J0462205	857.210078437665	1	1	2	7	2011	3	3	2	9	8	2	1	2	1
J0462206	3286.71647785078	1	1	2	7	2011	4	4	2	9	8	2	1	2	2
J0462207	3519.51239724898	0	5	2	7	2011	1	1	1	9	8	2	1	5	-9
J0462210	1037.3743203229	1	1	2	7	2011	3	3	2	9	8	2	1	1	1
J0462211	928.742413724989	1	1	2	7	2011	3	3	2	9	8	2	1	2	1
J0462216	3170.85260286431	1	1	2	7	2011	2	2	1	9	8	2	1	1	4
J0462301	888.737843758294	1	1	2	8	2011	4	4	2	9	8	2	1	6	2
J0462302	3309.98517773692	0	5	2	8	2011	1	1	1	9	8	2	1	3	-9
J0462303	1032.67086649482	0	4	2	8	2011	3	3	2	9	8	2	1	3	1
J0462305	2006.63886822871	1	1	2	8	2011	2	2	1	9	8	2	1	3	4
J0462306	634.543152694877	1	1	2	8	2011	3	3	2	9	8	2	1	2	1
J0462308	2441.57833642537	0	4	2	8	2011	3	3	2	9	8	2	1	3	1
J0462311	3340.08486989244	1	1	2	8	2011	3	3	2	9	8	2	1	2	1
J0462314	4444.04764771543	1	1	2	8	2011	1	1	1	9	8	2	1	3	-9
J0462315	1837.63804207516	0	5	2	8	2011	1	1	1	9	8	2	1	2	-9
J0462316	895.606462846715	0	4	2	8	2011	3	3	2	9	8	2	1	3	1
J0462401	789.129582626984	1	1	2	8	2011	4	4	2	9	8	2	1	2	2
J0462402	1613.74046182079	0	4	2	8	2011	4	4	2	9	8	2	1	2	2
J0462407	925.447815806359	1	1	2	8	2011	2	2	1	9	8	2	1	3	3
J0462410	2846.76321572079	0	4	2	8	2011	1	1	1	9	8	2	1	4	-9
J0462411	1053.19510885089	0	5	2	8	2011	1	1	1	9	8	2	1	4	-9
J0462412	2328.88898314987	0	5	2	8	2011	1	1	1	9	8	2	1	2	-9
J0463102	1207.11684607378	0	4	3	10	2011	3	3	2	9	8	2	1	1	1
J0463104	1621.96314658178	1	1	3	10	2011	4	4	2	9	8	2	1	2	2
J0463107	805.189429025992	0	4	3	10	2011	4	4	2	9	8	2	1	1	2
J0463110	1110.67280585887	0	4	3	10	2011	4	4	2	9	8	2	1	2	2
J0463111	985.317578705467	1	1	3	10	2011	2	2	1	9	8	2	1	2	5
J0463112	1350.10595658097	0	5	3	10	2011	3	3	2	9	8	2	1	1	1
J0463203	1572.42053843334	0	5	3	10	2011	1	1	1	9	8	2	1	2	-9
J0463205	1148.170703053	1	1	3	10	2011	3	3	2	9	8	2	1	1	1
J0463206	997.607427066667	1	1	3	10	2011	4	4	2	9	8	2	1	2	2
J0463211	742.756054904857	1	1	3	10	2011	3	3	2	9	8	2	1	1	1
J0463212	1104.37185454146	1	1	3	10	2011	3	3	2	9	8	2	1	2	1
J0463213	1037.3743203229	0	4	3	10	2011	3	3	2	9	8	2	1	2	1
J0463214	2297.016426305	1	1	3	10	2011	2	2	1	9	8	2	1	2	5
J0463215	880.478792624746	0	5	3	10	2011	1	1	1	9	8	2	1	2	-9
J0463302	1074.30026866308	0	5	3	11	2011	4	4	2	9	8	2	1	1	2
J0463305	7028.80574087631	1	1	3	11	2011	2	2	1	9	8	2	1	2	4
J0463306	1923.63253547371	1	1	3	11	2011	1	1	1	9	8	2	1	4	-9
J0463308	2276.48495275174	0	5	3	11	2011	1	1	1	9	8	2	1	2	-9
J0463309	1282.6745201198	1	1	3	11	2011	1	1	1	9	8	2	1	1	-9
J0463310	1786.97500803296	0	5	3	11	2011	1	1	1	9	8	2	1	4	-9
J0463311	2225.76979798021	0	4	3	11	2011	2	2	1	9	8	2	1	2	4
J0463313	1003.96427326039	1	1	3	11	2011	2	2	1	9	8	2	1	1	4
J0463315	2354.79867867697	0	5	3	11	2011	1	1	1	9	8	2	1	3	-9
J0463401	745.407364768576	1	1	3	11	2011	1	1	1	9	8	2	1	1	-9
J0463402	3537.07850969228	1	1	3	11	2011	3	3	2	9	8	2	1	1	1
J0463403	1558.45311727112	1	1	3	11	2011	4	4	2	9	8	2	1	1	2
J0463405	850.99179857617	1	1	3	11	2011	4	4	2	9	8	2	1	1	2
J0463406	3168.98916075445	1	1	3	11	2011	3	3	2	9	8	2	1	1	1
J0463408	1137.31267579309	0	5	3	11	2011	1	1	1	9	8	2	1	2	-9
J0463409	4878.48192436462	0	4	3	11	2011	1	1	1	9	8	2	1	3	-9
J0463411	949.898711936601	1	1	3	11	2011	4	4	2	9	8	2	1	3	2
J0463412	872.305864255019	1	1	3	11	2011	3	3	2	9	8	2	1	2	1
J0463414	860.622410161375	0	4	3	11	2011	1	1	1	9	8	2	1	2	-9
J0464106	831.53057414071	1	1	4	1	2012	3	3	2	9	8	2	1	3	1
J0464113	1481.39245350877	1	1	4	1	2012	3	3	2	9	8	2	1	1	1
J0464115	874.36568277036	0	4	4	1	2012	2	2	1	9	8	2	1	2	4
J0464206	1189.14511647975	0	5	4	1	2012	1	1	1	9	8	2	1	2	-9
J0464210	1332.18038182907	0	4	4	1	2012	3	3	2	9	8	2	1	1	1
J0464211	724.634590968126	1	1	4	1	2012	3	3	2	9	8	2	1	1	1
J0464213	940.236996608304	0	4	4	1	2012	3	3	2	9	8	2	1	2	1
J0464219	1216.8339392472	0	4	4	1	2012	2	2	1	9	8	2	1	1	3
J0464303	999.264865494778	0	4	4	2	2012	4	4	2	9	8	2	1	1	2
J0464306	1477.95042349403	0	5	4	2	2012	1	1	1	9	8	2	1	2	-9
J0464308	7464.05097369308	1	1	4	2	2012	3	3	2	9	8	2	1	2	1
J0464313	1993.60919959104	0	4	4	2	2012	2	2	1	9	8	2	1	4	4
J0464315	758.464421284343	1	1	4	2	2012	4	4	2	9	8	2	1	2	2
J0464316	960.033732552004	1	1	4	2	2012	3	3	2	9	8	2	1	1	1
J0464403	1287.86317099234	1	1	4	2	2012	2	2	1	9	8	2	1	1	3
J0464406	860.345403355141	1	1	4	2	2012	2	2	1	9	8	2	1	2	3
J0464414	833.199028113538	1	1	4	2	2012	3	3	2	9	8	2	1	1	1
J0464416	989.20885747159	0	4	4	2	2012	4	4	2	9	8	2	1	1	2
J0471301	1042.16304833245	1	1	1	5	2011	3	3	2	9	8	2	1	7	1
J0481101	772.440549318039	1	1	1	4	2011	3	3	2	9	8	2	1	1	1
J0481104	1992.83502357593	1	1	1	4	2011	1	1	1	9	8	2	1	2	-9
J0481106	2140.43068845818	0	4	1	4	2011	2	2	1	9	8	2	1	2	3
J0481107	766.43995297986	0	4	1	4	2011	3	3	2	9	8	2	1	1	1
J0481110	2325.12450682941	0	4	1	4	2011	2	2	1	9	8	2	1	2	3
J0481113	1773.89347843028	1	1	1	4	2011	2	2	1	9	8	2	1	2	3
J0481201	1682.73533309982	0	4	1	4	2011	2	2	1	9	8	2	1	3	3
J0481202	2058.66494193643	1	1	1	4	2011	2	2	1	9	8	2	1	2	3
J0481203	1311.31062792766	0	4	1	4	2011	2	2	1	9	8	2	1	1	3
J0481205	1765.55614328697	1	1	1	4	2011	2	2	1	9	8	2	1	1	3
J0481208	3427.11329769578	1	1	1	4	2011	2	2	1	9	8	2	1	2	5
J0481209	2348.40010616428	1	1	1	4	2011	2	2	1	9	8	2	1	3	3
J0481306	2839.60303237234	0	4	1	5	2011	2	2	1	9	8	2	1	2	4
J0481307	2039.38259534714	0	4	1	5	2011	2	2	1	9	8	2	1	4	5
J0481308	1424.58615852323	1	1	1	5	2011	3	3	2	9	8	2	1	2	1
J0481310	1658.64562646045	1	1	1	5	2011	1	1	1	9	8	2	1	2	-9
J0481311	1344.46280849131	1	1	1	5	2011	3	3	2	9	8	2	1	2	1
J0481312	3016.37880076616	1	1	1	5	2011	3	3	2	9	8	2	1	1	1
J0481314	1181.96207841688	0	5	1	5	2011	1	1	1	9	8	2	1	2	-9
J0481401	2282.67740344311	1	1	1	5	2011	4	4	2	9	8	2	1	1	2
J0481404	658.479914167072	1	1	1	5	2011	3	3	2	9	8	2	1	1	1
J0481408	662.752407789735	1	1	1	5	2011	3	3	2	9	8	2	1	1	1
J0481409	777.749383413662	1	1	1	5	2011	3	3	2	9	8	2	1	1	1
J0481411	1918.78657097434	1	1	1	5	2011	2	2	1	9	8	2	1	2	3
J0481413	1947.59307528836	1	1	1	5	2011	4	4	2	9	8	2	1	1	2
J0481414	2727.50282283347	1	1	1	5	2011	2	2	1	9	8	2	1	2	4
J0481415	1898.75691044656	1	1	1	5	2011	4	4	2	9	8	2	1	1	2
J0482101	695.341644239618	1	1	2	7	2011	3	3	2	9	8	2	1	2	1
J0482102	1011.70035796721	1	1	2	7	2011	4	4	2	9	8	2	1	2	2
J0482103	909.262667208737	1	1	2	7	2011	3	3	2	9	8	2	1	2	1
J0482107	771.708316970101	1	1	2	7	2011	4	4	2	9	8	2	1	1	2
J0482109	1153.31917326903	0	4	2	7	2011	4	4	2	9	8	2	1	1	2
J0482110	962.48069085218	1	1	2	7	2011	4	4	2	9	8	2	1	1	2
J0482111	947.609263457686	1	1	2	7	2011	4	4	2	9	8	2	1	1	2
J0482112	835.163232548853	1	1	2	7	2011	4	4	2	9	8	2	1	1	2
J0482113	1124.2312553988	1	1	2	7	2011	3	3	2	9	8	2	1	1	1
J0482114	1029.9646962353	1	1	2	7	2011	4	4	2	9	8	2	1	1	2
J0482116	1065.627128278	0	4	2	7	2011	4	4	2	9	8	2	1	1	2
J0482117	958.310293519253	0	5	2	7	2011	1	1	1	9	8	2	1	2	-9
J0482118	1079.80004165962	1	1	2	7	2011	2	2	1	9	8	2	1	1	5
J0482119	889.728006216179	1	1	2	7	2011	3	3	2	9	8	2	1	1	1
J0482120	1275.62556627836	1	1	2	7	2011	2	2	1	9	8	2	1	1	5
J0482121	883.846023942723	1	1	2	7	2011	4	4	2	9	8	2	1	1	2
J0482122	999.55980711838	0	4	2	7	2011	3	3	2	9	8	2	1	1	1
J0482123	1309.97755089317	1	1	2	7	2011	1	1	1	9	8	2	1	1	-9
J0482201	747.133217921664	1	1	2	7	2011	3	3	2	9	8	2	1	1	1
J0482203	1356.60982845882	0	4	2	7	2011	2	2	1	9	8	2	1	1	3
J0482204	1512.90674313914	1	1	2	7	2011	3	3	2	9	8	2	1	1	1
J0482208	1132.18732998248	1	1	2	7	2011	2	2	1	9	8	2	1	1	3
J0482212	4039.9196852682	0	4	2	7	2011	2	2	1	9	8	2	1	1	3
J0482215	1222.19197163205	0	4	2	7	2011	1	1	1	9	8	2	1	5	-9
J0482216	1293.63779640191	1	1	2	7	2011	2	2	1	9	8	2	1	1	3
J0482218	2142.63930334466	1	1	2	7	2011	2	2	1	9	8	2	1	5	3
J0482219	2661.04673379065	1	1	2	7	2011	3	3	2	9	8	2	1	1	1
J0482221	943.270974057258	0	5	2	7	2011	1	1	1	9	8	2	1	8	-9
J0482301	1875.30931433501	1	1	2	8	2011	1	1	1	9	8	2	1	4	-9
J0482302	878.424588682291	1	1	2	8	2011	4	4	2	9	8	2	1	3	2
J0482303	5629.85682058135	0	4	2	8	2011	1	1	1	9	8	2	1	5	-9
J0482305	752.783751880795	0	4	2	8	2011	3	3	2	9	8	2	1	1	1
J0482307	1050.27684151991	1	1	2	8	2011	4	4	2	9	8	2	1	2	2
J0482309	1338.14685554697	0	4	2	8	2011	2	2	1	9	8	2	1	9	3
J0482312	887.600168617597	1	1	2	8	2011	1	1	1	9	8	2	1	2	-9
J0482314	1096.93076770211	1	1	2	8	2011	2	2	1	9	8	2	1	2	4
J0482318	1125.4957090367	0	4	2	8	2011	4	4	2	9	8	2	1	2	2
J0482319	981.578599532675	1	1	2	8	2011	2	2	1	9	8	2	1	2	3
J0482320	3326.41217943393	0	5	2	8	2011	1	1	1	9	8	2	1	6	-9
J0482403	2417.60894492267	1	1	2	8	2011	2	2	1	9	8	2	1	6	3
J0482404	2136.9645406128	0	4	2	8	2011	2	2	1	9	8	2	1	4	5
J0482407	1867.8082215287	1	1	2	8	2011	2	2	1	9	8	2	1	1	3
J0482412	1116.4147239865	1	1	2	8	2011	4	4	2	9	8	2	1	1	2
J0482413	825.383715724955	1	1	2	8	2011	3	3	2	9	8	2	1	1	1
J0482414	920.607505103321	0	4	2	8	2011	3	3	2	9	8	2	1	1	1
J0482417	1005.13144396513	1	1	2	8	2011	3	3	2	9	8	2	1	1	1
J0482419	746.538680501896	1	1	2	8	2011	3	3	2	9	8	2	1	1	1
J0483101	1168.0174273148	1	1	3	10	2011	3	3	2	9	8	2	1	2	1
J0483106	1766.89296910774	0	5	3	10	2011	2	2	1	9	8	2	1	2	4
J0483107	1256.17295955335	1	1	3	10	2011	2	2	1	9	8	2	1	2	3
J0483111	978.255584345757	0	4	3	10	2011	3	3	2	9	8	2	1	2	1
J0483118	1076.82203043997	0	4	3	10	2011	3	3	2	9	8	2	1	2	1
J0483121	982.807857897595	1	1	3	10	2011	3	3	2	9	8	2	1	1	1
J0483202	856.255487451571	1	1	3	10	2011	2	2	1	9	8	2	1	1	3
J0483203	977.473697321288	0	4	3	10	2011	2	2	1	9	8	2	1	2	3
J0483204	2122.62050408315	1	1	3	10	2011	2	2	1	9	8	2	1	2	3
J0483205	1024.86292543187	0	5	3	10	2011	3	3	2	9	8	2	1	1	1
J0483207	838.918866947954	1	1	3	10	2011	3	3	2	9	8	2	1	3	1
J0483208	1863.98831236298	1	1	3	10	2011	2	2	1	9	8	2	1	1	3
J0483209	1356.82903355063	0	4	3	10	2011	2	2	1	9	8	2	1	2	3
J0483210	798.608733241074	1	1	3	10	2011	3	3	2	9	8	2	1	2	1
J0483211	1003.06716878999	1	1	3	10	2011	2	2	1	9	8	2	1	1	3
J0483212	1260.88886633998	1	1	3	10	2011	2	2	1	9	8	2	1	1	3
J0483213	1336.74798596815	1	1	3	10	2011	2	2	1	9	8	2	1	2	3
J0483214	1485.29355496933	1	1	3	10	2011	2	2	1	9	8	2	1	2	3
J0483218	1587.1950601078	1	1	3	10	2011	1	1	1	9	8	2	1	2	-9
J0483303	1544.70827193839	0	5	3	11	2011	1	1	1	9	8	2	1	3	-9
J0483304	1630.11384134897	1	1	3	11	2011	1	1	1	9	8	2	1	3	-9
J0483305	871.271554483275	0	5	3	11	2011	3	3	2	9	8	2	1	1	1
J0483306	1525.08058476861	1	1	3	11	2011	2	2	1	9	8	2	1	2	3
J0483311	6399.16878172815	0	4	3	11	2011	2	2	1	9	8	2	1	2	3
J0483313	2214.9434969551	0	4	3	11	2011	2	2	1	9	8	2	1	2	3
J0483402	1805.28815715393	1	1	3	11	2011	2	2	1	9	8	2	1	2	3
J0483405	2632.77511339712	0	5	3	11	2011	3	3	2	9	8	2	1	2	1
J0483406	2442.58992008514	1	1	3	11	2011	1	1	1	9	8	2	1	1	-9
J0483410	1943.52246523745	1	1	3	11	2011	2	2	1	9	8	2	1	2	3
J0483411	2303.47675750816	1	1	3	11	2011	4	4	2	9	8	2	1	1	2
J0483413	5565.363381203	0	4	3	11	2011	1	1	1	9	8	2	1	3	-9
J0483414	851.367787315662	1	1	3	11	2011	2	2	1	9	8	2	1	2	3
J0483417	944.144315079997	1	1	3	11	2011	4	4	2	9	8	2	1	1	2
J0484104	1336.97653398857	1	1	4	1	2012	2	2	1	9	8	2	1	1	3
J0484105	963.574701484617	0	4	4	1	2012	1	1	1	9	8	2	1	1	-9
J0484108	960.984056575165	0	4	4	1	2012	3	3	2	9	8	2	1	1	1
J0484109	1195.95096970556	1	1	4	1	2012	2	2	1	9	8	2	1	1	3
J0484111	2083.10348384711	0	5	4	1	2012	1	1	1	9	8	2	1	2	-9
J0484112	830.274960107164	1	1	4	1	2012	4	4	2	9	8	2	1	5	2
J0484115	1846.46569512998	1	1	4	1	2012	3	3	2	9	8	2	1	6	1
J0484117	1514.94120951366	0	5	4	1	2012	1	1	1	9	8	2	1	6	-9
J0484119	1664.59683599359	0	5	4	1	2012	1	1	1	9	8	2	1	2	-9
J0484120	935.088076654364	1	1	4	1	2012	1	1	1	9	8	2	1	5	-9
J0484201	911.504718586728	0	5	4	1	2012	1	1	1	9	8	2	1	2	-9
J0484202	781.301760380002	1	1	4	1	2012	3	3	2	9	8	2	1	1	1
J0484203	2548.40622411654	1	1	4	1	2012	4	4	2	9	8	2	1	1	2
J0484204	1155.92338707966	0	4	4	1	2012	1	1	1	9	8	2	1	3	-9
J0484206	1450.91481629098	0	5	4	1	2012	2	2	1	9	8	2	1	2	3
J0484208	3248.92655181775	0	5	4	1	2012	1	1	1	9	8	2	1	3	-9
J0484210	1090.28747356333	1	1	4	1	2012	4	4	2	9	8	2	1	1	2
J0484211	1015.17872848301	1	1	4	1	2012	2	2	1	9	8	2	1	2	3
J0484212	4255.35078222843	0	4	4	1	2012	2	2	1	9	8	2	1	1	3
J0484213	1449.76023989818	1	1	4	1	2012	2	2	1	9	8	2	1	1	3
J0484215	3761.79190707043	1	1	4	1	2012	2	2	1	9	8	2	1	5	3
J0484216	1127.64455377314	0	5	4	1	2012	4	4	2	9	8	2	1	1	2
J0484217	1044.27164918343	0	4	4	1	2012	1	1	1	9	8	2	1	5	-9
J0484219	3326.09678103857	0	4	4	1	2012	2	2	1	9	8	2	1	1	3
J0484302	1027.99323801227	1	1	4	2	2012	3	3	2	9	8	2	1	1	1
J0484303	1038.14322961934	1	1	4	2	2012	3	3	2	9	8	2	1	2	1
J0484305	2003.10371230729	0	5	4	2	2012	2	2	1	9	8	2	1	3	3
J0484306	915.703751163147	1	1	4	2	2012	3	3	2	9	8	2	1	1	1
J0484309	872.620649457309	0	5	4	2	2012	1	1	1	9	8	2	1	2	-9
J0484310	1195.92851723624	1	1	4	2	2012	2	2	1	9	8	2	1	3	3
J0484311	1005.13144396513	1	1	4	2	2012	3	3	2	9	8	2	1	2	1
J0484312	1791.27669997406	0	5	4	2	2012	1	1	1	9	8	2	1	3	-9
J0484314	1581.867119363	1	1	4	2	2012	2	2	1	9	8	2	1	1	3
J0484316	1042.25680845437	0	4	4	2	2012	1	1	1	9	8	2	1	1	-9
J0484318	1076.85068546619	0	4	4	2	2012	1	1	1	9	8	2	1	1	-9
J0484401	997.988769170735	0	5	4	2	2012	1	1	1	9	8	2	1	2	-9
J0484403	1220.31985361713	0	5	4	2	2012	1	1	1	9	8	2	1	2	-9
J0484407	863.230777203202	1	1	4	2	2012	3	3	2	9	8	2	1	2	1
J0484413	1192.90669521913	0	5	4	2	2012	1	1	1	9	8	2	1	1	-9
J0484414	1696.06896679813	0	4	4	2	2012	2	2	1	9	8	2	1	2	5
J0484417	1080.09025110702	0	4	4	2	2012	4	4	2	9	8	2	1	1	2
J0484418	1030.65444484215	1	1	4	2	2012	4	4	2	9	8	2	1	2	2
J0484420	1085.27607384645	0	5	4	2	2012	1	1	1	9	8	2	1	3	-9
J0491103	2968.54467593945	0	4	1	4	2011	2	2	1	9	8	2	1	3	4
J0491104	874.503269741177	0	4	1	4	2011	3	3	2	9	8	2	1	3	1
J0491105	926.285257393035	0	4	1	4	2011	4	4	2	9	8	2	1	4	2
J0491106	3751.85240489419	0	5	1	4	2011	1	1	1	9	8	2	1	3	-9
J0491109	1470.92644730296	1	1	1	4	2011	3	3	2	9	8	2	1	2	1
J0491110	1861.20150474107	0	5	1	4	2011	1	1	1	9	8	2	1	3	-9
J0491111	2035.98165244892	1	1	1	4	2011	3	3	2	9	8	2	1	2	1
J0491112	3053.89627595701	1	1	1	4	2011	3	3	2	9	8	2	1	2	1
J0491201	1435.98408806478	1	1	1	4	2011	3	3	2	9	8	2	1	2	1
J0491203	769.741970581255	0	4	1	4	2011	3	3	2	9	8	2	1	2	1
J0491205	2931.6088409829	1	1	1	4	2011	3	3	2	9	8	2	1	1	1
J0491206	916.10071576643	0	5	1	4	2011	1	1	1	9	8	2	1	2	-9
J0491207	2050.80548443314	1	1	1	4	2011	1	1	1	9	8	2	1	3	-9
J0491301	2580.18941943842	0	4	1	5	2011	1	1	1	9	8	2	1	1	-9
J0491304	1063.90421616941	0	5	1	5	2011	1	1	1	9	8	2	1	2	-9
J0491306	2070.19932075055	0	4	1	5	2011	1	1	1	9	8	2	1	3	-9
J0491307	2850.11717787889	0	5	1	5	2011	1	1	1	9	8	2	1	2	-9
J0491308	1423.73182336268	0	4	1	5	2011	1	1	1	9	8	2	1	2	-9
J0491311	1762.74540319292	0	5	1	5	2011	1	1	1	9	8	2	1	1	-9
J0491401	788.948306697383	1	1	1	5	2011	3	3	2	9	8	2	1	3	1
J0491402	1521.59871268681	1	1	1	5	2011	2	2	1	9	8	2	1	3	3
J0491406	1958.60248053454	0	5	1	5	2011	1	1	1	9	8	2	1	2	-9
J0491408	3800.52780055524	0	5	1	5	2011	1	1	1	9	8	2	1	3	-9
J0491410	2415.37845937514	1	1	1	5	2011	3	3	2	9	8	2	1	2	1
J0491411	2030.88213154937	1	1	1	5	2011	3	3	2	9	8	2	1	2	1
J0491412	1434.14930562811	0	5	1	5	2011	1	1	1	9	8	2	1	3	-9
J0492105	2287.15349061689	0	5	2	7	2011	1	1	1	9	8	2	1	9	-9
J0492107	1777.58626037795	0	5	2	7	2011	1	1	1	9	8	2	1	4	-9
J0492110	1887.01068939925	1	1	2	7	2011	3	3	2	9	8	2	1	7	1
J0492208	3910.60903819122	0	5	2	7	2011	1	1	1	9	8	2	1	6	-9
J0492209	2756.33307650924	0	4	2	7	2011	1	1	1	9	8	2	1	6	-9
J0492301	5269.51000060066	1	1	2	8	2011	1	1	1	9	8	2	1	7	-9
J0492303	1697.86843880419	0	5	2	8	2011	1	1	1	9	8	2	1	7	-9
J0492304	4354.11345812306	0	4	2	8	2011	1	1	1	9	8	2	1	5	-9
J0492306	1659.26513255202	1	1	2	8	2011	1	1	1	9	8	2	1	8	-9
J0492308	1124.4753778677	0	4	2	8	2011	2	2	1	9	8	2	1	3	3
J0492310	1622.62868174371	0	4	2	8	2011	1	1	1	9	8	2	1	9	-9
J0492401	1929.07702521322	0	4	2	8	2011	1	1	1	9	8	2	1	6	-9
J0492404	1372.31222927033	1	1	2	8	2011	1	1	1	9	8	2	1	6	-9
J0493102	2307.09119898778	0	5	3	10	2011	1	1	1	9	8	2	1	4	-9
J0493104	1651.87867313197	1	1	3	10	2011	2	2	1	9	8	2	1	7	3
J0493108	1661.85866588208	0	4	3	10	2011	1	1	1	9	8	2	1	6	-9
J0493109	1444.04217848292	1	1	3	10	2011	3	3	2	9	8	2	1	5	1
J0493110	1732.73445911167	1	1	3	10	2011	1	1	1	9	8	2	1	9	-9
J0493201	1902.26550783608	0	5	3	10	2011	1	1	1	9	8	2	1	5	-9
J0493202	1762.83919294317	0	4	3	10	2011	1	1	1	9	8	2	1	4	-9
J0493205	1933.65507350512	0	5	3	10	2011	1	1	1	9	8	2	1	2	-9
J0493206	1918.17451229738	0	5	3	10	2011	2	2	1	9	8	2	1	3	3
J0493207	1474.62247516857	1	1	3	10	2011	2	2	1	9	8	2	1	3	3
J0493209	849.921503885593	1	1	3	10	2011	3	3	2	9	8	2	1	1	1
J0493302	2506.4732500506	1	1	3	11	2011	2	2	1	9	8	2	1	4	3
J0493303	1633.85455597236	0	5	3	11	2011	1	1	1	9	8	2	1	3	-9
J0493304	1367.76409444883	0	4	3	11	2011	1	1	1	9	8	2	1	5	-9
J0493305	1961.58603490168	0	4	3	11	2011	2	2	1	9	8	2	1	5	3
J0493306	1663.24573027682	1	1	3	11	2011	2	2	1	9	8	2	1	4	3
J0493307	1686.6175835775	0	5	3	11	2011	1	1	1	9	8	2	1	5	-9
J0493401	5317.22677599356	0	4	3	11	2011	1	1	1	9	8	2	1	4	-9
J0493402	1300.87002550936	1	1	3	11	2011	3	3	2	9	8	2	1	6	1
J0493403	1687.90373055821	0	5	3	11	2011	1	1	1	9	8	2	1	3	-9
J0493406	1590.89351340876	1	1	3	11	2011	1	1	1	9	8	2	1	4	-9
J0493407	2988.61839343182	0	5	3	11	2011	1	1	1	9	8	2	1	3	-9
J0493408	662.411541325038	0	4	3	11	2011	3	3	2	9	8	2	1	3	1
J0494101	1452.94569481787	0	4	4	1	2012	2	2	1	9	8	2	1	3	3
J0494102	2066.62362776314	1	1	4	1	2012	2	2	1	9	8	2	1	2	3
J0494106	1688.31552833519	0	5	4	1	2012	1	1	1	9	8	2	1	3	-9
J0494107	1179.20886902405	1	1	4	1	2012	2	2	1	9	8	2	1	1	3
J0494108	3437.22226760097	1	1	4	1	2012	2	2	1	9	8	2	1	3	3
J0494109	1374.68402597004	0	4	4	1	2012	1	1	1	9	8	2	1	2	-9
J0494111	1379.27956582456	0	5	4	1	2012	1	1	1	9	8	2	1	4	-9
J0494112	1200.31819064197	0	4	4	1	2012	1	1	1	9	8	2	1	6	-9
J0494203	1649.06433605798	0	5	4	1	2012	1	1	1	9	8	2	1	4	-9
J0494204	2215.89131223157	0	5	4	1	2012	1	1	1	9	8	2	1	3	-9
J0494205	1870.6665281931	1	1	4	1	2012	1	1	1	9	8	2	1	6	-9
J0494206	1669.10456761918	0	4	4	1	2012	2	2	1	9	8	2	1	3	3
J0494207	2561.2739041065	0	4	4	1	2012	2	2	1	9	8	2	1	5	3
J0494301	1420.65170889269	0	4	4	2	2012	3	3	2	9	8	2	1	3	1
J0494304	1102.48004537692	0	4	4	2	2012	2	2	1	9	8	2	1	2	3
J0494306	2753.98644329477	0	5	4	2	2012	2	2	1	9	8	2	1	2	3
J0494309	1691.7855767696	0	4	4	2	2012	1	1	1	9	8	2	1	4	-9
J0494313	2730.68979165945	0	4	4	2	2012	4	4	2	9	8	2	1	3	2
J0494314	1350.66214997941	0	4	4	2	2012	1	1	1	9	8	2	1	5	-9
J0494402	647.400457145642	0	5	4	2	2012	3	3	2	9	8	2	1	1	1
J0494403	883.094150335313	0	4	4	2	2012	3	3	2	9	8	2	1	1	1
J0494405	926.814718625556	0	4	4	2	2012	2	2	1	9	8	2	1	1	3
J0494408	592.557803465952	1	1	4	2	2012	3	3	2	9	8	2	1	1	1
J0494409	903.252106010797	1	1	4	2	2012	3	3	2	9	8	2	1	1	1
J0494412	896.568100852334	0	5	4	2	2012	3	3	2	9	8	2	1	2	1
J0501101	1429.53521510256	0	5	1	4	2011	1	1	1	7	7	3	1	6	-9
J0501103	1565.01538678118	0	5	1	4	2011	1	1	1	7	7	3	1	8	-9
J0501105	1425.07642775978	0	5	1	4	2011	1	1	1	7	7	3	1	6	-9
J0501106	1468.00982213843	1	1	1	4	2011	1	1	1	7	7	3	1	8	-9
J0501107	887.462277613073	1	1	1	4	2011	3	3	2	7	7	3	1	4	1
J0501108	1692.4166706553	0	5	1	4	2011	1	1	1	7	7	3	1	9	-9
J0501109	1599.59581010409	0	4	1	4	2011	2	2	1	7	7	3	1	10	3
J0501110	1832.45260500984	0	5	1	4	2011	1	1	1	7	7	3	1	7	-9
J0501111	1251.63205609378	0	4	1	4	2011	1	1	1	7	7	3	1	9	-9
J0501202	1561.58618581289	1	1	1	4	2011	3	3	2	7	7	3	1	3	1
J0501205	1091.3795840062	0	4	1	4	2011	3	3	2	7	7	3	1	2	1
J0501208	781.124708420251	1	1	1	4	2011	3	3	2	7	7	3	1	1	1
J0501209	2008.95734634385	1	1	1	4	2011	1	1	1	7	7	3	2	5	-9
J0501302	1524.1379647347	0	5	1	5	2011	1	1	1	7	7	3	1	1	-9
J0501304	975.399000257238	0	4	1	5	2011	3	3	2	7	7	3	1	6	1
J0501305	1628.73437791729	0	5	1	5	2011	1	1	1	7	7	3	1	4	-9
J0501306	1725.26438123323	0	4	1	5	2011	1	1	1	7	7	3	1	8	-9
J0501309	1757.9860728379	0	5	1	5	2011	1	1	1	7	7	3	3	7	-9
J0501311	1730.80315900035	0	5	1	5	2011	1	1	1	7	7	3	3	10	-9
J0501404	1395.27316228555	1	1	1	5	2011	3	3	2	7	7	3	1	4	1
J0501405	884.476089067466	0	5	1	5	2011	1	1	1	7	7	3	1	1	-9
J0501406	1661.89689589691	0	4	1	5	2011	1	1	1	7	7	3	1	4	-9
J0501407	1995.18565522381	0	5	1	5	2011	1	1	1	7	7	3	1	4	-9
J0501411	1108.64542535485	1	1	1	5	2011	3	3	2	7	7	3	1	2	1
J0501412	1044.71325806308	1	1	1	5	2011	3	3	2	7	7	3	1	1	1
J0502101	4010.66107740968	0	4	2	7	2011	2	2	1	7	7	3	1	10	3
J0502104	1425.32462854721	0	5	2	7	2011	1	1	1	7	7	3	1	10	-9
J0502105	1258.94390085921	0	4	2	7	2011	1	1	1	7	7	3	1	10	-9
J0502108	1996.12592137878	0	5	2	7	2011	1	1	1	7	7	3	1	3	-9
J0502109	1274.50332366033	1	1	2	7	2011	1	1	1	7	7	3	1	5	-9
J0502201	1890.72328803823	0	5	2	7	2011	1	1	1	7	7	3	2	3	-9
J0502202	947.495727076619	1	1	2	7	2011	1	1	1	7	7	3	2	3	-9
J0502203	3109.97100908226	0	5	2	7	2011	1	1	1	7	7	3	1	2	-9
J0502207	2138.43970733084	0	4	2	7	2011	1	1	1	7	7	3	1	3	-9
J0502209	1360.97048263829	1	1	2	7	2011	1	1	1	7	7	3	1	2	-9
J0502210	1313.95254363712	0	5	2	7	2011	1	1	1	7	7	3	1	3	-9
J0502211	2017.58997478747	1	1	2	7	2011	1	1	1	7	7	3	1	3	-9
J0502301	2026.31281822167	1	1	2	8	2011	1	1	1	9	8	2	1	5	-9
J0502306	4212.87699529147	0	4	2	8	2011	2	2	1	9	8	2	1	3	3
J0502309	3858.30664642367	0	4	2	8	2011	2	2	1	7	7	3	2	4	4
J0502403	1761.96987340501	0	4	2	8	2011	1	1	1	9	8	2	1	9	-9
J0502404	1259.4380766056	0	5	2	8	2011	1	1	1	9	8	2	1	10	-9
J0502405	1435.05996400654	0	5	2	8	2011	1	1	1	9	8	2	1	10	-9
J0502409	1596.50614105234	0	5	2	8	2011	1	1	1	9	8	2	1	10	-9
J0503103	792.245953335113	0	5	3	10	2011	1	1	1	9	8	2	1	3	-9
J0503105	1108.94164163573	0	5	3	10	2011	1	1	1	9	8	2	1	9	-9
J0503109	2270.70372181421	0	4	3	10	2011	1	1	1	9	8	2	1	4	-9
J0503110	1780.07831986193	0	5	3	10	2011	1	1	1	9	8	2	1	6	-9
J0503111	785.080731109116	1	1	3	10	2011	3	3	2	9	8	2	1	6	1
J0503202	1970.55205075402	1	1	3	10	2011	2	2	1	9	8	2	1	8	5
J0503203	1735.29865236424	1	1	3	10	2011	1	1	1	9	8	2	1	7	-9
J0503205	1496.71246014582	0	5	3	10	2011	1	1	1	9	8	2	1	5	-9
J0503206	3210.67163906248	1	1	3	10	2011	1	1	1	9	8	2	1	8	-9
J0503207	1841.91032183397	0	5	3	10	2011	1	1	1	9	8	2	1	7	-9
J0503302	1354.72080733401	0	4	3	11	2011	1	1	1	9	8	2	1	5	-9
J0503308	1653.45744191935	0	5	3	11	2011	1	1	1	9	8	2	1	9	-9
J0503310	1459.02821485733	1	1	3	11	2011	1	1	1	9	8	2	1	10	-9
J0503311	1715.04229159391	0	4	3	11	2011	2	2	1	9	8	2	1	8	3
J0503403	1868.42870653096	0	5	3	11	2011	1	1	1	9	8	2	1	3	-9
J0503404	1806.02582105743	0	4	3	11	2011	1	1	1	9	8	2	1	4	-9
J0503405	2061.91753124962	0	4	3	11	2011	2	2	1	9	8	2	1	3	5
J0503407	1787.08630597585	0	5	3	11	2011	1	1	1	9	8	2	1	5	-9
J0503408	2287.89523227484	0	5	3	11	2011	1	1	1	9	8	2	1	5	-9
J0503409	1746.87977571599	1	1	3	11	2011	1	1	1	9	8	2	1	5	-9
J0503410	1816.1952600888	0	5	3	11	2011	1	1	1	9	8	2	1	7	-9
J0504101	1472.2648163679	0	4	4	1	2012	1	1	1	9	8	2	1	6	-9
J0504102	1837.17905636978	0	5	4	1	2012	1	1	1	9	8	2	1	8	-9
J0504104	1946.068060951	0	5	4	1	2012	1	1	1	9	8	2	1	8	-9
J0504108	921.675458691436	1	1	4	1	2012	3	3	2	9	8	2	1	3	1
J0504110	2053.65234419506	0	4	4	1	2012	2	2	1	9	8	2	1	4	3
J0504205	1690.90119721467	0	5	4	1	2012	1	1	1	9	8	2	1	4	-9
J0504208	1843.22872277545	1	1	4	1	2012	1	1	1	9	8	2	1	6	-9
J0504209	3373.78657531645	1	1	4	1	2012	2	2	1	9	8	2	1	4	5
J0504211	1309.2206646209	1	1	4	1	2012	3	3	2	9	8	2	1	3	1
J0504301	1332.6083365835	0	5	4	2	2012	1	1	1	9	8	2	1	7	-9
J0504302	729.219040940485	1	1	4	2	2012	3	3	2	9	8	2	1	4	1
J0504305	1316.60478673201	1	1	4	2	2012	1	1	1	9	8	2	1	3	-9
J0504306	2694.38211702311	0	4	4	2	2012	3	3	2	9	8	2	1	2	1
J0504307	699.699187849333	1	1	4	2	2012	3	3	2	9	8	2	1	2	1
J0504308	818.940497773443	1	1	4	2	2012	3	3	2	9	8	2	1	2	1
J0504309	3918.63802880057	0	5	4	2	2012	2	2	1	9	8	2	1	2	3
J0504310	948.327065991491	0	4	4	2	2012	1	1	1	9	8	2	1	2	-9
J0504313	987.009675142751	1	1	4	2	2012	3	3	2	9	8	2	1	2	1
J0504402	1448.1901566328	0	5	4	2	2012	1	1	1	9	8	2	1	9	-9
J0504404	1894.72316425913	0	5	4	2	2012	1	1	1	9	8	2	1	8	-9
J0504407	1046.45893905307	1	1	4	2	2012	3	3	2	9	8	2	1	5	1
J0504408	2017.13891392497	0	4	4	2	2012	1	1	1	9	8	2	1	8	-9
J0511102	1443.66691839193	1	1	1	4	2011	1	1	1	7	7	3	1	7	-9
J0511103	814.791098689129	1	1	1	4	2011	3	3	2	7	7	3	1	2	1
J0511106	2284.526947642	1	1	1	4	2011	3	3	2	7	7	3	1	2	1
J0511201	1428.14335219592	1	1	1	4	2011	1	1	1	7	7	3	1	2	-9
J0511202	2644.27273184741	0	4	1	4	2011	4	4	2	7	7	3	1	2	2
J0511204	955.124975319642	0	5	1	4	2011	1	1	1	7	7	3	1	2	-9
J0511207	899.830080900818	1	1	1	4	2011	1	1	1	7	7	3	1	2	-9
J0511211	1212.73070322334	1	1	1	4	2011	3	3	2	7	7	3	1	3	1
J0511304	1601.76796965981	0	4	1	5	2011	1	1	1	7	7	3	1	4	-9
J0511305	1530.70879372842	1	1	1	5	2011	1	1	1	7	7	3	1	5	-9
J0511306	2574.95211206875	1	1	1	5	2011	3	3	2	7	7	3	1	4	1
J0511308	1962.86651172065	0	5	1	5	2011	1	1	1	7	7	3	1	5	-9
J0511401	2443.34140392602	1	1	1	5	2011	1	1	1	7	7	3	1	6	-9
J0511402	1442.41366066013	1	1	1	5	2011	4	4	2	7	7	3	1	2	2
J0511405	2990.71982923964	1	1	1	5	2011	2	2	1	7	7	3	1	3	3
J0511406	2297.04510804017	1	1	1	5	2011	2	2	1	7	7	3	1	9	5
J0511407	1344.38568894153	1	1	1	5	2011	3	3	2	7	7	3	1	4	1
J0511408	1424.53709498129	1	1	1	5	2011	1	1	1	7	7	3	1	9	-9
J0512101	1252.9697684659	0	5	2	7	2011	1	1	1	7	7	3	1	6	-9
J0512102	1554.98624158876	1	1	2	7	2011	3	3	2	7	7	3	1	4	1
J0512103	1292.4222243717	0	5	2	7	2011	1	1	1	7	7	3	1	5	-9
J0512104	1709.19336801422	0	5	2	7	2011	1	1	1	7	7	3	1	6	-9
J0512201	1799.88159446531	0	5	2	7	2011	1	1	1	7	7	3	1	9	-9
J0512203	1358.02566070708	0	5	2	7	2011	1	1	1	7	7	3	1	5	-9
J0512208	1322.86500469596	0	5	2	7	2011	1	1	1	7	7	3	1	2	-9
J0512209	1213.20158091701	0	4	2	7	2011	1	1	1	7	7	3	1	7	-9
J0512210	3491.85166368008	0	5	2	7	2011	1	1	1	7	7	3	1	4	-9
J0512302	1810.07476488557	0	5	2	8	2011	1	1	1	7	7	3	1	9	-9
J0512303	1541.17052450766	0	4	2	8	2011	1	1	1	7	7	3	1	10	-9
J0512304	1547.26068018035	0	5	2	8	2011	1	1	1	7	7	3	1	9	-9
J0512305	1433.47878216748	0	4	2	8	2011	2	2	1	7	7	3	1	9	3
J0512306	1665.88571747935	0	4	2	8	2011	1	1	1	7	7	3	1	9	-9
J0512401	1501.61712904287	1	1	2	8	2011	2	2	1	7	7	3	1	9	4
J0512404	1858.87861428326	0	5	2	8	2011	1	1	1	7	7	3	1	8	-9
J0512405	1720.97926009965	0	4	2	8	2011	1	1	1	7	7	3	1	8	-9
J0512406	1385.1751151773	0	5	2	8	2011	1	1	1	7	7	3	1	9	-9
J0513101	1793.42556748347	0	5	3	10	2011	1	1	1	7	7	3	1	10	-9
J0513104	1269.31686182774	1	1	3	10	2011	3	3	2	7	7	3	1	5	1
J0513107	1178.57695678533	0	4	3	10	2011	2	2	1	7	7	3	1	4	3
J0513110	825.230762683893	1	1	3	10	2011	3	3	2	7	7	3	1	1	1
J0513202	1948.47946914802	1	1	3	10	2011	1	1	1	7	7	3	1	6	-9
J0513206	1725.22706365232	0	5	3	10	2011	1	1	1	7	7	3	1	5	-9
J0513207	4041.22588864461	0	4	3	10	2011	1	1	1	7	7	3	1	9	-9
J0513209	1316.90138066704	1	1	3	10	2011	3	3	2	7	7	3	1	5	1
J0513301	1552.00924336576	1	1	3	11	2011	3	3	2	7	7	3	1	9	1
J0513303	1495.13498194666	0	5	3	11	2011	1	1	1	7	7	3	1	5	-9
J0513304	1607.42778606514	0	4	3	11	2011	1	1	1	7	7	3	1	4	-9
J0513308	862.742387964791	0	5	3	11	2011	1	1	1	7	7	3	1	3	-9
J0513309	1413.6152765959	0	4	3	11	2011	1	1	1	7	7	3	1	2	-9
J0513401	1454.62098189799	0	5	3	11	2011	1	1	1	7	7	3	1	10	-9
J0513402	923.64306527077	1	1	3	11	2011	2	2	1	7	7	3	1	5	3
J0513403	1776.61778986815	0	5	3	11	2011	1	1	1	7	7	3	1	6	-9
J0513404	1805.05839872671	1	1	3	11	2011	1	1	1	7	7	3	1	10	-9
J0513407	1369.23160110443	1	1	3	11	2011	1	1	1	7	7	3	1	10	-9
J0513408	1385.5894506349	0	5	3	11	2011	1	1	1	7	7	3	1	4	-9
J0514101	601.734608748961	1	1	4	1	2012	3	3	2	7	7	3	1	6	1
J0514105	1477.72010075002	1	1	4	1	2012	1	1	1	7	7	3	1	10	-9
J0514201	1664.68953457923	0	5	4	1	2012	1	1	1	7	7	3	1	10	-9
J0514203	1305.8367777175	0	5	4	1	2012	1	1	1	7	7	3	1	10	-9
J0514207	1157.06729955523	1	1	4	1	2012	4	4	2	7	7	3	1	5	2
J0514208	1792.75046037247	0	4	4	1	2012	3	3	2	7	7	3	1	6	1
J0514302	1533.54608377704	1	1	4	2	2012	2	2	1	7	7	3	4	7	5
J0514303	1487.10428412882	0	5	4	2	2012	1	1	1	7	7	3	2	9	-9
J0514305	4739.49302205864	1	1	4	2	2012	1	1	1	7	7	3	1	10	-9
J0514306	1941.95588138688	0	5	4	2	2012	1	1	1	7	7	3	1	8	-9
J0514307	2059.01229938203	1	1	4	2	2012	1	1	1	7	7	3	1	8	-9
J0514308	1687.25383537991	0	5	4	2	2012	1	1	1	7	7	3	3	9	-9
J0514401	1426.53864637499	0	5	4	2	2012	1	1	1	7	7	3	1	10	-9
J0514402	1724.91919749843	1	1	4	2	2012	2	2	1	7	7	3	1	10	5
J0514403	3898.18301601639	0	5	4	2	2012	1	1	1	7	7	3	1	10	-9
J0514405	1808.02856279538	0	5	4	2	2012	1	1	1	7	7	3	1	10	-9
J0514406	1471.4612989986	0	5	4	2	2012	1	1	1	7	7	3	1	10	-9
J0514407	2381.52575635002	0	4	4	2	2012	1	1	1	7	7	3	3	6	-9
J0521101	2237.72441233403	0	5	1	4	2011	1	1	1	7	7	3	1	10	-9
J0521102	1841.81320922515	1	1	1	4	2011	1	1	1	7	7	3	1	8	-9
J0521104	1488.95739628351	1	1	1	4	2011	1	1	1	7	7	3	1	10	-9
J0521105	2421.62591905661	1	1	1	4	2011	2	2	1	7	7	3	1	5	3
J0521201	1537.14528558931	1	1	1	4	2011	1	1	1	7	7	3	1	10	-9
J0521204	1583.26993123371	0	4	1	4	2011	1	1	1	7	7	3	1	7	-9
J0521205	5131.76530714994	0	5	1	4	2011	1	1	1	7	7	3	1	8	-9
J0521301	1451.76924756002	0	5	1	5	2011	1	1	1	7	7	3	1	9	-9
J0521302	1346.96073732886	1	1	1	5	2011	1	1	1	7	7	3	1	7	-9
J0521304	1826.58910896872	1	1	1	5	2011	1	1	1	7	7	3	1	7	-9
J0521305	1599.07009781507	0	5	1	5	2011	1	1	1	7	7	3	1	6	-9
J0521401	2166.61220578293	1	1	1	5	2011	1	1	1	7	7	3	1	7	-9
J0521402	1517.12115312519	0	5	1	5	2011	1	1	1	7	7	3	1	10	-9
J0521405	2100.88654053997	0	5	1	5	2011	1	1	1	7	7	3	1	7	-9
J0521406	1792.25288630931	1	1	1	5	2011	1	1	1	7	7	3	1	9	-9
J0521407	1866.56530359316	0	5	1	5	2011	1	1	1	7	7	3	1	9	-9
J0521408	1484.13412127356	0	4	1	5	2011	1	1	1	7	7	3	1	7	-9
J0522104	1826.51807085207	1	1	2	7	2011	1	1	1	7	7	3	1	9	-9
J0522105	2192.16338869835	1	1	2	7	2011	2	2	1	7	7	3	1	1	3
J0522107	1776.59320475088	1	1	2	7	2011	1	1	1	7	7	3	1	1	-9
J0522108	1669.43159694218	0	5	2	7	2011	1	1	1	7	7	3	1	5	-9
J0522201	2259.01233995502	1	1	2	7	2011	1	1	1	7	7	3	1	6	-9
J0522202	1488.89262673564	0	5	2	7	2011	1	1	1	7	7	3	1	8	-9
J0522204	4771.50768669864	0	5	2	7	2011	1	1	1	7	7	3	3	6	-9
J0522205	1511.85435474667	0	4	2	7	2011	1	1	1	7	7	3	1	8	-9
J0522206	4277.39074238364	0	5	2	7	2011	1	1	1	7	7	3	1	5	-9
J0522302	1345.11998699991	0	5	2	8	2011	1	1	1	7	7	3	1	9	-9
J0522303	1479.25496583043	0	4	2	8	2011	1	1	1	7	7	3	1	10	-9
J0522304	1681.16118130677	0	5	2	8	2011	1	1	1	7	7	3	1	5	-9
J0522305	1700.93255389009	0	4	2	8	2011	1	1	1	7	7	3	1	1	-9
J0522306	1140.56221644184	0	5	2	8	2011	1	1	1	7	7	3	1	6	-9
J0522401	1828.25413169404	1	1	2	8	2011	1	1	1	7	7	3	2	5	-9
J0522402	778.038772858146	0	5	2	8	2011	1	1	1	7	7	3	2	6	-9
J0522403	1824.92590613258	0	5	2	8	2011	1	1	1	7	7	3	1	3	-9
J0522404	1837.66034783461	1	1	2	8	2011	2	2	1	7	7	3	1	3	3
J0522406	1740.84168204713	0	4	2	8	2011	3	3	2	7	7	3	1	3	1
J0522407	1568.45768101126	0	5	2	8	2011	1	1	1	7	7	3	2	5	-9
J0522409	961.526700762664	0	4	2	8	2011	2	2	1	7	7	3	1	2	3
J0523102	1289.23988728872	1	1	3	10	2011	1	1	1	7	7	3	1	9	-9
J0523201	2003.66901223287	1	1	3	10	2011	1	1	1	7	7	3	2	9	-9
J0523202	828.467436432499	0	4	3	10	2011	4	4	2	7	7	3	2	9	2
J0523203	1615.9825072654	1	1	3	10	2011	1	1	1	7	7	3	1	9	-9
J0523204	2187.36559314136	0	4	3	10	2011	2	2	1	7	7	3	1	9	3
J0523205	2085.40924942878	0	5	3	10	2011	1	1	1	7	7	3	4	8	-9
J0523301	1403.85387770559	0	5	3	11	2011	1	1	1	7	7	3	1	9	-9
J0523303	1549.6539584579	1	1	3	11	2011	1	1	1	7	7	3	1	10	-9
J0523304	2506.98508510837	0	5	3	11	2011	1	1	1	7	7	3	1	10	-9
J0523307	1701.49428628294	0	5	3	11	2011	1	1	1	7	7	3	2	9	-9
J0523402	1932.5810693785	0	5	3	11	2011	1	1	1	7	7	3	1	8	-9
J0523403	1738.54175358246	1	1	3	11	2011	1	1	1	7	7	3	1	5	-9
J0523405	2137.16053074954	0	5	3	11	2011	1	1	1	7	7	3	1	10	-9
J0523406	1951.47233637856	1	1	3	11	2011	1	1	1	7	7	3	1	9	-9
J0524103	1232.98910618875	1	1	4	1	2012	2	2	1	7	7	3	1	2	3
J0524105	1494.43316068346	0	5	4	1	2012	1	1	1	7	7	3	1	5	-9
J0524107	1999.31176201557	0	4	4	1	2012	1	1	1	7	7	3	1	5	-9
J0524108	3546.07688417716	0	5	4	1	2012	1	1	1	7	7	3	1	4	-9
J0524201	1548.02251269884	1	1	4	1	2012	4	4	2	7	7	3	1	2	2
J0524204	4986.28324794543	0	4	4	1	2012	2	2	1	7	7	3	1	2	3
J0524205	2263.13852223847	0	5	4	1	2012	1	1	1	7	7	3	1	4	-9
J0524302	726.219567876025	1	1	4	2	2012	1	1	1	7	7	3	1	1	-9
J0524303	1193.93933358285	1	1	4	2	2012	2	2	1	7	7	3	1	1	3
J0524307	641.874786693698	1	1	4	2	2012	3	3	2	7	7	3	1	1	1
J0524308	742.432674818993	0	5	4	2	2012	1	1	1	7	7	3	1	1	-9
J0524405	1716.91754427229	0	5	4	2	2012	1	1	1	7	7	3	1	5	-9
J0524407	1834.66617605886	0	4	4	2	2012	1	1	1	7	7	3	1	2	-9
J0531102	1235.09305740205	0	5	1	4	2011	1	1	1	7	7	3	3	5	-9
J0531103	1510.73116193735	1	1	1	4	2011	1	1	1	7	7	3	1	8	-9
J0531105	1338.28741362455	1	1	1	4	2011	1	1	1	7	7	3	1	7	-9
J0531106	1455.28823802956	1	1	1	4	2011	1	1	1	7	7	3	1	8	-9
J0531201	1752.05686794435	0	4	1	4	2011	1	1	1	7	7	3	1	4	-9
J0531202	2089.5793974081	0	5	1	4	2011	1	1	1	7	7	3	1	1	-9
J0531203	822.140515037991	1	1	1	4	2011	2	2	1	7	7	3	1	1	3
J0531204	1647.16669499326	1	1	1	4	2011	4	4	2	7	7	3	1	1	2
J0531206	1931.63691159079	1	1	1	4	2011	2	2	1	7	7	3	1	5	3
J0531207	1346.40215014563	1	1	1	4	2011	1	1	1	7	7	3	1	5	-9
J0531209	1118.12024191357	1	1	1	4	2011	3	3	2	7	7	3	1	6	1
J0531210	1593.19190450816	1	1	1	4	2011	1	1	1	7	7	3	1	5	-9
J0531302	1514.49684838699	1	1	1	5	2011	1	1	1	7	7	3	1	4	-9
J0531303	1538.66039005386	0	5	1	5	2011	1	1	1	7	7	3	1	4	-9
J0531305	1347.48611703202	0	5	1	5	2011	1	1	1	7	7	3	1	2	-9
J0531306	1310.36706951904	1	1	1	5	2011	2	2	1	7	7	3	1	4	3
J0531309	1654.51238028017	1	1	1	5	2011	1	1	1	7	7	3	3	4	-9
J0531402	843.545118954261	0	4	1	5	2011	2	2	1	7	7	3	2	1	3
J0531406	3079.46137307805	1	1	1	5	2011	3	3	2	7	7	3	1	1	1
J0531407	1386.86251415664	0	5	1	5	2011	1	1	1	7	7	3	1	1	-9
J0531408	1468.24778346452	1	1	1	5	2011	1	1	1	7	7	3	4	4	-9
J0531410	1322.71803284334	0	5	1	5	2011	1	1	1	7	7	3	2	2	-9
J0532103	1597.15054557095	0	5	2	7	2011	1	1	1	7	7	3	1	10	-9
J0532104	1216.60631781236	1	1	2	7	2011	1	1	1	7	7	3	1	10	-9
J0532105	1410.42129376009	0	5	2	7	2011	1	1	1	7	7	3	1	10	-9
J0532106	2098.08463546785	1	1	2	7	2011	2	2	1	7	7	3	1	10	4
J0532108	1865.43242400416	1	1	2	7	2011	1	1	1	7	7	3	1	9	-9
J0532201	1683.77582902872	0	5	2	7	2011	1	1	1	7	7	3	4	10	-9
J0532202	1510.70421402267	0	5	2	7	2011	1	1	1	7	7	3	3	5	-9
J0532208	1211.95997353467	0	5	2	7	2011	1	1	1	7	7	3	2	8	-9
J0532209	2065.81496105104	0	4	2	7	2011	2	2	1	7	7	3	2	8	3
J0532210	1380.49911523718	0	5	2	7	2011	1	1	1	7	7	3	3	9	-9
J0532303	1448.30271530777	1	1	2	8	2011	1	1	1	7	7	3	1	7	-9
J0532305	984.470866770084	0	5	2	8	2011	1	1	1	7	7	3	1	4	-9
J0532306	1161.66129373701	1	1	2	8	2011	2	2	1	7	7	3	1	5	3
J0532308	1740.76626344036	1	1	2	8	2011	1	1	1	7	7	3	1	8	-9
J0532401	1267.12484117326	1	1	2	8	2011	1	1	1	7	7	3	2	8	-9
J0532402	3297.43086483094	0	4	2	8	2011	2	2	1	7	7	3	3	5	5
J0532403	1921.7319197355	0	5	2	8	2011	1	1	1	7	7	3	2	8	-9
J0532404	1563.49449377257	1	1	2	8	2011	4	4	2	7	7	3	2	7	2
J0532406	727.673952599459	1	1	2	8	2011	4	4	2	7	7	3	2	6	2
J0532408	2289.51292713331	0	4	2	8	2011	1	1	1	7	7	3	2	9	-9
J0532410	1445.2039322712	1	1	2	8	2011	1	1	1	7	7	3	3	8	-9
J0533102	1766.10192941672	1	1	3	10	2011	1	1	1	7	7	3	2	8	-9
J0533104	1537.67356122786	0	5	3	10	2011	1	1	1	7	7	3	2	7	-9
J0533106	1384.49769002726	0	5	3	10	2011	1	1	1	7	7	3	2	7	-9
J0533107	1650.68732685786	1	1	3	10	2011	1	1	1	7	7	3	2	7	-9
J0533108	1725.46782253196	0	5	3	10	2011	1	1	1	7	7	3	2	8	-9
J0533109	1418.53960441688	0	5	3	10	2011	1	1	1	7	7	3	2	9	-9
J0533110	1616.61129593014	1	1	3	10	2011	1	1	1	7	7	3	2	8	-9
J0533111	1612.70233617627	0	5	3	10	2011	1	1	1	7	7	3	2	9	-9
J0533203	1440.34088271377	0	5	3	10	2011	1	1	1	7	7	3	1	3	-9
J0533204	972.621476554351	1	1	3	10	2011	1	1	1	7	7	3	1	3	-9
J0533206	1608.91565144028	0	4	3	10	2011	1	1	1	7	7	3	1	3	-9
J0533209	891.858022208779	1	1	3	10	2011	1	1	1	7	7	3	2	5	-9
J0533210	1240.49728342929	0	5	3	10	2011	1	1	1	7	7	3	2	8	-9
J0533211	1782.60587498448	1	1	3	10	2011	1	1	1	7	7	3	2	8	-9
J0533301	725.135186036279	0	5	3	11	2011	4	4	2	7	7	3	1	4	2
J0533303	2012.06158686112	0	5	3	11	2011	1	1	1	7	7	3	1	3	-9
J0533304	1145.02146059615	0	4	3	11	2011	3	3	2	7	7	3	1	4	1
J0533305	2004.69898062561	1	1	3	11	2011	2	2	1	7	7	3	1	4	3
J0533306	809.790998614842	0	5	3	11	2011	1	1	1	7	7	3	1	1	-9
J0533307	649.005188853934	1	1	3	11	2011	3	3	2	7	7	3	1	3	1
J0533308	651.812439907666	0	5	3	11	2011	3	3	2	7	7	3	1	1	1
J0533404	1925.62970711228	0	4	3	11	2011	1	1	1	7	7	3	1	4	-9
J0533406	1507.73095703019	0	5	3	11	2011	2	2	1	7	7	3	1	5	5
J0533407	1098.84834595071	0	4	3	11	2011	2	2	1	7	7	3	1	7	5
J0533408	1626.57404720347	0	5	3	11	2011	1	1	1	7	7	3	1	4	-9
J0533409	1013.37687753693	0	4	3	11	2011	2	2	1	7	7	3	1	2	3
J0533410	1492.80409934722	1	1	3	11	2011	4	4	2	7	7	3	1	9	2
J0533411	1406.04506442314	1	1	3	11	2011	2	2	1	7	7	3	1	9	4
J0533413	1761.41226698144	0	5	3	11	2011	1	1	1	7	7	3	1	9	-9
J0534101	1737.97470641908	0	5	4	1	2012	2	2	1	7	7	3	1	3	3
J0534102	930.805826606472	1	1	4	1	2012	3	3	2	7	7	3	1	2	1
J0534103	1387.97595767805	0	5	4	1	2012	1	1	1	7	7	3	1	3	-9
J0534106	1723.17829655671	0	4	4	1	2012	2	2	1	7	7	3	1	4	4
J0534109	2139.0064746791	0	4	4	1	2012	1	1	1	7	7	3	4	4	-9
J0534110	1477.32658683055	0	5	4	1	2012	1	1	1	7	7	3	1	5	-9
J0534201	1836.89986907594	0	5	4	1	2012	1	1	1	7	7	3	2	8	-9
J0534205	1818.55300875282	0	5	4	1	2012	1	1	1	7	7	3	3	7	-9
J0534206	1597.50256134366	0	5	4	1	2012	1	1	1	7	7	3	1	5	-9
J0534207	2305.12774407809	1	1	4	1	2012	1	1	1	7	7	3	1	7	-9
J0534209	1116.60099928046	1	1	4	1	2012	1	1	1	7	7	3	1	4	-9
J0534210	2063.0050809828	0	5	4	1	2012	1	1	1	7	7	3	1	8	-9
J0534211	1422.58802571963	0	5	4	1	2012	1	1	1	7	7	3	3	7	-9
J0534301	2151.26844908523	0	5	4	2	2012	1	1	1	7	7	3	1	10	-9
J0534302	1543.07057405954	1	1	4	2	2012	1	1	1	7	7	3	1	9	-9
J0534305	1482.48648494342	1	1	4	2	2012	1	1	1	7	7	3	1	5	-9
J0534306	2443.1365264597	0	5	4	2	2012	1	1	1	7	7	3	1	4	-9
J0534403	1512.06331863154	0	5	4	2	2012	1	1	1	7	7	3	1	7	-9
J0534404	1126.74848123602	1	1	4	2	2012	2	2	1	7	7	3	1	7	5
J0534405	1451.03402883832	0	5	4	2	2012	1	1	1	7	7	3	1	8	-9
J0534407	710.976231536496	1	1	4	2	2012	3	3	2	7	7	3	1	6	1
J0534408	1628.01914546164	0	5	4	2	2012	1	1	1	7	7	3	1	8	-9
J0534409	2114.31031765473	1	1	4	2	2012	1	1	1	7	7	3	1	8	-9
J0534411	1462.44924491516	0	5	4	2	2012	1	1	1	7	7	3	2	10	-9
J0534412	1382.4482408329	1	1	4	2	2012	2	2	1	7	7	3	1	6	5
J0534413	1530.87811887659	0	5	4	2	2012	1	1	1	7	7	3	4	7	-9
J0541101	1850.46705003933	0	5	1	4	2011	1	1	1	7	7	3	1	9	-9
J0541102	1346.19122977304	1	1	1	4	2011	1	1	1	7	7	3	1	10	-9
J0541104	1419.31822716515	0	4	1	4	2011	1	1	1	7	7	3	1	10	-9
J0541105	1636.62059300545	0	5	1	4	2011	1	1	1	7	7	3	1	9	-9
J0541107	1319.78484952301	1	1	1	4	2011	1	1	1	7	7	3	1	10	-9
J0541108	1637.55065089367	0	5	1	4	2011	1	1	1	7	7	3	1	9	-9
J0541201	2097.59706837919	0	4	1	4	2011	1	1	1	7	7	3	1	10	-9
J0541202	1762.59397234678	0	5	1	4	2011	1	1	1	7	7	3	2	7	-9
J0541203	1494.95186990514	1	1	1	4	2011	4	4	2	7	7	3	2	8	2
J0541204	1649.22614915233	0	5	1	4	2011	1	1	1	7	7	3	2	7	-9
J0541208	1213.81475691679	0	5	1	4	2011	1	1	1	7	7	3	1	8	-9
J0541301	1242.92950529708	1	1	1	5	2011	4	4	2	7	7	3	1	4	2
J0541303	1315.90854361314	0	4	1	5	2011	1	1	1	7	7	3	1	5	-9
J0541308	942.335324347717	0	4	1	5	2011	2	2	1	7	7	3	2	5	3
J0541309	1386.85590128923	0	4	1	5	2011	1	1	1	7	7	3	2	7	-9
J0541310	1473.4506197521	0	4	1	5	2011	1	1	1	7	7	3	2	10	-9
J0541312	1615.49391980433	1	1	1	5	2011	1	1	1	7	7	3	2	10	-9
J0541401	1633.09189138695	0	5	1	5	2011	1	1	1	7	7	3	3	7	-9
J0541402	2302.73639584749	1	1	1	5	2011	1	1	1	7	7	3	3	9	-9
J0541403	1361.31384002455	0	5	1	5	2011	1	1	1	7	7	3	4	9	-9
J0541404	2025.34305613353	1	1	1	5	2011	1	1	1	7	7	3	1	7	-9
J0541405	1708.8864270462	0	5	1	5	2011	1	1	1	7	7	3	1	7	-9
J0541406	1386.84712626645	1	1	1	5	2011	1	1	1	7	7	3	1	9	-9
J0541407	2010.19539409443	0	5	1	5	2011	1	1	1	7	7	3	1	9	-9
J0541408	1321.50018744562	1	1	1	5	2011	1	1	1	7	7	3	1	10	-9
J0541410	1742.64233154164	0	5	1	5	2011	1	1	1	7	7	3	2	9	-9
J0542101	1675.01996494812	0	4	2	7	2011	2	2	1	7	7	3	2	8	5
J0542104	987.97985548528	1	1	2	7	2011	1	1	1	7	7	3	2	9	-9
J0542106	2192.43028564653	1	1	2	7	2011	1	1	1	7	7	3	3	8	-9
J0542108	1192.10306998074	1	1	2	7	2011	1	1	1	7	7	3	3	6	-9
J0542109	1626.78756661043	0	5	2	7	2011	1	1	1	7	7	3	3	8	-9
J0542110	1262.60545125789	1	1	2	7	2011	1	1	1	7	7	3	3	6	-9
J0542201	2128.06860335233	0	5	2	7	2011	1	1	1	7	7	3	4	6	-9
J0542202	1903.34774499721	0	5	2	7	2011	1	1	1	7	7	3	4	8	-9
J0542203	1754.74097154825	1	1	2	7	2011	1	1	1	7	7	3	1	3	-9
J0542204	781.791316739963	1	1	2	7	2011	4	4	2	7	7	3	1	6	2
J0542207	1321.40831127954	1	1	2	7	2011	1	1	1	7	7	3	3	7	-9
J0542209	1349.06700602886	1	1	2	7	2011	1	1	1	7	7	3	1	9	-9
J0542210	1437.80852931843	1	1	2	7	2011	4	4	2	7	7	3	3	7	2
J0542302	1511.70177814987	1	1	2	8	2011	1	1	1	7	7	3	1	5	-9
J0542303	747.211148690736	0	5	2	8	2011	1	1	1	7	7	3	1	3	-9
J0542306	1408.01317520352	0	5	2	8	2011	1	1	1	7	7	3	1	8	-9
J0542307	1584.79171103306	0	4	2	8	2011	1	1	1	7	7	3	1	8	-9
J0542309	736.569714961432	0	4	2	8	2011	1	1	1	7	7	3	2	8	-9
J0542310	1594.1211319341	1	1	2	8	2011	4	4	2	7	7	3	2	8	2
J0542311	1494.51764738096	1	1	2	8	2011	1	1	1	7	7	3	2	5	-9
J0542401	726.568291355588	1	1	2	8	2011	4	4	2	7	7	3	1	5	2
J0542402	1658.65836427248	1	1	2	8	2011	1	1	1	7	7	3	1	8	-9
J0542403	1854.45443659458	1	1	2	8	2011	4	4	2	7	7	3	1	5	2
J0542405	2844.06839000828	1	1	2	8	2011	2	2	1	7	7	3	1	6	3
J0542407	1471.80144402626	0	5	2	8	2011	1	1	1	7	7	3	1	7	-9
J0542408	1185.79289435958	1	1	2	8	2011	1	1	1	7	7	3	1	5	-9
J0542410	851.514341880135	0	4	2	8	2011	2	2	1	7	7	3	1	4	3
J0542411	1331.83217431503	0	5	2	8	2011	1	1	1	7	7	3	1	8	-9
J0543101	1253.43069247882	0	5	3	10	2011	1	1	1	7	7	3	2	9	-9
J0543104	1331.83217431503	0	5	3	10	2011	1	1	1	7	7	3	1	10	-9
J0543105	1570.37673119822	1	1	3	10	2011	1	1	1	7	7	3	1	10	-9
J0543108	1764.26044200282	1	1	3	10	2011	1	1	1	7	7	3	1	8	-9
J0543110	1569.23980627862	1	1	3	10	2011	1	1	1	7	7	3	1	7	-9
J0543111	1749.90182890171	0	5	3	10	2011	1	1	1	7	7	3	1	7	-9
J0543201	1247.64466808924	0	5	3	10	2011	1	1	1	7	7	3	1	10	-9
J0543202	960.866726499218	0	4	3	10	2011	2	2	1	7	7	3	1	3	4
J0543203	1486.1193562308	0	5	3	10	2011	1	1	1	7	7	3	1	10	-9
J0543204	1798.78522028084	1	1	3	10	2011	1	1	1	7	7	3	1	8	-9
J0543205	895.227619943596	0	4	3	10	2011	4	4	2	7	7	3	1	4	2
J0543207	1692.11293145525	0	4	3	10	2011	1	1	1	7	7	3	1	9	-9
J0543209	1673.56045213006	0	4	3	10	2011	1	1	1	7	7	3	2	10	-9
J0543210	1595.2744536029	0	5	3	10	2011	1	1	1	7	7	3	2	8	-9
J0543301	1530.93213607239	0	5	3	11	2011	1	1	1	7	7	3	1	10	-9
J0543302	1347.01853958068	1	1	3	11	2011	4	4	2	7	7	3	1	7	2
J0543303	1792.37215823858	1	1	3	11	2011	1	1	1	7	7	3	3	10	-9
J0543304	2058.77872809882	0	5	3	11	2011	1	1	1	7	7	3	1	7	-9
J0543305	2875.339078826	1	1	3	11	2011	2	2	1	7	7	3	1	7	3
J0543306	1820.42128322412	1	1	3	11	2011	2	2	1	7	7	3	1	9	3
J0543309	1999.48295898766	0	5	3	11	2011	1	1	1	7	7	3	1	9	-9
J0543311	1819.65469798994	0	5	3	11	2011	1	1	1	7	7	3	2	7	-9
J0543312	1247.63291653642	0	5	3	11	2011	1	1	1	7	7	3	2	10	-9
J0543403	1378.74887388549	1	1	3	11	2011	1	1	1	7	7	3	1	9	-9
J0543404	1677.57488759322	1	1	3	11	2011	4	4	2	7	7	3	1	9	2
J0543411	2041.6081457908	1	1	3	11	2011	1	1	1	7	7	3	1	7	-9
J0543412	2396.65821156574	0	5	3	11	2011	1	1	1	7	7	3	1	8	-9
J0544101	991.824470668727	0	4	4	1	2012	4	4	2	7	7	3	1	2	2
J0544102	875.507196343063	1	1	4	1	2012	4	4	2	7	7	3	1	2	2
J0544103	1666.06314559773	1	1	4	1	2012	4	4	2	7	7	3	1	5	2
J0544104	1780.44431816445	0	4	4	1	2012	2	2	1	7	7	3	1	6	3
J0544105	1471.30530056819	1	1	4	1	2012	1	1	1	7	7	3	1	10	-9
J0544106	1927.87825611301	0	5	4	1	2012	1	1	1	7	7	3	1	4	-9
J0544107	1613.10153143113	1	1	4	1	2012	1	1	1	7	7	3	1	8	-9
J0544109	1753.16636145725	0	5	4	1	2012	1	1	1	7	7	3	1	10	-9
J0544110	1291.34135994127	1	1	4	1	2012	1	1	1	7	7	3	1	10	-9
J0544201	966.07336105303	0	5	4	1	2012	1	1	1	7	7	3	2	4	-9
J0544202	1426.81580427257	1	1	4	1	2012	1	1	1	7	7	3	2	9	-9
J0544203	1211.35682431072	0	5	4	1	2012	1	1	1	7	7	3	4	7	-9
J0544204	1464.52334126421	0	5	4	1	2012	1	1	1	7	7	3	4	8	-9
J0544206	785.002083684578	0	4	4	1	2012	3	3	2	7	7	3	3	10	1
J0544208	1329.42755112484	0	5	4	1	2012	1	1	1	7	7	3	4	8	-9
J0544209	2365.31246482908	0	5	4	1	2012	2	2	1	7	7	3	4	7	3
J0544210	2265.84862359281	1	1	4	1	2012	2	2	1	7	7	3	3	8	3
J0544211	1352.17448757316	0	5	4	1	2012	1	1	1	7	7	3	3	8	-9
J0544301	1323.50772567125	1	1	4	2	2012	1	1	1	7	7	3	2	10	-9
J0544303	1385.8256026504	0	5	4	2	2012	1	1	1	7	7	3	3	8	-9
J0544307	1479.96281725146	0	5	4	2	2012	1	1	1	7	7	3	3	7	-9
J0544308	1343.63455634858	0	5	4	2	2012	1	1	1	7	7	3	2	9	-9
J0544309	1403.10699673984	0	4	4	2	2012	1	1	1	7	7	3	2	9	-9
J0544310	1355.22500605861	0	4	4	2	2012	3	3	2	7	7	3	2	5	1
J0544402	1454.26970804803	0	5	4	2	2012	1	1	1	7	7	3	1	9	-9
J0544406	1490.12220353375	1	1	4	2	2012	2	2	1	7	7	3	1	9	3
J0544408	1367.27138136565	1	1	4	2	2012	3	3	2	7	7	3	1	7	1
J0551101	876.251098004079	1	1	1	4	2011	2	2	1	7	7	3	1	6	5
J0551103	3507.00341877519	0	4	1	4	2011	4	4	2	7	7	3	1	9	2
J0551201	1420.61911498153	0	4	1	4	2011	1	1	1	7	7	3	1	10	-9
J0551202	2091.82643953465	0	5	1	4	2011	1	1	1	7	7	3	1	10	-9
J0551203	1447.08632957198	1	1	1	4	2011	2	2	1	7	7	3	1	7	3
J0551205	1672.75404735268	0	5	1	4	2011	1	1	1	7	7	3	1	10	-9
J0551206	2321.41561579171	1	1	1	4	2011	2	2	1	7	7	3	2	8	3
J0551207	1374.31827460768	0	5	1	4	2011	1	1	1	7	7	3	1	10	-9
J0551208	685.244278047819	0	4	1	4	2011	1	1	1	7	7	3	1	7	-9
J0551209	2473.62521727135	0	5	1	4	2011	1	1	1	7	7	3	1	7	-9
J0551301	1803.82474339986	1	1	1	5	2011	1	1	1	7	7	3	1	10	-9
J0551303	1832.58921728264	1	1	1	5	2011	1	1	1	7	7	3	1	6	-9
J0551305	1280.85289251929	1	1	1	5	2011	1	1	1	7	7	3	2	6	-9
J0551403	1491.81873672642	0	4	1	5	2011	1	1	1	7	7	3	1	6	-9
J0551404	2333.66649107636	1	1	1	5	2011	3	3	2	7	7	3	1	3	1
J0551405	1275.5160318593	1	1	1	5	2011	1	1	1	7	7	3	1	9	-9
J0551406	1230.66683447421	0	5	1	5	2011	1	1	1	7	7	3	1	9	-9
J0551407	961.048389349848	1	1	1	5	2011	4	4	2	7	7	3	1	6	2
J0552101	1067.02782523541	1	1	2	7	2011	3	3	2	7	7	3	1	4	1
J0552103	959.428256142914	1	1	2	7	2011	3	3	2	7	7	3	1	5	1
J0552106	1143.45122204283	0	5	2	7	2011	1	1	1	7	7	3	1	4	-9
J0552107	2625.48594056984	1	1	2	7	2011	3	3	2	7	7	3	1	3	1
J0552108	812.684428039446	1	1	2	7	2011	4	4	2	7	7	3	1	3	2
J0552109	772.555216534037	0	4	2	7	2011	1	1	1	7	7	3	1	3	-9
J0552110	2286.57500505181	0	5	2	7	2011	1	1	1	7	7	3	1	4	-9
J0552202	635.976691884556	1	1	2	7	2011	3	3	2	7	7	3	1	3	1
J0552204	1354.72096109097	0	4	2	7	2011	3	3	2	7	7	3	1	4	1
J0552205	942.67470696169	0	5	2	7	2011	1	1	1	7	7	3	1	3	-9
J0552303	1292.51532463835	0	4	2	8	2011	3	3	2	7	7	3	1	4	1
J0552307	1531.84581214347	1	1	2	8	2011	4	4	2	7	7	3	1	2	2
J0552309	2343.37612700084	0	5	2	8	2011	1	1	1	7	7	3	1	3	-9
J0552310	1230.13493568153	0	5	2	8	2011	1	1	1	7	7	3	1	7	-9
J0552401	1165.47220105254	1	1	2	8	2011	3	3	2	7	7	3	1	3	1
J0552403	3800.35220529415	1	1	2	8	2011	2	2	1	7	7	3	1	8	3
J0552405	1667.51504045055	1	1	2	8	2011	1	1	1	7	7	3	1	9	-9
J0552408	715.988173612731	0	5	2	8	2011	1	1	1	7	7	3	1	3	-9
J0552409	1396.90103345687	1	1	2	8	2011	1	1	1	7	7	3	1	4	-9
J0552410	1407.62439548413	0	5	2	8	2011	1	1	1	7	7	3	1	5	-9
J0553101	1381.06914149781	0	5	3	10	2011	1	1	1	7	7	3	3	7	-9
J0553102	1284.00911741371	0	4	3	10	2011	1	1	1	7	7	3	1	7	-9
J0553106	1498.34168629007	0	5	3	10	2011	1	1	1	7	7	3	2	9	-9
J0553107	1442.13313313188	0	4	3	10	2011	1	1	1	7	7	3	2	10	-9
J0553201	1512.65995144625	0	5	3	10	2011	1	1	1	7	7	3	1	9	-9
J0553202	1480.45866090216	1	1	3	10	2011	4	4	2	7	7	3	3	9	2
J0553203	756.76489696863	0	5	3	10	2011	1	1	1	7	7	3	2	10	-9
J0553205	1754.89673720546	1	1	3	10	2011	1	1	1	7	7	3	3	9	-9
J0553206	1465.12435267442	0	5	3	10	2011	1	1	1	7	7	3	3	9	-9
J0553207	2102.20087858238	0	4	3	10	2011	1	1	1	7	7	3	3	8	-9
J0553208	1422.10016446667	0	5	3	10	2011	1	1	1	7	7	3	3	9	-9
J0553209	1128.09292335622	1	1	3	10	2011	4	4	2	7	7	3	3	9	2
J0553210	2488.57214597696	1	1	3	10	2011	4	4	2	7	7	3	3	7	2
J0553301	2447.94728442836	1	1	3	11	2011	1	1	1	7	7	3	1	10	-9
J0553302	2094.8306068255	0	4	3	11	2011	2	2	1	7	7	3	1	10	3
J0553304	970.305786195251	0	4	3	11	2011	1	1	1	7	7	3	1	7	-9
J0553306	1552.13980881245	1	1	3	11	2011	1	1	1	7	7	3	1	10	-9
J0553307	1388.45129054817	0	5	3	11	2011	1	1	1	7	7	3	1	10	-9
J0553308	1346.11160610743	0	5	3	11	2011	1	1	1	7	7	3	1	9	-9
J0553401	1264.66852136113	0	4	3	11	2011	1	1	1	7	7	3	1	10	-9
J0553402	1031.09480920509	1	1	3	11	2011	4	4	2	7	7	3	1	4	2
J0553403	1319.8339321229	1	1	3	11	2011	4	4	2	7	7	3	1	8	2
J0553404	1570.58117016791	0	5	3	11	2011	1	1	1	7	7	3	1	10	-9
J0553406	1929.55585296803	1	1	3	11	2011	1	1	1	7	7	3	1	10	-9
J0553407	1467.96393573945	0	5	3	11	2011	1	1	1	7	7	3	1	10	-9
J0554101	871.30876503935	1	1	4	1	2012	1	1	1	7	7	3	1	2	-9
J0554102	931.547112904033	1	1	4	1	2012	3	3	2	7	7	3	1	2	1
J0554105	722.722410810914	1	1	4	1	2012	3	3	2	7	7	3	1	5	1
J0554107	1172.27684955162	1	1	4	1	2012	3	3	2	7	7	3	1	7	1
J0554108	2247.7385221506	0	5	4	1	2012	1	1	1	7	7	3	1	9	-9
J0554109	2852.79251614335	0	4	4	1	2012	3	3	2	7	7	3	1	5	1
J0554110	876.204443254841	1	1	4	1	2012	3	3	2	7	7	3	1	5	1
J0554202	1870.27162773404	0	5	4	1	2012	1	1	1	7	7	3	1	5	-9
J0554203	883.335364137722	0	4	4	1	2012	1	1	1	7	7	3	1	5	-9
J0554205	1242.07936600543	1	1	4	1	2012	1	1	1	7	7	3	1	7	-9
J0554206	936.153921413667	0	5	4	1	2012	1	1	1	7	7	3	1	4	-9
J0554208	1129.35537744423	1	1	4	1	2012	4	4	2	7	7	3	1	6	2
J0554303	1589.23465147798	1	1	4	2	2012	3	3	2	7	7	3	1	5	1
J0554305	1817.55075797169	0	4	4	2	2012	1	1	1	7	7	3	1	6	-9
J0554306	2018.74604677916	0	5	4	2	2012	1	1	1	7	7	3	1	6	-9
J0554308	1988.84820434861	1	1	4	2	2012	2	2	1	7	7	3	1	5	3
J0554401	1711.05614176196	0	5	4	2	2012	1	1	1	7	7	3	1	8	-9
J0554402	2231.91566665818	1	1	4	2	2012	1	1	1	7	7	3	1	6	-9
J0554403	1990.15076753406	0	5	4	2	2012	1	1	1	7	7	3	1	5	-9
J0554405	1336.37589997153	0	4	4	2	2012	3	3	2	7	7	3	1	6	1
J0561101	1587.88601108341	1	1	1	4	2011	1	1	1	7	7	3	1	5	-9
J0561106	1795.04576139877	1	1	1	4	2011	1	1	1	7	7	3	1	10	-9
J0561107	2141.76434358531	0	5	1	4	2011	1	1	1	7	7	3	1	10	-9
J0561201	2548.22010367186	0	5	1	4	2011	1	1	1	7	7	3	1	5	-9
J0561203	1362.78749972476	0	5	1	4	2011	1	1	1	7	7	3	1	7	-9
J0561204	836.725178736073	0	4	1	4	2011	4	4	2	7	7	3	1	4	2
J0561205	1465.5832540136	0	5	1	4	2011	1	1	1	7	7	3	1	4	-9
J0561207	4358.44275445468	0	5	1	4	2011	1	1	1	7	7	3	1	7	-9
J0561303	2358.69387722519	1	1	1	5	2011	1	1	1	7	7	3	2	8	-9
J0561306	1547.91897954891	1	1	1	5	2011	1	1	1	7	7	3	2	8	-9
J0561307	1657.34417509408	0	5	1	5	2011	1	1	1	7	7	3	3	6	-9
J0561308	1529.31565838731	0	4	1	5	2011	1	1	1	7	7	3	4	4	-9
J0561403	1072.57284586888	0	5	1	5	2011	1	1	1	7	7	3	1	4	-9
J0561404	1074.31529525327	1	1	1	5	2011	1	1	1	7	7	3	1	5	-9
J0561408	743.833212315943	1	1	1	5	2011	3	3	2	7	7	3	1	3	1
J0561409	651.302999024014	1	1	1	5	2011	3	3	2	7	7	3	1	3	1
J0562102	1470.09312166148	1	1	2	7	2011	1	1	1	7	7	3	4	10	-9
J0562104	2476.86431296837	0	5	2	7	2011	1	1	1	7	7	3	1	5	-9
J0562107	1667.21241550849	0	4	2	7	2011	1	1	1	7	7	3	1	10	-9
J0562108	4032.92954515614	0	5	2	7	2011	1	1	1	7	7	3	1	8	-9
J0562204	2991.84597820338	0	5	2	7	2011	1	1	1	7	7	3	1	9	-9
J0562208	1816.69364050285	0	4	2	7	2011	3	3	2	7	7	3	1	3	1
J0562209	850.669013163307	0	5	2	7	2011	1	1	1	7	7	3	1	4	-9
J0562301	1327.5239737095	0	5	2	8	2011	1	1	1	7	7	3	1	9	-9
J0562302	1507.89709528758	1	1	2	8	2011	1	1	1	7	7	3	1	6	-9
J0562304	1477.50691626062	0	4	2	8	2011	1	1	1	7	7	3	1	7	-9
J0562305	1020.0930466855	0	5	2	8	2011	1	1	1	7	7	3	1	6	-9
J0562307	1040.62469223917	0	5	2	8	2011	1	1	1	7	7	3	1	6	-9
J0562402	1151.61519015008	0	5	2	8	2011	1	1	1	7	7	3	1	7	-9
J0562403	1090.64181848698	0	4	2	8	2011	4	4	2	7	7	3	1	2	2
J0562405	3686.62504632408	1	1	2	8	2011	2	2	1	7	7	3	1	4	3
J0562406	4973.11170700619	1	1	2	8	2011	4	4	2	7	7	3	1	4	2
J0562408	1895.04868132968	0	5	2	8	2011	1	1	1	7	7	3	1	10	-9
J0562409	1769.4165237681	1	1	2	8	2011	4	4	2	7	7	3	3	4	2
J0563101	890.674638310176	0	5	3	10	2011	3	3	2	7	7	3	1	4	1
J0563105	3066.81744779343	1	1	3	10	2011	1	1	1	7	7	3	1	9	-9
J0563107	3568.68182147373	1	1	3	10	2011	1	1	1	7	7	3	1	7	-9
J0563108	1837.86805924786	0	5	3	10	2011	1	1	1	7	7	3	1	8	-9
J0563201	2045.42260336616	1	1	3	10	2011	1	1	1	7	7	3	1	8	-9
J0563203	4503.09793476665	1	1	3	10	2011	3	3	2	7	7	3	1	3	1
J0563204	1916.94593552801	0	4	3	10	2011	4	4	2	7	7	3	1	6	2
J0563205	1413.48124250195	0	5	3	10	2011	3	3	2	7	7	3	1	4	1
J0563206	1547.24716816307	0	4	3	10	2011	1	1	1	7	7	3	1	5	-9
J0563207	934.736887063612	0	4	3	10	2011	4	4	2	7	7	3	1	2	2
J0563208	1732.97373305835	1	1	3	10	2011	3	3	2	7	7	3	1	5	1
J0563209	3900.41049558262	0	5	3	10	2011	1	1	1	7	7	3	1	3	-9
J0563301	2155.60900991137	0	4	3	11	2011	1	1	1	7	7	3	2	7	-9
J0563303	1399.27288166566	0	5	3	11	2011	1	1	1	9	8	2	1	5	-9
J0563304	698.05055363352	1	1	3	11	2011	4	4	2	7	7	3	1	3	2
J0563307	741.151469432131	0	5	3	11	2011	1	1	1	7	7	3	1	3	-9
J0563309	2429.77961029017	0	4	3	11	2011	1	1	1	7	7	3	1	8	-9
J0563401	735.834780006089	0	4	3	11	2011	1	1	1	7	7	3	3	5	-9
J0563404	1591.43560760888	0	4	3	11	2011	2	2	1	7	7	3	1	8	5
J0563408	1712.57584213782	0	5	3	11	2011	1	1	1	7	7	3	2	10	-9
J0564101	1796.83993937819	0	5	4	1	2012	1	1	1	7	7	3	1	4	-9
J0564103	861.332701803541	0	5	4	1	2012	1	1	1	7	7	3	1	4	-9
J0564107	4103.88069103656	0	4	4	1	2012	1	1	1	7	7	3	1	7	-9
J0564108	1350.14388292667	0	5	4	1	2012	1	1	1	7	7	3	3	10	-9
J0564109	1905.68389948075	0	5	4	1	2012	1	1	1	7	7	3	1	10	-9
J0564202	2264.69602009503	0	5	4	1	2012	1	1	1	7	7	3	2	10	-9
J0564206	1827.29234858494	1	1	4	1	2012	1	1	1	7	7	3	1	6	-9
J0564208	1318.32959110092	1	1	4	1	2012	1	1	1	7	7	3	2	9	-9
J0564302	1450.85295377807	1	1	4	2	2012	2	2	1	7	7	3	1	4	3
J0564304	1228.68959146055	1	1	4	2	2012	4	4	2	7	7	3	1	3	2
J0564305	1373.58343016726	0	4	4	2	2012	1	1	1	7	7	3	1	7	-9
J0564401	1886.1132012495	0	5	4	2	2012	1	1	1	7	7	3	1	5	-9
J0564403	1475.90471012052	0	5	4	2	2012	1	1	1	7	7	3	1	5	-9
J0564405	1332.32101065874	0	4	4	2	2012	1	1	1	7	7	3	1	5	-9
J0564406	1388.87814186874	0	5	4	2	2012	1	1	1	7	7	3	1	5	-9
J0564408	1660.04728590577	0	5	4	2	2012	1	1	1	7	7	3	1	8	-9
J0571101	1681.74779943506	0	5	1	4	2011	1	1	1	7	7	3	1	7	-9
J0571102	1521.49333273494	1	1	1	4	2011	1	1	1	7	7	3	1	8	-9
J0571105	1704.23322049974	0	4	1	4	2011	2	2	1	7	7	3	1	10	5
J0571107	1230.30829312864	0	5	1	4	2011	1	1	1	7	7	3	1	9	-9
J0571108	1869.27386894796	1	1	1	4	2011	1	1	1	7	7	3	1	9	-9
J0571110	1148.99593059118	1	1	1	4	2011	1	1	1	7	7	3	1	5	-9
J0571112	1283.29497129108	0	4	1	4	2011	4	4	2	7	7	3	1	7	2
J0571113	1624.4378597127	0	4	1	4	2011	1	1	1	7	7	3	1	10	-9
J0571203	1302.58504641777	0	5	1	4	2011	1	1	1	7	7	3	1	10	-9
J0571204	1177.95685530794	0	4	1	4	2011	1	1	1	7	7	3	1	6	-9
J0571206	1037.88595846721	0	4	1	4	2011	2	2	1	7	7	3	1	3	5
J0571211	2255.78726982102	0	4	1	4	2011	2	2	1	7	7	3	1	4	4
J0571301	1586.79794125139	0	5	1	5	2011	1	1	1	7	7	3	1	7	-9
J0571304	1671.02888057373	0	4	1	5	2011	1	1	1	7	7	3	1	5	-9
J0571306	1448.37534998654	1	1	1	5	2011	1	1	1	7	7	3	2	9	-9
J0571307	1647.6664375351	0	5	1	5	2011	1	1	1	7	7	3	2	6	-9
J0571308	1637.46147615045	0	4	1	5	2011	1	1	1	7	7	3	2	9	-9
J0571401	2361.42407747631	1	1	1	5	2011	2	2	1	7	7	3	1	6	3
J0571402	1726.25409786972	1	1	1	5	2011	1	1	1	7	7	3	1	8	-9
J0571405	2064.95942098817	0	5	1	5	2011	1	1	1	7	7	3	1	7	-9
J0571408	1496.73824183677	1	1	1	5	2011	1	1	1	7	7	3	2	5	-9
J0571409	1773.03711631375	0	5	1	5	2011	1	1	1	7	7	3	2	5	-9
J0571410	1088.65392224949	1	1	1	5	2011	4	4	2	7	7	3	1	3	2
J0571411	1293.68504093934	1	1	1	5	2011	4	4	2	7	7	3	1	3	2
J0571412	5527.0068087864	0	5	1	5	2011	1	1	1	7	7	3	2	7	-9
J0572103	1458.61468235699	1	1	2	7	2011	1	1	1	7	7	3	1	9	-9
J0572104	1378.90301983495	0	5	2	7	2011	1	1	1	7	7	3	1	6	-9
J0572105	1482.18441062927	1	1	2	7	2011	4	4	2	7	7	3	1	10	2
J0572106	1520.70640676782	0	4	2	7	2011	1	1	1	7	7	3	1	9	-9
J0572109	1370.45197360309	0	5	2	7	2011	1	1	1	7	7	3	1	6	-9
J0572111	861.366285100466	1	1	2	7	2011	4	4	2	7	7	3	2	4	2
J0572201	4253.31422676472	1	1	2	7	2011	1	1	1	7	7	3	1	9	-9
J0572203	2579.53104727671	0	5	2	7	2011	1	1	1	7	7	3	1	6	-9
J0572204	2318.74668647398	1	1	2	7	2011	2	2	1	7	7	3	1	8	3
J0572206	2385.50845821102	0	4	2	7	2011	2	2	1	7	7	3	1	5	3
J0572207	873.889762315567	0	5	2	7	2011	1	1	1	7	7	3	1	5	-9
J0572210	1408.7185734676	0	4	2	7	2011	1	1	1	7	7	3	3	10	-9
J0572302	836.49052501389	1	1	2	8	2011	1	1	1	7	7	3	1	5	-9
J0572310	1557.98743579126	0	5	2	8	2011	1	1	1	7	7	3	1	10	-9
J0572402	2427.69797274575	0	5	2	8	2011	1	1	1	7	7	3	1	10	-9
J0572403	1517.69537236854	1	1	2	8	2011	1	1	1	7	7	3	1	10	-9
J0572407	2571.78006512158	1	1	2	8	2011	1	1	1	7	7	3	1	5	-9
J0572409	832.712827724273	0	4	2	8	2011	4	4	2	7	7	3	1	4	2
J0572411	1120.37156819531	0	4	2	8	2011	4	4	2	7	7	3	1	2	2
J0573102	2163.13239339452	0	4	3	10	2011	1	1	1	7	7	3	1	7	-9
J0573103	1528.39730224558	0	5	3	10	2011	1	1	1	7	7	3	1	7	-9
J0573104	1459.70497176153	0	4	3	10	2011	1	1	1	7	7	3	1	9	-9
J0573106	1764.42377451971	0	5	3	10	2011	1	1	1	7	7	3	1	6	-9
J0573108	4804.54221049863	0	5	3	10	2011	1	1	1	7	7	3	1	8	-9
J0573110	3539.43117339572	0	5	3	10	2011	1	1	1	7	7	3	1	9	-9
J0573201	3529.41917087898	0	5	3	10	2011	1	1	1	7	7	3	2	10	-9
J0573203	3637.24522360385	0	5	3	10	2011	1	1	1	7	7	3	3	7	-9
J0573205	798.278201060714	1	1	3	10	2011	4	4	2	7	7	3	1	7	2
J0573207	1412.53282812265	1	1	3	10	2011	1	1	1	7	7	3	1	10	-9
J0573208	4869.58798521989	0	5	3	10	2011	1	1	1	7	7	3	1	6	-9
J0573209	2112.91913268094	0	4	3	10	2011	1	1	1	7	7	3	1	5	-9
J0573210	1646.14090023118	0	5	3	10	2011	1	1	1	7	7	3	1	10	-9
J0573301	1922.47496838698	0	5	3	11	2011	1	1	1	7	7	3	1	10	-9
J0573302	1461.31621945355	0	4	3	11	2011	1	1	1	7	7	3	1	9	-9
J0573303	2375.12676908319	0	4	3	11	2011	2	2	1	7	7	3	1	6	3
J0573304	973.209871452638	1	1	3	11	2011	3	3	2	7	7	3	1	7	1
J0573307	2160.48105570551	1	1	3	11	2011	1	1	1	7	7	3	1	10	-9
J0573311	1608.24163240964	0	5	3	11	2011	1	1	1	7	7	3	1	10	-9
J0573402	1350.14388292667	0	5	3	11	2011	1	1	1	7	7	3	3	10	-9
J0573407	1677.34240336972	0	4	3	11	2011	2	2	1	7	7	3	1	10	3
J0573408	677.789414013525	1	1	3	11	2011	3	3	2	7	7	3	1	8	1
J0573411	1653.3526626984	1	1	3	11	2011	1	1	1	7	7	3	1	5	-9
J0574101	1990.24220073987	0	5	4	1	2012	1	1	1	7	7	3	1	10	-9
J0574102	1833.05274157036	0	5	4	1	2012	1	1	1	7	7	3	1	10	-9
J0574103	1800.24321249051	1	1	4	1	2012	1	1	1	7	7	3	1	8	-9
J0574108	812.552190398277	1	1	4	1	2012	4	4	2	7	7	3	3	5	2
J0574109	1644.1498926686	0	5	4	1	2012	1	1	1	7	7	3	1	8	-9
J0574110	1600.85329864237	1	1	4	1	2012	1	1	1	7	7	3	1	7	-9
J0574201	1629.47740996762	0	5	4	1	2012	2	2	1	7	7	3	1	8	3
J0574204	4766.60693700481	0	4	4	1	2012	1	1	1	7	7	3	1	10	-9
J0574205	891.410718643984	1	1	4	1	2012	3	3	2	7	7	3	1	4	1
J0574208	2030.37524445758	0	5	4	1	2012	1	1	1	7	7	3	1	5	-9
J0574209	1550.45060891542	0	4	4	1	2012	1	1	1	7	7	3	1	8	-9
J0574211	1317.60409700453	0	5	4	1	2012	1	1	1	7	7	3	1	9	-9
J0574212	1617.91649504097	1	1	4	1	2012	1	1	1	7	7	3	1	9	-9
J0574213	2448.1331771447	0	5	4	1	2012	1	1	1	7	7	3	4	9	-9
J0574301	1056.48703259153	1	1	4	2	2012	3	3	2	7	7	3	1	8	1
J0574305	1492.20250624403	0	5	4	2	2012	1	1	1	7	7	3	1	7	-9
J0574307	2124.82627331038	0	5	4	2	2012	1	1	1	7	7	3	1	9	-9
J0574401	1447.37383072186	0	5	4	2	2012	1	1	1	7	7	3	1	10	-9
J0574405	1819.38353159541	0	4	4	2	2012	1	1	1	7	7	3	1	8	-9
J0574409	1539.46215498902	0	5	4	2	2012	1	1	1	7	7	3	1	10	-9
J0574410	1755.9111828565	1	1	4	2	2012	1	1	1	7	7	3	1	10	-9
J0574411	1525.13188171826	0	5	4	2	2012	1	1	1	7	7	3	1	10	-9
J0581101	1417.94983927852	1	1	1	4	2011	3	3	2	7	7	3	1	9	1
J0581102	1790.8381998269	0	4	1	4	2011	1	1	1	7	7	3	1	9	-9
J0581105	924.127866152618	0	4	1	4	2011	3	3	2	7	7	3	1	4	1
J0581108	681.644136465442	1	1	1	4	2011	3	3	2	7	7	3	1	4	1
J0581109	1997.62320675722	0	4	1	4	2011	2	2	1	7	7	3	1	4	5
J0581110	1314.87448905097	0	4	1	4	2011	3	3	2	7	7	3	1	7	1
J0581112	1450.35248077077	0	5	1	4	2011	1	1	1	7	7	3	1	7	-9
J0581204	1345.90538919825	0	5	1	4	2011	1	1	1	7	7	3	1	1	-9
J0581205	1857.02604521207	1	1	1	4	2011	2	2	1	7	7	3	1	5	3
J0581206	1265.80070120569	1	1	1	4	2011	3	3	2	7	7	3	2	4	1
J0581207	1699.66816953036	1	1	1	4	2011	1	1	1	7	7	3	4	8	-9
J0581210	1610.49609045968	0	4	1	4	2011	2	2	1	7	7	3	2	10	3
J0581211	1733.86228026465	0	5	1	4	2011	1	1	1	7	7	3	3	7	-9
J0581301	1588.21457752622	1	1	1	5	2011	2	2	1	7	7	3	1	3	3
J0581302	1640.78384737128	0	5	1	5	2011	1	1	1	7	7	3	1	2	-9
J0581305	1564.69362100196	1	1	1	5	2011	1	1	1	7	7	3	1	9	-9
J0581307	3023.01903568651	0	4	1	5	2011	1	1	1	7	7	3	1	8	-9
J0581311	2105.81656852321	0	5	1	5	2011	1	1	1	7	7	3	1	4	-9
J0581403	1424.8748586708	0	4	1	5	2011	2	2	1	7	7	3	1	2	3
J0581406	1321.95702362712	0	5	1	5	2011	1	1	1	7	7	3	1	7	-9
J0581407	1554.90238173364	1	1	1	5	2011	1	1	1	7	7	3	1	6	-9
J0581409	1202.08825320995	0	4	1	5	2011	4	4	2	7	7	3	1	4	2
J0581410	1644.33483315489	0	4	1	5	2011	2	2	1	7	7	3	1	4	3
J0581411	1758.55137199862	0	5	1	5	2011	1	1	1	7	7	3	1	5	-9
J0582103	872.906595119102	0	5	2	7	2011	1	1	1	7	7	3	1	4	-9
J0582104	3152.08318048229	1	1	2	7	2011	2	2	1	7	7	3	1	4	3
J0582105	1499.68127070182	1	1	2	7	2011	1	1	1	7	7	3	1	3	-9
J0582108	2474.68523830254	0	5	2	7	2011	1	1	1	7	7	3	1	9	-9
J0582109	5933.46580524242	1	1	2	7	2011	2	2	1	7	7	3	1	9	3
J0582110	1735.22733148354	0	5	2	7	2011	1	1	1	7	7	3	1	7	-9
J0582201	5029.559351748	1	1	2	7	2011	2	2	1	7	7	3	1	7	3
J0582203	1492.68420998123	0	4	2	7	2011	1	1	1	7	7	3	1	5	-9
J0582204	4514.83598109458	0	5	2	7	2011	1	1	1	7	7	3	1	8	-9
J0582205	1881.58586513454	1	1	2	7	2011	1	1	1	7	7	3	1	5	-9
J0582206	1815.45598326355	1	1	2	7	2011	4	4	2	7	7	3	1	3	2
J0582207	4236.98703694807	0	4	2	7	2011	1	1	1	7	7	3	1	4	-9
J0582209	1101.05194830796	1	1	2	7	2011	2	2	1	7	7	3	1	5	3
J0582210	1756.4629493767	0	5	2	7	2011	1	1	1	7	7	3	1	8	-9
J0582211	7011.61879626223	1	1	2	7	2011	2	2	1	7	7	3	1	10	3
J0582301	1821.31309674702	0	5	2	8	2011	1	1	1	7	7	3	3	9	-9
J0582302	2136.52289345743	0	4	2	8	2011	3	3	2	7	7	3	1	2	1
J0582309	1655.02652249285	0	5	2	8	2011	1	1	1	7	7	3	1	10	-9
J0582310	1728.27433208966	0	4	2	8	2011	2	2	1	7	7	3	1	8	3
J0582311	1935.46043553376	0	4	2	8	2011	1	1	1	7	7	3	3	6	-9
J0582403	2326.56937424061	0	5	2	8	2011	1	1	1	7	7	3	1	4	-9
J0582404	2344.03503459015	1	1	2	8	2011	2	2	1	7	7	3	1	7	3
J0582406	3018.87548883266	0	4	2	8	2011	1	1	1	7	7	3	1	9	-9
J0582408	1698.28920655414	0	4	2	8	2011	1	1	1	7	7	3	1	6	-9
J0582409	2298.41750012445	0	5	2	8	2011	1	1	1	7	7	3	1	10	-9
J0582410	1405.05014995026	0	5	2	8	2011	1	1	1	7	7	3	1	10	-9
J0583101	1427.15727921413	1	1	3	10	2011	1	1	1	7	7	3	1	8	-9
J0583102	698.402526729046	0	5	3	10	2011	3	3	2	7	7	3	1	4	1
J0583103	5033.57492561898	0	4	3	10	2011	1	1	1	7	7	3	1	10	-9
J0583105	1356.0317294391	0	5	3	10	2011	2	2	1	7	7	3	1	7	5
J0583106	1339.53485472278	1	1	3	10	2011	4	4	2	7	7	3	1	6	2
J0583107	1449.71103652351	0	5	3	10	2011	1	1	1	7	7	3	1	3	-9
J0583202	2362.17644471072	0	5	3	10	2011	1	1	1	7	7	3	1	7	-9
J0583203	1370.58488320883	0	5	3	10	2011	1	1	1	7	7	3	1	10	-9
J0583204	1629.19666534482	1	1	3	10	2011	1	1	1	7	7	3	1	9	-9
J0583206	1677.94652283308	1	1	3	10	2011	1	1	1	7	7	3	1	9	-9
J0583208	1758.05811868749	1	1	3	10	2011	3	3	2	7	7	3	1	5	1
J0583209	998.576013794118	1	1	3	10	2011	3	3	2	7	7	3	1	5	1
J0583211	1255.97349731781	1	1	3	10	2011	1	1	1	7	7	3	1	7	-9
J0583304	2478.84213082792	0	4	3	11	2011	2	2	1	7	7	3	1	10	3
J0583309	1028.51345081645	1	1	3	11	2011	2	2	1	7	7	3	1	7	3
J0583311	2241.1801433092	0	5	3	11	2011	1	1	1	7	7	3	3	10	-9
J0583402	1521.77414817973	1	1	3	11	2011	1	1	1	7	7	3	1	10	-9
J0583404	2567.7005295811	1	1	3	11	2011	2	2	1	7	7	3	1	9	3
J0583407	1689.0333570996	0	4	3	11	2011	1	1	1	7	7	3	3	9	-9
J0583408	1714.07183316938	0	5	3	11	2011	1	1	1	7	7	3	1	10	-9
J0583409	2847.03308391557	0	5	3	11	2011	1	1	1	7	7	3	1	9	-9
J0583412	1584.73278299213	1	1	3	11	2011	1	1	1	7	7	3	1	10	-9
J0584105	1543.54050744009	0	4	4	1	2012	2	2	1	7	7	3	1	3	3
J0584106	1550.64039899834	0	4	4	1	2012	3	3	2	7	7	3	1	3	1
J0584108	837.365829732365	0	5	4	1	2012	4	4	2	7	7	3	1	1	2
J0584109	763.16965770849	0	4	4	1	2012	3	3	2	7	7	3	1	5	1
J0584110	1654.82734638638	0	5	4	1	2012	1	1	1	7	7	3	1	2	-9
J0584112	1526.05383373219	0	5	4	1	2012	1	1	1	7	7	3	1	1	-9
J0584113	1450.83214524484	0	5	4	1	2012	1	1	1	7	7	3	1	3	-9
J0584202	1593.09472029676	0	4	4	1	2012	2	2	1	7	7	3	1	6	3
J0584205	1821.27749246207	0	5	4	1	2012	1	1	1	7	7	3	1	8	-9
J0584208	1708.62272859132	0	4	4	1	2012	2	2	1	7	7	3	1	4	3
J0584302	4189.23693873308	0	4	4	2	2012	2	2	1	7	7	3	1	5	3
J0584306	1658.09587115607	0	5	4	2	2012	1	1	1	7	7	3	1	4	-9
J0584308	1657.76967848757	0	4	4	2	2012	4	4	2	7	7	3	1	8	2
J0584311	1526.42137947424	0	5	4	2	2012	1	1	1	7	7	3	2	9	-9
J0584402	1500.80620177654	0	5	4	2	2012	1	1	1	7	7	3	1	3	-9
J0584403	1490.30347793886	0	4	4	2	2012	1	1	1	7	7	3	1	6	-9
J0584404	1664.54192078891	0	5	4	2	2012	1	1	1	7	7	3	1	6	-9
J0584405	2088.47432784707	0	4	4	2	2012	2	2	1	7	7	3	1	3	3
J0584406	1461.87705967896	0	4	4	2	2012	1	1	1	7	7	3	1	3	-9
J0591102	1793.07853070998	0	4	1	4	2011	1	1	1	8	9	2	2	10	-9
J0591106	2270.52398349885	1	1	1	4	2011	1	1	1	8	9	2	2	7	-9
J0591109	1499.65131414681	1	1	1	4	2011	1	1	1	8	9	2	1	10	-9
J0591203	1771.68053451652	0	5	1	4	2011	1	1	1	8	9	2	1	10	-9
J0591207	2153.15443976478	1	1	1	4	2011	4	4	2	8	9	2	1	5	2
J0591208	1681.78868747521	0	4	1	4	2011	1	1	1	8	9	2	1	10	-9
J0591209	1283.80920721729	1	1	1	4	2011	4	4	2	8	9	2	1	5	2
J0591211	1733.37318872333	1	1	1	4	2011	1	1	1	8	9	2	1	9	-9
J0591301	1463.16853345681	1	1	1	5	2011	1	1	1	8	9	2	3	4	-9
J0591303	2402.00551288558	0	4	1	5	2011	4	4	2	8	9	2	3	8	2
J0591304	1668.47610452432	0	5	1	5	2011	1	1	1	8	9	2	4	8	-9
J0591305	1601.43124088251	1	1	1	5	2011	1	1	1	8	9	2	3	7	-9
J0591308	1899.34889635287	0	5	1	5	2011	1	1	1	8	9	2	1	2	-9
J0591403	1631.28106745609	1	1	1	5	2011	2	2	1	8	9	2	2	10	3
J0591404	1447.03134105491	1	1	1	5	2011	4	4	2	8	9	2	2	10	2
J0591405	1479.37353768153	0	4	1	5	2011	1	1	1	8	9	2	2	8	-9
J0591406	1493.25527731238	0	5	1	5	2011	1	1	1	8	9	2	1	10	-9
J0591409	1747.30232323437	1	1	1	5	2011	1	1	1	8	9	2	1	10	-9
J0591410	978.525483884557	0	5	1	5	2011	1	1	1	8	9	2	1	10	-9
J0592102	1386.79487044411	1	1	2	7	2011	1	1	1	8	9	2	1	10	-9
J0592104	1409.8926188494	1	1	2	7	2011	1	1	1	8	9	2	4	8	-9
J0592105	1850.5096481064	0	5	2	7	2011	1	1	1	8	9	2	2	10	-9
J0592106	921.340868375793	1	1	2	7	2011	4	4	2	8	9	2	1	10	2
J0592107	1410.03929084482	0	5	2	7	2011	1	1	1	8	9	2	1	5	-9
J0592108	1634.15543109356	0	5	2	7	2011	1	1	1	8	9	2	1	10	-9
J0592109	1568.28568372327	1	1	2	7	2011	1	1	1	8	9	2	1	8	-9
J0592202	2113.69690485805	0	5	2	7	2011	1	1	1	8	9	2	1	10	-9
J0592204	1651.47131379279	0	5	2	7	2011	1	1	1	8	9	2	1	10	-9
J0592205	2809.98311199106	1	1	2	7	2011	1	1	1	8	9	2	1	10	-9
J0592206	1757.36741798328	0	5	2	7	2011	1	1	1	8	9	2	1	8	-9
J0592207	1298.19006623985	1	1	2	7	2011	1	1	1	8	9	2	1	10	-9
J0592208	1591.297756024	0	5	2	7	2011	1	1	1	8	9	2	1	10	-9
J0592209	1322.4914874206	0	5	2	7	2011	1	1	1	8	9	2	1	9	-9
J0592301	2021.09371191882	0	5	2	8	2011	1	1	1	8	9	2	3	10	-9
J0592303	2261.52909156196	0	5	2	8	2011	1	1	1	8	9	2	1	10	-9
J0592304	1752.80516555819	1	1	2	8	2011	2	2	1	8	9	2	1	5	3
J0592306	2050.36881695046	1	1	2	8	2011	1	1	1	8	9	2	1	8	-9
J0592308	1115.65061236973	0	5	2	8	2011	1	1	1	8	9	2	1	5	-9
J0592310	1912.90549962632	1	1	2	8	2011	2	2	1	8	9	2	1	6	5
J0592311	1543.80160930171	0	4	2	8	2011	1	1	1	8	9	2	3	8	-9
J0592312	1660.47913457646	0	5	2	8	2011	1	1	1	8	9	2	3	9	-9
J0592401	735.752615606513	1	1	2	8	2011	2	2	1	8	9	2	3	10	4
J0592402	1491.70517043692	0	5	2	8	2011	1	1	1	8	9	2	3	10	-9
J0592404	1563.95761229881	0	5	2	8	2011	1	1	1	8	9	2	3	8	-9
J0592405	1764.57495142804	1	1	2	8	2011	1	1	1	8	9	2	2	5	-9
J0592406	1785.13288110672	0	5	2	8	2011	1	1	1	8	9	2	2	8	-9
J0592407	1522.34407017894	0	5	2	8	2011	1	1	1	8	9	2	4	10	-9
J0592408	1612.08249113262	0	4	2	8	2011	1	1	1	8	9	2	4	10	-9
J0592409	1398.22284357442	0	5	2	8	2011	1	1	1	8	9	2	4	10	-9
J0593101	1757.36741798328	0	5	3	10	2011	1	1	1	8	9	2	1	10	-9
J0593103	1414.69292881275	0	4	3	10	2011	1	1	1	8	9	2	1	4	-9
J0593104	1408.89938313867	0	5	3	10	2011	1	1	1	8	9	2	1	3	-9
J0593105	1374.78776861298	1	1	3	10	2011	1	1	1	8	9	2	1	9	-9
J0593106	1193.1014925866	0	5	3	10	2011	1	1	1	8	9	2	1	10	-9
J0593107	2068.82899713381	0	5	3	10	2011	1	1	1	8	9	2	1	10	-9
J0593109	1535.81382620565	0	5	3	10	2011	1	1	1	8	9	2	4	9	-9
J0593202	1498.6775919756	0	5	3	10	2011	1	1	1	8	9	2	1	10	-9
J0593203	1175.29607855797	1	1	3	10	2011	1	1	1	8	9	2	1	6	-9
J0593204	1276.31909190742	0	5	3	10	2011	1	1	1	8	9	2	1	9	-9
J0593208	1729.10736061702	0	4	3	10	2011	2	2	1	8	9	2	1	10	4
J0593212	2625.89702086601	0	5	3	10	2011	2	2	1	8	9	2	1	10	4
J0593302	1547.88090289309	0	5	3	11	2011	1	1	1	8	9	2	1	7	-9
J0593303	2318.45347565795	1	1	3	11	2011	2	2	1	8	9	2	1	7	3
J0593304	1954.11681197075	0	5	3	11	2011	1	1	1	8	9	2	1	5	-9
J0593307	1924.01101422304	0	5	3	11	2011	1	1	1	8	9	2	1	6	-9
J0593309	1502.48876879748	0	5	3	11	2011	1	1	1	8	9	2	1	5	-9
J0593310	1243.60244927373	1	1	3	11	2011	3	3	2	8	9	2	1	3	1
J0593401	1420.34544183586	0	5	3	11	2011	1	1	1	8	9	2	1	7	-9
J0593402	1359.61484485839	1	1	3	11	2011	1	1	1	8	9	2	1	5	-9
J0593403	2195.27790382948	0	5	3	11	2011	1	1	1	8	9	2	1	5	-9
J0593405	760.471599542738	1	1	3	11	2011	3	3	2	8	9	2	1	7	1
J0593406	1621.0283521362	0	5	3	11	2011	2	2	1	8	9	2	1	6	3
J0593407	1196.55100231944	1	1	3	11	2011	1	1	1	8	9	2	1	8	-9
J0593408	1101.25021674535	0	5	3	11	2011	1	1	1	8	9	2	1	4	-9
J0593409	1586.97788511236	1	1	3	11	2011	1	1	1	8	9	2	1	4	-9
J0594101	907.670311080206	1	1	4	1	2012	4	4	2	8	9	2	1	9	2
J0594102	2105.25883656326	1	1	4	1	2012	2	2	1	8	9	2	1	8	3
J0594103	1495.47569914915	0	5	4	1	2012	1	1	1	8	9	2	1	10	-9
J0594105	1595.69013770937	1	1	4	1	2012	2	2	1	8	9	2	1	10	3
J0594107	1480.30155173542	1	1	4	1	2012	1	1	1	8	9	2	1	5	-9
J0594201	1401.49806262337	0	4	4	1	2012	2	2	1	8	9	2	1	7	3
J0594202	654.385599429617	1	1	4	1	2012	3	3	2	8	9	2	1	3	1
J0594203	1224.07873123252	0	5	4	1	2012	1	1	1	8	9	2	1	5	-9
J0594206	2214.59611666058	0	5	4	1	2012	1	1	1	8	9	2	1	4	-9
J0594207	1357.49725587592	0	4	4	1	2012	1	1	1	8	9	2	1	9	-9
J0594208	1771.68472083427	0	5	4	1	2012	1	1	1	8	9	2	2	8	-9
J0594210	1342.78912779388	0	5	4	1	2012	1	1	1	8	9	2	3	9	-9
J0594211	1740.51934250787	0	5	4	1	2012	1	1	1	8	9	2	3	9	-9
J0594212	751.487104738523	1	1	4	1	2012	1	1	1	8	9	2	3	9	-9
J0594301	2350.34826781541	1	1	4	2	2012	2	2	1	8	9	2	2	10	5
J0594302	1960.15309957785	0	5	4	2	2012	1	1	1	8	9	2	3	7	-9
J0594303	1697.69080869684	1	1	4	2	2012	4	4	2	8	9	2	1	10	2
J0594304	2327.15067893301	1	1	4	2	2012	4	4	2	8	9	2	1	9	2
J0594309	1941.37639978718	0	5	4	2	2012	1	1	1	8	9	2	1	10	-9
J0594404	1704.43489359745	1	1	4	2	2012	1	1	1	8	9	2	2	10	-9
J0594406	2137.90780949036	1	1	4	2	2012	1	1	1	8	9	2	2	10	-9
J0594409	1945.71179043519	1	1	4	2	2012	4	4	2	8	9	2	1	10	2
J0594411	1203.90723235265	0	4	4	2	2012	1	1	1	8	9	2	3	10	-9
J0601102	1869.44899509729	1	1	1	4	2011	1	1	1	8	9	2	1	10	-9
J0601103	1580.8216465316	0	5	1	4	2011	1	1	1	8	9	2	1	10	-9
J0601106	2208.01662762814	1	1	1	4	2011	1	1	1	8	9	2	1	10	-9
J0601204	1336.78698773847	1	1	1	4	2011	1	1	1	8	9	2	2	9	-9
J0601205	1595.90109089618	1	1	1	4	2011	1	1	1	8	9	2	2	9	-9
J0601303	1351.59962645737	1	1	1	5	2011	1	1	1	8	9	2	1	10	-9
J0601305	1609.27150081141	0	4	1	5	2011	1	1	1	8	9	2	1	10	-9
J0601401	1414.47085744068	1	1	1	5	2011	1	1	1	8	9	2	1	10	-9
J0601403	1525.33145276167	1	1	1	5	2011	1	1	1	8	9	2	1	10	-9
J0601404	1441.5033786227	1	1	1	5	2011	1	1	1	8	9	2	1	10	-9
J0601406	1944.59678559942	1	1	1	5	2011	1	1	1	8	9	2	1	10	-9
J0602101	1367.9219456163	1	1	2	7	2011	1	1	1	8	9	2	1	6	-9
J0602103	2216.64603505972	1	1	2	7	2011	1	1	1	8	9	2	1	10	-9
J0602105	1731.51101412065	1	1	2	7	2011	2	2	1	8	9	2	1	9	3
J0602202	1979.96626382137	1	1	2	7	2011	1	1	1	8	9	2	1	8	-9
J0602203	3546.48932640513	1	1	2	7	2011	2	2	1	8	9	2	1	7	3
J0602204	1646.26043303604	1	1	2	7	2011	2	2	1	8	9	2	1	8	3
J0602205	2548.47908896216	0	5	2	7	2011	1	1	1	8	9	2	1	6	-9
J0602302	1222.31583455855	0	5	2	8	2011	1	1	1	8	9	2	1	10	-9
J0602303	1317.98518755649	1	1	2	8	2011	1	1	1	8	9	2	1	10	-9
J0602304	1829.69318046289	0	5	2	8	2011	1	1	1	8	9	2	1	10	-9
J0602401	1396.15015026959	0	5	2	8	2011	1	1	1	8	9	2	1	10	-9
J0602403	1198.92747155048	1	1	2	8	2011	4	4	2	8	9	2	1	8	2
J0602404	1974.77193276484	0	4	2	8	2011	2	2	1	8	9	2	1	10	5
J0602405	1337.07079642205	1	1	2	8	2011	1	1	1	8	9	2	1	10	-9
J0602406	1327.60698257206	0	5	2	8	2011	1	1	1	8	9	2	1	10	-9
J0602407	2304.83389396008	0	4	2	8	2011	1	1	1	8	9	2	1	9	-9
J0603101	1620.8756621259	1	1	3	10	2011	2	2	1	8	9	2	1	9	3
J0603102	1520.36550643802	0	4	3	10	2011	2	2	1	8	9	2	1	10	3
J0603106	1513.07410719379	1	1	3	10	2011	2	2	1	8	9	2	4	9	3
J0603302	2311.10016954077	0	4	3	11	2011	2	2	1	8	9	2	1	8	5
J0603303	3314.11612434676	1	1	3	11	2011	2	2	1	8	9	2	1	9	3
J0603305	2049.4302365856	1	1	3	11	2011	4	4	2	8	9	2	1	6	2
J0603401	1028.25672776565	1	1	3	11	2011	1	1	1	8	9	2	1	9	-9
J0603402	1475.62039095775	0	4	3	11	2011	4	4	2	8	9	2	1	9	2
J0603404	2374.69646540691	0	5	3	11	2011	1	1	1	8	9	2	1	6	-9
J0603405	988.556227610889	1	1	3	11	2011	4	4	2	8	9	2	1	5	2
J0603407	1505.40143702395	0	5	3	11	2011	4	4	2	8	9	2	1	4	2
J0604101	1651.6897167727	0	5	4	1	2012	1	1	1	8	9	2	2	10	-9
J0604104	1499.75273132884	0	5	4	1	2012	1	1	1	8	9	2	2	10	-9
J0604105	2569.06713284759	0	4	4	1	2012	1	1	1	8	9	2	2	10	-9
J0604201	1439.98736957543	0	5	4	1	2012	1	1	1	8	9	2	1	10	-9
J0604202	1712.14769385617	1	1	4	1	2012	3	3	2	8	9	2	1	5	1
J0604204	1799.34686288441	1	1	4	1	2012	1	1	1	8	9	2	1	9	-9
J0604205	1708.87915266625	1	1	4	1	2012	4	4	2	8	9	2	1	8	2
J0604206	1628.10121772482	0	5	4	1	2012	1	1	1	8	9	2	1	8	-9
J0604301	2791.76568512693	1	1	4	2	2012	2	2	1	8	9	2	3	9	3
J0604302	1589.84982024391	0	4	4	2	2012	1	1	1	8	9	2	1	10	-9
J0604303	828.469810764263	1	1	4	2	2012	4	4	2	8	9	2	1	6	2
J0604304	1102.97192233945	0	4	4	2	2012	3	3	2	8	9	2	1	5	1
J0604305	1413.8705552582	0	5	4	2	2012	1	1	1	8	9	2	1	10	-9
J0604306	1620.36897751375	0	5	4	2	2012	1	1	1	8	9	2	1	10	-9
J0604307	2486.10201449149	0	4	4	2	2012	1	1	1	8	9	2	1	10	-9
J0604308	1888.78503437704	0	5	4	2	2012	1	1	1	8	9	2	1	10	-9
J0604401	2315.2468919931	1	1	4	2	2012	1	1	1	8	9	2	1	9	-9
J0604404	2431.9493612738	1	1	4	2	2012	4	4	2	8	9	2	1	10	2
J0604405	2406.3312394606	0	5	4	2	2012	1	1	1	8	9	2	1	10	-9
J0604406	2446.98217093512	1	1	4	2	2012	1	1	1	8	9	2	1	10	-9
J0604407	3234.34949583292	0	5	4	2	2012	1	1	1	8	9	2	1	10	-9
J0611103	1899.51999919122	1	1	1	4	2011	2	2	1	8	9	2	3	7	4
J0611105	2113.19013031057	1	1	1	4	2011	1	1	1	8	9	2	4	8	-9
J0611107	1490.21747313772	1	1	1	4	2011	1	1	1	8	9	2	2	9	-9
J0611108	1381.79325916705	0	5	1	4	2011	1	1	1	8	9	2	3	10	-9
J0611301	1433.57646809565	1	1	1	5	2011	4	4	2	8	9	2	1	5	2
J0611302	953.336788132195	1	1	1	5	2011	4	4	2	8	9	2	1	5	2
J0611303	1345.08328143467	0	5	1	5	2011	1	1	1	8	9	2	1	6	-9
J0611304	805.924788085167	1	1	1	5	2011	4	4	2	8	9	2	1	7	2
J0611305	1434.60149785366	0	5	1	5	2011	1	1	1	8	9	2	1	10	-9
J0611307	1096.17886667216	0	5	1	5	2011	1	1	1	8	9	2	1	7	-9
J0611309	1991.23919047963	0	4	1	5	2011	1	1	1	8	9	2	1	2	-9
J0611403	1803.71002303752	1	1	1	5	2011	4	4	2	8	9	2	1	4	2
J0611406	3484.57195901244	1	1	1	5	2011	4	4	2	8	9	2	1	5	2
J0611407	2001.27666238447	1	1	1	5	2011	1	1	1	8	9	2	4	7	-9
J0612102	978.556649747772	1	1	2	7	2011	2	2	1	8	9	2	1	2	3
J0612103	1461.80187236371	1	1	2	7	2011	1	1	1	8	9	2	1	6	-9
J0612105	1319.02475569468	1	1	2	7	2011	1	1	1	8	9	2	1	8	-9
J0612109	1829.56004209248	0	5	2	7	2011	1	1	1	8	9	2	1	6	-9
J0612203	2252.17015600001	1	1	2	7	2011	2	2	1	8	9	2	1	5	3
J0612204	1400.94160416588	0	5	2	7	2011	1	1	1	8	9	2	1	3	-9
J0612206	2109.35436678472	0	5	2	7	2011	1	1	1	8	9	2	1	2	-9
J0612301	694.388843584328	0	4	2	8	2011	2	2	1	8	9	2	1	10	3
J0612302	1544.46356562012	0	5	2	8	2011	1	1	1	8	9	2	1	9	-9
J0612303	1342.83760433515	1	1	2	8	2011	1	1	1	8	9	2	1	10	-9
J0612304	1455.76295457852	0	5	2	8	2011	1	1	1	8	9	2	1	10	-9
J0612306	1570.06496369531	1	1	2	8	2011	1	1	1	8	9	2	1	10	-9
J0612308	1650.76733023976	1	1	2	8	2011	1	1	1	8	9	2	1	6	-9
J0612401	1252.31644375877	0	5	2	8	2011	1	1	1	8	9	2	1	4	-9
J0612402	1967.30996752266	0	4	2	8	2011	2	2	1	8	9	2	1	3	3
J0612403	1796.99072138297	0	4	2	8	2011	2	2	1	8	9	2	1	4	4
J0612405	2244.8653871503	0	5	2	8	2011	1	1	1	8	9	2	1	9	-9
J0613107	1646.64153036717	0	4	3	10	2011	2	2	1	8	9	2	1	4	5
J0613108	1456.91296976958	0	5	3	10	2011	1	1	1	8	9	2	1	8	-9
J0613205	1750.41887637721	0	5	3	10	2011	1	1	1	8	9	2	1	4	-9
J0613206	1782.16257494813	1	1	3	10	2011	2	2	1	8	9	2	1	6	5
J0613207	1330.14028567036	1	1	3	10	2011	1	1	1	8	9	2	1	4	-9
J0613210	789.216118628827	0	5	3	10	2011	1	1	1	8	9	2	1	3	-9
J0613211	2600.08754322854	0	5	3	10	2011	1	1	1	8	9	2	1	8	-9
J0613302	1852.28202467618	0	5	3	11	2011	1	1	1	8	9	2	1	5	-9
J0613309	1877.2427354122	0	5	3	11	2011	1	1	1	8	9	2	1	2	-9
J0613402	1406.60628108384	0	5	3	11	2011	1	1	1	8	9	2	1	2	-9
J0613403	2725.02804724953	0	4	3	11	2011	1	1	1	8	9	2	1	5	-9
J0613404	2906.93600839961	0	5	3	11	2011	1	1	1	8	9	2	1	3	-9
J0613406	2449.56099397211	0	5	3	11	2011	1	1	1	8	9	2	1	8	-9
J0614101	1625.50005037547	1	1	4	1	2012	4	4	2	8	9	2	1	5	2
J0614102	1669.12623687382	0	5	4	1	2012	1	1	1	8	9	2	1	8	-9
J0614104	1797.28481135003	0	5	4	1	2012	1	1	1	8	9	2	1	7	-9
J0614105	1330.18333388829	0	4	4	1	2012	4	4	2	8	9	2	1	9	2
J0614106	1408.50478278918	1	1	4	1	2012	4	4	2	8	9	2	1	8	2
J0614107	2146.90992515316	0	5	4	1	2012	1	1	1	8	9	2	1	7	-9
J0614201	1701.06787775735	1	1	4	1	2012	1	1	1	8	9	2	1	10	-9
J0614203	1614.69633182684	0	5	4	1	2012	1	1	1	8	9	2	3	10	-9
J0614205	1654.53508546272	0	5	4	1	2012	1	1	1	8	9	2	1	10	-9
J0614206	1212.40152556588	1	1	4	1	2012	1	1	1	8	9	2	3	7	-9
J0614207	863.54410686144	1	1	4	1	2012	2	2	1	8	9	2	4	7	3
J0614208	2921.98750047337	0	5	4	1	2012	1	1	1	8	9	2	3	9	-9
J0614209	1611.60011825614	0	4	4	1	2012	1	1	1	8	9	2	3	9	-9
J0614210	1128.74212884101	0	4	4	1	2012	4	4	2	8	9	2	3	9	2
J0614302	819.287964257403	1	1	4	2	2012	4	4	2	8	9	2	1	4	2
J0614303	1239.10306207767	0	5	4	2	2012	1	1	1	8	9	2	1	8	-9
J0614304	684.966482779816	1	1	4	2	2012	4	4	2	8	9	2	2	7	2
J0614305	1455.75361925872	0	5	4	2	2012	1	1	1	8	9	2	2	7	-9
J0614306	2377.86328853113	1	1	4	2	2012	2	2	1	8	9	2	2	8	3
J0614307	1355.53557420681	1	1	4	2	2012	1	1	1	8	9	2	2	10	-9
J0614401	1082.13217552072	1	1	4	2	2012	3	3	2	8	9	2	1	4	1
J0614402	873.333993994765	1	1	4	2	2012	2	2	1	8	9	2	1	2	3
J0614404	1407.22226712217	1	1	4	2	2012	3	3	2	8	9	2	1	6	1
J0614406	1655.79369182926	1	1	4	2	2012	1	1	1	8	9	2	1	10	-9
J0614407	1623.145985712	0	5	4	2	2012	1	1	1	8	9	2	1	7	-9
J0621101	1338.02811098917	0	5	1	4	2011	1	1	1	6	10	3	1	9	-9
J0621102	1499.43184401919	0	4	1	4	2011	1	1	1	6	10	3	1	9	-9
J0621103	1275.39465553572	1	1	1	4	2011	3	3	2	6	10	3	1	9	1
J0621104	1286.49054058347	1	1	1	4	2011	1	1	1	6	10	3	1	10	-9
J0621105	2249.11386877548	0	5	1	4	2011	1	1	1	6	10	3	1	8	-9
J0621106	1707.84878445715	0	4	1	4	2011	1	1	1	6	10	3	1	9	-9
J0621107	736.600840372883	1	1	1	4	2011	3	3	2	6	10	3	1	2	1
J0621108	659.842372451567	0	5	1	4	2011	1	1	1	6	10	3	1	2	-9
J0621109	1193.13903767214	1	1	1	4	2011	1	1	1	6	10	3	1	6	-9
J0621110	1440.62015036911	0	5	1	4	2011	1	1	1	6	10	3	1	4	-9
J0621111	773.479561693674	0	4	1	4	2011	4	4	2	6	10	3	1	5	2
J0621204	1828.30312185771	1	1	1	4	2011	2	2	1	6	10	3	1	2	5
J0621205	1232.19426682951	0	5	1	4	2011	1	1	1	6	10	3	1	5	-9
J0621209	1765.03023022142	1	1	1	4	2011	2	2	1	6	10	3	1	9	3
J0621303	1288.02775911823	1	1	1	5	2011	1	1	1	6	10	3	1	6	-9
J0621305	1657.09028946142	0	5	1	5	2011	1	1	1	6	10	3	1	8	-9
J0621306	1412.44709320928	0	4	1	5	2011	3	3	2	6	10	3	1	1	1
J0621310	1155.88820973382	1	1	1	5	2011	3	3	2	6	10	3	1	1	1
J0621311	674.546086297103	1	1	1	5	2011	4	4	2	6	10	3	1	1	2
J0621312	1810.27958051383	0	4	1	5	2011	2	2	1	6	10	3	1	8	5
J0621404	1810.73860403724	0	5	1	5	2011	1	1	1	6	10	3	1	8	-9
J0621405	1873.17068988664	0	4	1	5	2011	2	2	1	6	10	3	1	10	4
J0621407	1140.43193028565	1	1	1	5	2011	3	3	2	6	10	3	1	7	1
J0621411	1511.17050180143	1	1	1	5	2011	1	1	1	6	10	3	2	7	-9
J0622101	973.229202281984	1	1	2	7	2011	3	3	2	6	10	3	1	4	1
J0622102	1446.97115179444	0	4	2	7	2011	2	2	1	6	10	3	3	9	3
J0622103	1770.49763378839	1	1	2	7	2011	1	1	1	6	10	3	1	9	-9
J0622109	1038.44987426787	0	4	2	7	2011	1	1	1	6	10	3	3	8	-9
J0622112	1611.30342535019	0	4	2	7	2011	1	1	1	6	10	3	2	9	-9
J0622201	1800.8674224828	1	1	2	7	2011	2	2	1	6	10	3	2	8	3
J0622203	1208.23522655658	0	5	2	7	2011	1	1	1	6	10	3	3	7	-9
J0622206	1211.55290459633	1	1	2	7	2011	1	1	1	6	10	3	4	6	-9
J0622207	863.791318509159	1	1	2	7	2011	2	2	1	6	10	3	3	9	4
J0622208	1348.23933591713	0	5	2	7	2011	1	1	1	6	10	3	2	5	-9
J0622209	1424.64669945858	1	1	2	7	2011	1	1	1	6	10	3	2	9	-9
J0622210	919.384792469223	0	4	2	7	2011	4	4	2	6	10	3	2	5	2
J0622211	870.909441606334	0	4	2	7	2011	3	3	2	6	10	3	2	5	1
J0622301	1395.18269654284	0	5	2	8	2011	1	1	1	6	10	3	1	9	-9
J0622304	1489.26997366974	1	1	2	8	2011	1	1	1	6	10	3	3	9	-9
J0622307	1537.57751072105	0	5	2	8	2011	1	1	1	6	10	3	3	10	-9
J0622312	1476.60529426696	0	5	2	8	2011	1	1	1	6	10	3	3	8	-9
J0622403	634.062073423407	1	1	2	8	2011	1	1	1	6	10	3	1	6	-9
J0622404	1487.40372376118	0	5	2	8	2011	1	1	1	6	10	3	1	8	-9
J0622405	1503.68267825733	1	1	2	8	2011	1	1	1	6	10	3	2	8	-9
J0622406	1599.77274608584	0	5	2	8	2011	1	1	1	6	10	3	3	7	-9
J0622407	1372.37932901267	0	5	2	8	2011	1	1	1	6	10	3	1	4	-9
J0622409	1263.44749691375	1	1	2	8	2011	4	4	2	6	10	3	2	6	2
J0622411	2616.14684295554	1	1	2	8	2011	4	4	2	6	10	3	1	7	2
J0623104	4026.47267932844	0	5	3	10	2011	1	1	1	6	10	3	2	10	-9
J0623105	1989.63979047141	0	5	3	10	2011	1	1	1	6	10	3	2	8	-9
J0623106	934.989801882545	1	1	3	10	2011	2	2	1	8	9	2	4	10	5
J0623108	1531.80507215591	1	1	3	10	2011	1	1	1	8	9	2	2	9	-9
J0623109	2002.49172824632	0	5	3	10	2011	1	1	1	8	9	2	2	6	-9
J0623110	1768.30948684434	0	4	3	10	2011	4	4	2	8	9	2	3	7	2
J0623202	1778.07576093972	0	5	3	10	2011	1	1	1	6	10	3	1	1	-9
J0623203	2705.64567095221	1	1	3	10	2011	3	3	2	6	10	3	1	1	1
J0623204	914.938138633285	0	4	3	10	2011	3	3	2	6	10	3	1	1	1
J0623205	793.370519537134	1	1	3	10	2011	4	4	2	6	10	3	1	2	2
J0623206	1671.7696164435	1	1	3	10	2011	1	1	1	6	10	3	1	6	-9
J0623207	1648.4039235569	0	5	3	10	2011	1	1	1	6	10	3	1	3	-9
J0623208	1315.54078288612	0	5	3	10	2011	1	1	1	6	10	3	1	10	-9
J0623211	1499.51370732884	0	4	3	10	2011	1	1	1	6	10	3	3	9	-9
J0623303	1590.83971793391	1	1	3	11	2011	1	1	1	6	10	3	1	10	-9
J0623304	847.641062072876	0	5	3	11	2011	1	1	1	6	10	3	1	5	-9
J0623305	1401.51906374961	0	5	3	11	2011	1	1	1	6	10	3	2	10	-9
J0623306	1375.20693748351	1	1	3	11	2011	1	1	1	6	10	3	2	10	-9
J0623309	1778.45207771574	0	5	3	11	2011	1	1	1	6	10	3	2	10	-9
J0623311	3911.86705144641	1	1	3	11	2011	1	1	1	6	10	3	2	10	-9
J0623313	778.257990672939	1	1	3	11	2011	3	3	2	6	10	3	1	2	1
J0623314	1450.31586053708	0	5	3	11	2011	1	1	1	6	10	3	1	9	-9
J0623404	717.790052610538	1	1	3	11	2011	3	3	2	6	10	3	1	5	1
J0623407	1693.1024810423	1	1	3	11	2011	1	1	1	6	10	3	1	8	-9
J0623410	1411.19249543307	0	5	3	11	2011	1	1	1	6	10	3	1	8	-9
J0623411	791.267141062148	0	5	3	11	2011	1	1	1	6	10	3	1	7	-9
J0624102	1550.71291892453	0	5	4	1	2012	1	1	1	8	9	2	2	9	-9
J0624103	1660.47913457646	0	5	4	1	2012	1	1	1	8	9	2	2	9	-9
J0624104	1332.9029703111	1	1	4	1	2012	1	1	1	8	9	2	1	10	-9
J0624106	1529.08913496976	1	1	4	1	2012	1	1	1	8	9	2	1	9	-9
J0624107	1474.8629109971	0	5	4	1	2012	1	1	1	8	9	2	1	10	-9
J0624108	1730.02999322299	0	5	4	1	2012	1	1	1	8	9	2	1	10	-9
J0624109	1830.34768137544	1	1	4	1	2012	1	1	1	8	9	2	1	8	-9
J0624110	1320.07521643482	0	5	4	1	2012	1	1	1	8	9	2	1	8	-9
J0624111	1357.6184437493	1	1	4	1	2012	1	1	1	8	9	2	1	9	-9
J0624201	1622.74914238903	0	5	4	1	2012	1	1	1	8	9	2	1	10	-9
J0624202	1686.61146399206	0	5	4	1	2012	1	1	1	8	9	2	1	6	-9
J0624203	743.954940069694	1	1	4	1	2012	1	1	1	8	9	2	1	5	-9
J0624207	873.039155486272	0	5	4	1	2012	1	1	1	8	9	2	1	6	-9
J0624208	1183.50638945001	1	1	4	1	2012	1	1	1	8	9	2	1	7	-9
J0624210	1512.07782048078	1	1	4	1	2012	4	4	2	8	9	2	1	10	2
J0624211	1686.45248254806	1	1	4	1	2012	2	2	1	8	9	2	1	6	3
J0624302	1303.36999024488	1	1	4	2	2012	2	2	1	8	9	2	1	10	4
J0624303	1131.23484767965	0	4	4	2	2012	1	1	1	8	9	2	1	10	-9
J0624305	1720.97564250868	0	5	4	2	2012	4	4	2	8	9	2	3	7	2
J0624306	1902.65229109704	1	1	4	2	2012	1	1	1	8	9	2	2	9	-9
J0624310	1662.85074251535	0	5	4	2	2012	1	1	1	8	9	2	2	10	-9
J0624311	1811.57092010216	1	1	4	2	2012	1	1	1	8	9	2	1	6	-9
J0624401	2476.71568120633	0	5	4	2	2012	1	1	1	8	9	2	2	6	-9
J0624402	3308.74817698629	0	4	4	2	2012	1	1	1	8	9	2	2	8	-9
J0624405	2543.76450434399	1	1	4	2	2012	2	2	1	8	9	2	1	8	3
J0624406	1985.49952817693	0	5	4	2	2012	1	1	1	8	9	2	1	8	-9
J0624407	2817.52830906592	1	1	4	2	2012	1	1	1	8	9	2	3	7	-9
J0624408	2594.72050852641	0	5	4	2	2012	1	1	1	8	9	2	4	9	-9
J0631101	1562.33439982859	0	5	1	4	2011	1	1	1	6	10	3	1	3	-9
J0631102	1442.60067453949	1	1	1	4	2011	1	1	1	6	10	3	1	7	-9
J0631105	1228.22538056595	1	1	1	4	2011	4	4	2	6	10	3	1	5	2
J0631106	850.70311759133	1	1	1	4	2011	1	1	1	6	10	3	1	4	-9
J0631109	1728.44698232378	1	1	1	4	2011	3	3	2	6	10	3	1	2	1
J0631111	1320.66648257096	1	1	1	4	2011	1	1	1	6	10	3	4	5	-9
J0631201	1365.71925272509	0	5	1	4	2011	1	1	1	6	10	3	1	6	-9
J0631204	1212.5673319023	1	1	1	4	2011	4	4	2	6	10	3	1	5	2
J0631302	1328.86414507685	0	5	1	5	2011	1	1	1	6	10	3	1	10	-9
J0631305	1334.10073931189	0	4	1	5	2011	1	1	1	6	10	3	1	10	-9
J0631306	1282.14464477877	0	5	1	5	2011	1	1	1	6	10	3	2	8	-9
J0631307	1737.84051138312	1	1	1	5	2011	2	2	1	6	10	3	1	10	3
J0631308	1215.45782739465	0	5	1	5	2011	1	1	1	6	10	3	1	6	-9
J0631310	1447.8454188322	0	5	1	5	2011	1	1	1	6	10	3	1	7	-9
J0631401	1385.006142138	1	1	1	5	2011	1	1	1	6	10	3	1	10	-9
J0631411	770.240542550687	1	1	1	5	2011	3	3	2	6	10	3	1	2	1
J0631412	765.777379039433	1	1	1	5	2011	4	4	2	6	10	3	1	2	2
J0631413	1639.99096284172	0	5	1	5	2011	1	1	1	6	10	3	1	9	-9
J0632101	755.808339823042	1	1	2	7	2011	4	4	2	6	10	3	1	4	2
J0632102	1611.06352058886	0	5	2	7	2011	1	1	1	6	10	3	1	9	-9
J0632103	1459.06485874161	1	1	2	7	2011	1	1	1	6	10	3	1	8	-9
J0632104	2359.27523337451	1	1	2	7	2011	4	4	2	6	10	3	1	6	2
J0632105	1536.10819117552	1	1	2	7	2011	1	1	1	6	10	3	1	9	-9
J0632106	1852.21048390414	0	5	2	7	2011	1	1	1	6	10	3	1	7	-9
J0632107	1307.78635444465	0	5	2	7	2011	1	1	1	6	10	3	1	10	-9
J0632108	1292.92908992639	1	1	2	7	2011	1	1	1	6	10	3	1	3	-9
J0632109	862.230317441667	0	5	2	7	2011	1	1	1	6	10	3	4	8	-9
J0632110	1212.81960593531	1	1	2	7	2011	1	1	1	6	10	3	1	10	-9
J0632111	1817.71935614793	1	1	2	7	2011	2	2	1	6	10	3	1	10	3
J0632112	1686.3465093743	1	1	2	7	2011	1	1	1	6	10	3	3	7	-9
J0632202	1288.05913283579	1	1	2	7	2011	1	1	1	6	10	3	1	10	-9
J0632204	1487.58261345125	0	4	2	7	2011	2	2	1	6	10	3	4	9	3
J0632205	1737.44588925337	1	1	2	7	2011	1	1	1	6	10	3	3	9	-9
J0632207	1855.65574842113	1	1	2	7	2011	1	1	1	6	10	3	2	8	-9
J0632209	1560.70375196548	1	1	2	7	2011	1	1	1	6	10	3	2	10	-9
J0632210	1440.04023310987	0	5	2	7	2011	1	1	1	6	10	3	2	10	-9
J0632302	1682.43914635243	0	5	2	8	2011	1	1	1	6	10	3	2	8	-9
J0632305	3452.63171467211	1	1	2	8	2011	1	1	1	6	10	3	1	10	-9
J0632306	1643.9765944502	1	1	2	8	2011	4	4	2	6	10	3	1	6	2
J0632307	6244.47036389035	1	1	2	8	2011	4	4	2	6	10	3	1	4	2
J0632308	1652.35863939922	1	1	2	8	2011	4	4	2	6	10	3	1	8	2
J0632309	1661.15629615552	0	5	2	8	2011	1	1	1	6	10	3	1	8	-9
J0632311	3891.99889767898	0	5	2	8	2011	1	1	1	6	10	3	1	9	-9
J0632401	1136.73520154898	1	1	2	8	2011	1	1	1	6	10	3	1	9	-9
J0632402	1480.66730079993	0	5	2	8	2011	1	1	1	6	10	3	1	9	-9
J0632403	1468.18595812587	1	1	2	8	2011	1	1	1	6	10	3	1	10	-9
J0632405	2168.01216969246	0	5	2	8	2011	1	1	1	6	10	3	1	5	-9
J0632407	1345.08003947269	0	5	2	8	2011	1	1	1	6	10	3	1	6	-9
J0632409	3626.52994910295	1	1	2	8	2011	4	4	2	6	10	3	1	6	2
J0632410	3127.78437034805	1	1	2	8	2011	2	2	1	6	10	3	1	10	3
J0633101	4706.71823281396	1	1	3	10	2011	4	4	2	6	10	3	3	8	2
J0633102	1870.76131387505	0	5	3	10	2011	1	1	1	6	10	3	2	5	-9
J0633104	1859.36287868532	0	5	3	10	2011	1	1	1	6	10	3	3	8	-9
J0633106	1279.03325255591	0	5	3	10	2011	1	1	1	6	10	3	3	10	-9
J0633108	1566.70045092474	1	1	3	10	2011	1	1	1	6	10	3	2	9	-9
J0633201	3759.34531485838	0	4	3	10	2011	2	2	1	6	10	3	3	8	5
J0633202	1512.69330106084	0	5	3	10	2011	1	1	1	6	10	3	2	8	-9
J0633207	2114.59676976255	0	5	3	10	2011	1	1	1	6	10	3	1	9	-9
J0633208	1430.25366429408	0	5	3	10	2011	1	1	1	6	10	3	1	9	-9
J0633209	1656.41724680292	1	1	3	10	2011	4	4	2	6	10	3	1	7	2
J0633301	1471.47307431084	1	1	3	11	2011	4	4	2	6	10	3	1	9	2
J0633302	1453.13176041134	0	5	3	11	2011	1	1	1	6	10	3	3	9	-9
J0633303	978.832145480462	0	4	3	11	2011	4	4	2	6	10	3	1	3	2
J0633304	1296.07558485043	1	1	3	11	2011	1	1	1	6	10	3	1	10	-9
J0633306	1718.77552007078	1	1	3	11	2011	1	1	1	6	10	3	4	9	-9
J0633307	1737.31539369221	1	1	3	11	2011	2	2	1	6	10	3	3	9	3
J0633309	1280.67771625664	1	1	3	11	2011	1	1	1	6	10	3	3	9	-9
J0633310	1998.83815730124	0	5	3	11	2011	1	1	1	6	10	3	1	9	-9
J0633401	1607.83084706185	1	1	3	11	2011	2	2	1	6	10	3	1	6	3
J0633402	1376.17899385045	0	5	3	11	2011	1	1	1	6	10	3	1	10	-9
J0633403	677.099146580342	1	1	3	11	2011	1	1	1	6	10	3	1	4	-9
J0633404	2817.67575753968	0	4	3	11	2011	2	2	1	6	10	3	1	4	3
J0633405	1422.20200638451	1	1	3	11	2011	1	1	1	6	10	3	1	9	-9
J0633406	708.742910849802	0	5	3	11	2011	1	1	1	6	10	3	1	4	-9
J0633407	1392.41126653554	0	5	3	11	2011	1	1	1	6	10	3	1	10	-9
J0633409	1276.27325057793	0	5	3	11	2011	1	1	1	6	10	3	1	10	-9
J0633410	1256.55000145119	1	1	3	11	2011	1	1	1	6	10	3	1	10	-9
J0634101	2144.67687755268	0	5	4	1	2012	1	1	1	6	10	3	1	10	-9
J0634104	1617.49633440711	0	4	4	1	2012	1	1	1	6	10	3	1	6	-9
J0634105	1566.31023509934	0	5	4	1	2012	1	1	1	6	10	3	1	9	-9
J0634106	1447.56506891361	0	5	4	1	2012	1	1	1	6	10	3	1	4	-9
J0634107	1579.75730605209	1	1	4	1	2012	1	1	1	6	10	3	1	9	-9
J0634108	1462.81479302082	0	5	4	1	2012	1	1	1	6	10	3	3	8	-9
J0634201	1574.92983801852	0	5	4	1	2012	2	2	1	6	10	3	1	9	3
J0634203	1479.54260083009	1	1	4	1	2012	2	2	1	6	10	3	1	10	3
J0634207	2345.01109525658	1	1	4	1	2012	1	1	1	6	10	3	1	6	-9
J0634208	1901.55890209093	0	5	4	1	2012	1	1	1	6	10	3	1	10	-9
J0634209	1520.44062433086	0	4	4	1	2012	1	1	1	6	10	3	1	10	-9
J0634210	1594.91119670504	0	5	4	1	2012	1	1	1	6	10	3	1	10	-9
J0634303	2340.87345624618	1	1	4	2	2012	2	2	1	6	10	3	1	10	3
J0634308	2302.04123792381	0	4	4	2	2012	4	4	2	6	10	3	1	8	2
J0634310	1953.61578071804	0	5	4	2	2012	1	1	1	6	10	3	3	9	-9
J0634311	1823.53539519371	0	5	4	2	2012	1	1	1	6	10	3	4	7	-9
J0634401	5262.09271949233	0	4	4	2	2012	2	2	1	6	10	3	1	10	3
J0634404	2284.52837316945	0	5	4	2	2012	1	1	1	6	10	3	1	10	-9
J0634405	1392.64923924101	0	5	4	2	2012	1	1	1	6	10	3	1	10	-9
J0634406	1902.13344354714	0	4	4	2	2012	1	1	1	6	10	3	2	9	-9
J0634407	4669.59059069731	0	4	4	2	2012	2	2	1	6	10	3	3	9	5
J0634409	1547.06676543297	0	5	4	2	2012	1	1	1	6	10	3	2	10	-9
J0641101	1583.11738340671	0	5	1	4	2011	1	1	1	6	10	3	3	10	-9
J0641102	1279.15988311633	1	1	1	4	2011	1	1	1	6	10	3	3	10	-9
J0641103	1260.31993208472	1	1	1	4	2011	4	4	2	6	10	3	2	10	2
J0641104	1437.57290820456	1	1	1	4	2011	1	1	1	6	10	3	3	8	-9
J0641105	4496.58128184862	0	5	1	4	2011	1	1	1	6	10	3	3	9	-9
J0641106	1170.36965343663	0	4	1	4	2011	1	1	1	6	10	3	3	9	-9
J0641107	1711.61189302022	0	5	1	4	2011	1	1	1	6	10	3	3	8	-9
J0641109	1324.29734431162	0	5	1	4	2011	1	1	1	6	10	3	1	10	-9
J0641110	1306.5777789752	1	1	1	4	2011	1	1	1	6	10	3	3	6	-9
J0641201	743.086267212207	1	1	1	4	2011	1	1	1	6	10	3	1	7	-9
J0641202	1398.6231364109	0	5	1	4	2011	1	1	1	6	10	3	1	10	-9
J0641203	1366.15707882577	0	4	1	4	2011	1	1	1	6	10	3	1	7	-9
J0641207	1285.3253050912	1	1	1	4	2011	2	2	1	6	10	3	1	7	3
J0641208	1331.98449308495	0	5	1	4	2011	1	1	1	6	10	3	2	10	-9
J0641209	1368.82699563004	1	1	1	4	2011	1	1	1	6	10	3	3	7	-9
J0641301	1200.7844064658	1	1	1	5	2011	1	1	1	6	10	3	3	9	-9
J0641303	2151.80444707974	1	1	1	5	2011	1	1	1	6	10	3	1	8	-9
J0641304	2062.81576127182	1	1	1	5	2011	2	2	1	6	10	3	1	7	3
J0641305	1459.06485874161	1	1	1	5	2011	1	1	1	6	10	3	1	9	-9
J0641306	1262.56167309365	0	5	1	5	2011	1	1	1	6	10	3	3	8	-9
J0641307	1363.6053708304	0	4	1	5	2011	1	1	1	6	10	3	3	8	-9
J0641401	1326.02187696798	1	1	1	5	2011	2	2	1	6	10	3	2	8	3
J0641403	1848.70951845662	0	5	1	5	2011	1	1	1	6	10	3	2	8	-9
J0641404	1063.72030261111	1	1	1	5	2011	1	1	1	6	10	3	2	8	-9
J0641405	1391.72838972325	0	5	1	5	2011	1	1	1	6	10	3	1	4	-9
J0641406	1669.72700704232	1	1	1	5	2011	1	1	1	6	10	3	1	8	-9
J0641407	1779.11107599521	1	1	1	5	2011	2	2	1	6	10	3	1	6	3
J0641408	1108.87586674444	1	1	1	5	2011	1	1	1	6	10	3	1	9	-9
J0642104	1753.44798872409	0	5	2	7	2011	1	1	1	6	10	3	1	6	-9
J0642105	1556.53248219148	1	1	2	7	2011	1	1	1	6	10	3	1	10	-9
J0642106	1467.09143054781	0	5	2	7	2011	1	1	1	6	10	3	4	9	-9
J0642107	1464.41528452807	1	1	2	7	2011	1	1	1	6	10	3	1	10	-9
J0642108	1450.47628342465	0	5	2	7	2011	1	1	1	6	10	3	2	9	-9
J0642109	1294.68127833743	0	4	2	7	2011	1	1	1	6	10	3	2	6	-9
J0642203	1997.54544370052	0	5	2	7	2011	1	1	1	6	10	3	1	5	-9
J0642204	1413.39012361926	1	1	2	7	2011	2	2	1	6	10	3	1	7	3
J0642205	715.331559170798	1	1	2	7	2011	4	4	2	6	10	3	1	5	2
J0642207	1673.64986168377	0	5	2	7	2011	1	1	1	6	10	3	1	9	-9
J0642208	1552.45786776553	1	1	2	7	2011	1	1	1	6	10	3	1	6	-9
J0642209	1767.95148422625	1	1	2	7	2011	2	2	1	6	10	3	1	9	3
J0642302	1253.13926359827	1	1	2	8	2011	1	1	1	6	10	3	1	6	-9
J0642304	1045.61294182685	1	1	2	8	2011	4	4	2	6	10	3	1	9	2
J0642309	1413.80238218784	0	4	2	8	2011	1	1	1	6	10	3	1	8	-9
J0642311	1392.64923924101	0	4	2	8	2011	1	1	1	6	10	3	1	9	-9
J0642312	1341.5694402879	0	5	2	8	2011	1	1	1	6	10	3	1	10	-9
J0642402	1110.42600420721	0	5	2	8	2011	1	1	1	6	10	3	1	9	-9
J0642405	1538.89232541708	0	5	2	8	2011	1	1	1	6	10	3	1	9	-9
J0642406	1269.90310603764	1	1	2	8	2011	1	1	1	6	10	3	1	9	-9
J0642407	2316.86731671223	0	5	2	8	2011	1	1	1	6	10	3	1	6	-9
J0643101	897.571370539498	1	1	3	10	2011	4	4	2	6	10	3	1	1	2
J0643103	1073.28970697312	0	5	3	10	2011	1	1	1	6	10	3	1	1	-9
J0643104	1557.68619281463	1	1	3	10	2011	1	1	1	6	10	3	1	3	-9
J0643105	2113.29329628102	0	5	3	10	2011	1	1	1	6	10	3	1	6	-9
J0643106	811.034257687408	1	1	3	10	2011	4	4	2	6	10	3	1	1	2
J0643107	1587.19178976435	0	5	3	10	2011	1	1	1	6	10	3	1	8	-9
J0643108	1912.67458452606	0	5	3	10	2011	1	1	1	6	10	3	1	7	-9
J0643109	1652.98382050257	1	1	3	10	2011	1	1	1	6	10	3	1	7	-9
J0643110	1435.7205261511	0	5	3	10	2011	1	1	1	6	10	3	1	8	-9
J0643202	2501.3241000682	0	4	3	10	2011	2	2	1	6	10	3	1	1	3
J0643207	1410.74033961613	0	5	3	10	2011	1	1	1	6	10	3	1	4	-9
J0643210	2017.95343509441	0	5	3	10	2011	1	1	1	6	10	3	1	4	-9
J0643211	895.350266500762	1	1	3	10	2011	2	2	1	6	10	3	1	1	3
J0643301	2392.22995937989	0	5	3	11	2011	1	1	1	6	10	3	1	4	-9
J0643302	805.478776890001	0	5	3	11	2011	1	1	1	6	10	3	1	4	-9
J0643305	1425.97637562355	1	1	3	11	2011	1	1	1	6	10	3	1	10	-9
J0643306	2243.85006998202	0	5	3	11	2011	1	1	1	6	10	3	1	7	-9
J0643307	1460.22684629704	0	5	3	11	2011	1	1	1	6	10	3	1	10	-9
J0643309	1305.63421380932	1	1	3	11	2011	2	2	1	6	10	3	1	8	3
J0643401	802.697238689693	0	4	3	11	2011	4	4	2	6	10	3	1	6	2
J0643403	1323.62741363849	0	5	3	11	2011	1	1	1	6	10	3	1	3	-9
J0643404	1450.87493614832	0	4	3	11	2011	1	1	1	6	10	3	1	9	-9
J0643407	1801.48690615709	0	5	3	11	2011	1	1	1	6	10	3	1	6	-9
J0643408	1338.4722648987	0	5	3	11	2011	1	1	1	6	10	3	1	6	-9
J0643411	1871.45367848605	1	1	3	11	2011	1	1	1	6	10	3	2	5	-9
J0644102	1498.55631523469	1	1	4	1	2012	1	1	1	6	10	3	1	9	-9
J0644104	1475.89740675297	1	1	4	1	2012	1	1	1	6	10	3	1	5	-9
J0644109	1353.80468181383	1	1	4	1	2012	1	1	1	6	10	3	1	9	-9
J0644110	2113.99085116349	0	5	4	1	2012	1	1	1	6	10	3	1	9	-9
J0644203	1006.76877719545	0	4	4	1	2012	2	2	1	6	10	3	1	3	3
J0644205	1019.45342928508	0	5	4	1	2012	1	1	1	6	10	3	1	5	-9
J0644206	1385.13271980024	1	1	4	1	2012	4	4	2	6	10	3	1	7	2
J0644208	1366.3936698948	1	1	4	1	2012	1	1	1	6	10	3	1	9	-9
J0644209	774.899181702836	0	5	4	1	2012	1	1	1	6	10	3	1	2	-9
J0644210	1621.71294363391	0	5	4	1	2012	1	1	1	6	10	3	1	10	-9
J0644301	2062.16590178099	0	5	4	2	2012	1	1	1	6	10	3	1	9	-9
J0644302	2854.87551817695	1	1	4	2	2012	1	1	1	6	10	3	1	8	-9
J0644304	1313.41888560848	1	1	4	2	2012	1	1	1	6	10	3	1	9	-9
J0644306	1219.50231752033	0	5	4	2	2012	1	1	1	6	10	3	1	10	-9
J0644307	2275.16466875327	1	1	4	2	2012	1	1	1	6	10	3	1	2	-9
J0644309	964.96012325421	1	1	4	2	2012	4	4	2	6	10	3	1	2	2
J0644311	1000.10243421833	0	4	4	2	2012	2	2	1	6	10	3	3	7	3
J0644401	803.621707904609	1	1	4	2	2012	4	4	2	6	10	3	1	5	2
J0644403	2245.74860863708	1	1	4	2	2012	1	1	1	6	10	3	1	9	-9
J0644404	2381.30388100006	1	1	4	2	2012	2	2	1	6	10	3	1	10	5
J0644405	1793.95251252472	0	5	4	2	2012	1	1	1	6	10	3	1	10	-9
J0644406	2387.28425197181	1	1	4	2	2012	1	1	1	6	10	3	1	6	-9
J0644408	2245.7555363702	1	1	4	2	2012	1	1	1	6	10	3	1	10	-9
J0644410	1317.61024326982	0	5	4	2	2012	1	1	1	6	10	3	1	10	-9
J0651102	4457.68606001894	1	1	1	4	2011	1	1	1	6	10	3	1	5	-9
J0651103	647.862123200006	1	1	1	4	2011	3	3	2	6	10	3	1	3	1
J0651104	718.060965927528	1	1	1	4	2011	3	3	2	6	10	3	1	2	1
J0651105	1342.05708383858	1	1	1	4	2011	3	3	2	6	10	3	1	2	1
J0651106	756.989713063337	1	1	1	4	2011	3	3	2	6	10	3	1	1	1
J0651109	3185.02502254071	1	1	1	4	2011	1	1	1	6	10	3	1	3	-9
J0651111	1602.3160223214	1	1	1	4	2011	1	1	1	6	10	3	1	4	-9
J0651112	4566.37070654277	0	5	1	4	2011	1	1	1	6	10	3	1	4	-9
J0651201	1950.29602069693	0	4	1	4	2011	2	2	1	6	10	3	1	6	4
J0651202	1062.52538900015	1	1	1	4	2011	3	3	2	6	10	3	1	1	1
J0651203	1008.30011647761	1	1	1	4	2011	2	2	1	6	10	3	1	1	5
J0651205	1584.73415326807	0	5	1	4	2011	1	1	1	6	10	3	1	3	-9
J0651206	2231.24453989946	1	1	1	4	2011	1	1	1	6	10	3	1	3	-9
J0651208	1507.79296312657	1	1	1	4	2011	1	1	1	6	10	3	1	4	-9
J0651210	928.514631993637	1	1	1	4	2011	3	3	2	6	10	3	1	3	1
J0651211	917.464586694205	0	5	1	4	2011	1	1	1	6	10	3	1	1	-9
J0651212	1375.84516853983	1	1	1	4	2011	1	1	1	6	10	3	1	7	-9
J0651302	1119.09575714387	1	1	1	5	2011	1	1	1	6	10	3	1	10	-9
J0651308	1492.70836510685	0	5	1	5	2011	1	1	1	6	10	3	1	9	-9
J0651309	1826.36452241408	1	1	1	5	2011	1	1	1	6	10	3	1	9	-9
J0651401	2138.22959228256	0	5	1	5	2011	1	1	1	6	10	3	1	5	-9
J0651402	3909.4670791638	1	1	1	5	2011	2	2	1	6	10	3	1	7	3
J0651403	832.405018817324	0	5	1	5	2011	1	1	1	6	10	3	1	2	-9
J0651404	1638.56119952832	1	1	1	5	2011	2	2	1	6	10	3	1	4	5
J0651405	1173.66750992142	1	1	1	5	2011	1	1	1	6	10	3	1	1	-9
J0651407	2498.64966855299	1	1	1	5	2011	1	1	1	6	10	3	1	8	-9
J0651408	3257.69309179462	1	1	1	5	2011	2	2	1	6	10	3	1	2	3
J0651409	1488.42159503151	1	1	1	5	2011	4	4	2	6	10	3	1	8	2
J0651410	1624.3616261853	0	5	1	5	2011	1	1	1	6	10	3	1	8	-9
J0651412	1508.08639278923	0	5	1	5	2011	1	1	1	6	10	3	1	10	-9
J0652105	1166.78324044691	1	1	2	7	2011	3	3	2	6	10	3	1	1	1
J0652108	930.616704934295	1	1	2	7	2011	1	1	1	6	10	3	1	3	-9
J0652109	1319.48744948104	0	4	2	7	2011	3	3	2	6	10	3	1	2	1
J0652110	767.026298706649	0	4	2	7	2011	2	2	1	6	10	3	1	1	3
J0652203	2321.87977076393	0	5	2	7	2011	1	1	1	6	10	3	1	5	-9
J0652204	1216.5074482696	0	5	2	7	2011	1	1	1	6	10	3	1	3	-9
J0652206	704.615770730729	0	5	2	7	2011	1	1	1	6	10	3	1	2	-9
J0652208	1456.11861931725	0	5	2	7	2011	1	1	1	6	10	3	1	4	-9
J0652305	1135.11123526433	0	5	2	8	2011	1	1	1	6	10	3	1	2	-9
J0652306	1063.21339132951	0	5	2	8	2011	1	1	1	6	10	3	1	4	-9
J0652309	745.007208159017	1	1	2	8	2011	3	3	2	6	10	3	1	3	1
J0652311	710.277796249027	1	1	2	8	2011	4	4	2	6	10	3	1	1	2
J0652401	951.480536540341	1	1	2	8	2011	2	2	1	6	10	3	1	1	5
J0652405	2433.89284453428	0	5	2	8	2011	1	1	1	6	10	3	1	4	-9
J0652409	1718.3552537026	0	5	2	8	2011	1	1	1	6	10	3	1	7	-9
J0652411	638.840436909112	1	1	2	8	2011	4	4	2	6	10	3	1	2	2
J0653102	840.501984761377	1	1	3	10	2011	3	3	2	6	10	3	1	4	1
J0653104	1444.38633732216	0	5	3	10	2011	1	1	1	6	10	3	1	7	-9
J0653106	1160.86715103678	0	5	3	10	2011	1	1	1	6	10	3	1	7	-9
J0653108	1226.97928930564	1	1	3	10	2011	2	2	1	6	10	3	1	5	3
J0653111	1675.86862496902	0	5	3	10	2011	3	3	2	6	10	3	1	1	1
J0653113	1646.51736248308	0	4	3	10	2011	3	3	2	6	10	3	1	1	1
J0653114	750.87596041131	1	1	3	10	2011	3	3	2	6	10	3	1	1	1
J0653115	832.030713102839	1	1	3	10	2011	3	3	2	6	10	3	1	1	1
J0653201	1479.27564855268	0	5	3	10	2011	1	1	1	6	10	3	1	2	-9
J0653204	1991.3658797531	0	5	3	10	2011	1	1	1	6	10	3	1	6	-9
J0653205	2452.11551175933	1	1	3	10	2011	1	1	1	6	10	3	1	7	-9
J0653206	1958.26611520448	0	5	3	10	2011	1	1	1	6	10	3	1	6	-9
J0653207	1904.55746274946	0	5	3	10	2011	1	1	1	6	10	3	1	1	-9
J0653208	6048.48604722903	1	1	3	10	2011	1	1	1	6	10	3	1	7	-9
J0653210	1462.37275080092	1	1	3	10	2011	1	1	1	6	10	3	1	6	-9
J0653301	1141.47551287095	1	1	3	11	2011	3	3	2	6	10	3	1	1	1
J0653303	1037.60703257343	1	1	3	11	2011	4	4	2	6	10	3	1	1	2
J0653304	1401.69758879144	1	1	3	11	2011	1	1	1	6	10	3	1	2	-9
J0653306	2318.64786072743	0	5	3	11	2011	1	1	1	6	10	3	1	2	-9
J0653308	1324.55817831372	1	1	3	11	2011	4	4	2	6	10	3	1	1	2
J0653310	1800.58346524718	0	5	3	11	2011	1	1	1	6	10	3	1	2	-9
J0653311	1060.65700993758	1	1	3	11	2011	3	3	2	6	10	3	1	1	1
J0653404	1351.88400345916	1	1	3	11	2011	3	3	2	6	10	3	1	5	1
J0653408	1503.53783751366	1	1	3	11	2011	1	1	1	6	10	3	1	7	-9
J0653409	1512.96227628108	0	5	3	11	2011	1	1	1	6	10	3	1	2	-9
J0653410	1772.9673946493	0	5	3	11	2011	1	1	1	6	10	3	1	5	-9
J0653411	872.162224050572	1	1	3	11	2011	2	2	1	6	10	3	1	3	3
J0654108	1960.12552293137	0	4	4	1	2012	1	1	1	6	10	3	1	9	-9
J0654109	1699.80850357409	0	5	4	1	2012	1	1	1	6	10	3	1	9	-9
J0654112	1051.99923438883	0	4	4	1	2012	2	2	1	6	10	3	1	9	5
J0654114	2301.69819536802	0	5	4	1	2012	1	1	1	6	10	3	1	9	-9
J0654204	5641.89587089083	0	4	4	1	2012	2	2	1	6	10	3	1	3	5
J0654205	5008.03205792687	0	5	4	1	2012	1	1	1	6	10	3	1	4	-9
J0654210	1863.08138440932	0	5	4	1	2012	1	1	1	6	10	3	1	9	-9
J0654308	2822.85188378695	1	1	4	2	2012	2	2	1	6	10	3	1	3	3
J0654310	3781.31556468355	1	1	4	2	2012	2	2	1	6	10	3	1	3	5
J0654314	1873.52561359265	1	1	4	2	2012	4	4	2	6	10	3	1	1	2
J0654315	799.467545016459	0	5	4	2	2012	4	4	2	6	10	3	1	1	2
J0654322	712.634135311355	1	1	4	2	2012	3	3	2	6	10	3	1	1	1
J0654401	4236.17982089455	1	1	4	2	2012	2	2	1	6	10	3	1	4	3
J0654403	2128.81365827164	0	5	4	2	2012	1	1	1	6	10	3	1	8	-9
J0654405	1830.94017542613	0	5	4	2	2012	1	1	1	6	10	3	1	7	-9
J0654407	5061.922255922	0	5	4	2	2012	1	1	1	6	10	3	1	7	-9
J0654408	1630.6724317784	0	5	4	2	2012	1	1	1	6	10	3	1	6	-9
J0654410	1699.0038767764	1	1	4	2	2012	2	2	1	6	10	3	1	4	3
J0661102	1198.10934879412	1	1	1	4	2011	3	3	2	6	10	3	1	3	1
J0661104	1526.10343013863	0	4	1	4	2011	2	2	1	6	10	3	1	7	3
J0661105	4521.29146544147	0	5	1	4	2011	1	1	1	6	10	3	1	6	-9
J0661107	2139.39693877885	0	5	1	4	2011	1	1	1	6	10	3	1	4	-9
J0661203	1465.33773879856	1	1	1	4	2011	1	1	1	6	10	3	1	6	-9
J0661204	1604.03352971159	0	5	1	4	2011	1	1	1	6	10	3	3	8	-9
J0661205	1178.28643594828	1	1	1	4	2011	3	3	2	6	10	3	2	9	1
J0661206	1278.16603571071	0	5	1	4	2011	1	1	1	6	10	3	2	10	-9
J0661208	1363.6053708304	0	5	1	4	2011	1	1	1	6	10	3	2	7	-9
J0661301	2212.24881871152	1	1	1	5	2011	1	1	1	6	10	3	1	6	-9
J0661302	1753.91231200111	0	5	1	5	2011	1	1	1	6	10	3	1	10	-9
J0661303	1919.82616829651	1	1	1	5	2011	1	1	1	6	10	3	1	4	-9
J0661304	5059.05074509622	0	4	1	5	2011	1	1	1	6	10	3	1	9	-9
J0661306	1299.10348576271	0	4	1	5	2011	1	1	1	6	10	3	1	7	-9
J0661308	5197.66008800803	1	1	1	5	2011	3	3	2	6	10	3	1	8	1
J0661309	1692.63980305149	0	5	1	5	2011	1	1	1	6	10	3	3	7	-9
J0661401	805.528241031513	1	1	1	5	2011	1	1	1	6	10	3	1	6	-9
J0661403	1395.82751917587	1	1	1	5	2011	1	1	1	6	10	3	4	10	-9
J0661404	2132.53613554224	0	5	1	5	2011	1	1	1	6	10	3	2	9	-9
J0661405	1477.32380533654	1	1	1	5	2011	1	1	1	6	10	3	2	10	-9
J0661409	1568.19495031392	0	5	1	5	2011	1	1	1	6	10	3	3	8	-9
J0662103	1787.06778823812	1	1	2	7	2011	1	1	1	6	10	3	1	7	-9
J0662105	4050.6468834706	0	5	2	7	2011	1	1	1	6	10	3	1	8	-9
J0662107	5349.87436909807	1	1	2	7	2011	2	2	1	6	10	3	1	5	3
J0662108	2176.5082845214	1	1	2	7	2011	1	1	1	6	10	3	3	8	-9
J0662109	1317.85092042561	0	5	2	7	2011	1	1	1	6	10	3	3	8	-9
J0662204	735.665251519228	1	1	2	7	2011	3	3	2	6	10	3	1	1	1
J0662205	2173.47198118222	1	1	2	7	2011	2	2	1	6	10	3	1	4	3
J0662208	662.155035300387	1	1	2	7	2011	4	4	2	6	10	3	1	2	2
J0662301	964.608557132839	1	1	2	8	2011	2	2	1	6	10	3	1	1	3
J0662302	1306.033428938	1	1	2	8	2011	2	2	1	6	10	3	1	1	5
J0662303	923.458742852068	0	4	2	8	2011	3	3	2	6	10	3	1	1	1
J0662305	1624.51923972164	1	1	2	8	2011	1	1	1	6	10	3	1	2	-9
J0662307	823.293916418189	1	1	2	8	2011	1	1	1	6	10	3	1	2	-9
J0662310	1637.50462478982	0	4	2	8	2011	2	2	1	6	10	3	1	2	5
J0662404	1864.95490148944	1	1	2	8	2011	1	1	1	6	10	3	1	1	-9
J0662406	1401.66226038161	0	4	2	8	2011	1	1	1	6	10	3	1	9	-9
J0662407	1578.34115008072	0	5	2	8	2011	1	1	1	6	10	3	1	10	-9
J0663103	1599.56493682514	1	1	3	10	2011	1	1	1	6	10	3	1	9	-9
J0663104	1816.12590580566	0	5	3	10	2011	1	1	1	6	10	3	1	9	-9
J0663106	2053.97738029862	0	5	3	10	2011	1	1	1	6	10	3	1	9	-9
J0663107	2864.81521424418	0	5	3	10	2011	1	1	1	6	10	3	1	7	-9
J0663202	2427.05131816768	0	5	3	10	2011	1	1	1	6	10	3	1	9	-9
J0663203	2661.1371898996	1	1	3	10	2011	1	1	1	6	10	3	1	9	-9
J0663204	1373.9894525269	0	5	3	10	2011	1	1	1	6	10	3	1	10	-9
J0663205	1343.53412125919	1	1	3	10	2011	1	1	1	6	10	3	1	10	-9
J0663206	2485.58956361468	0	5	3	10	2011	1	1	1	6	10	3	1	3	-9
J0663207	1576.64333344635	1	1	3	10	2011	3	3	2	6	10	3	1	3	1
J0663208	5094.78060895731	1	1	3	10	2011	1	1	1	6	10	3	1	5	-9
J0663301	1187.35382896112	0	4	3	11	2011	1	1	1	6	10	3	1	5	-9
J0663304	1675.41503310996	0	4	3	11	2011	1	1	1	6	10	3	1	7	-9
J0663306	773.708962903534	1	1	3	11	2011	3	3	2	6	10	3	1	1	1
J0663309	1647.21712850131	1	1	3	11	2011	1	1	1	6	10	3	1	9	-9
J0663402	1451.33156802797	1	1	3	11	2011	1	1	1	6	10	3	1	4	-9
J0663405	1596.49566122726	1	1	3	11	2011	2	2	1	6	10	3	1	4	5
J0663406	1659.4426277865	0	5	3	11	2011	1	1	1	6	10	3	1	7	-9
J0663408	1276.83424415716	1	1	3	11	2011	2	2	1	6	10	3	4	8	4
J0663410	1355.31973934592	0	4	3	11	2011	1	1	1	6	10	3	3	8	-9
J0663411	1393.80647824141	0	5	3	11	2011	1	1	1	6	10	3	4	10	-9
J0664101	788.385107377924	0	4	4	1	2012	1	1	1	6	10	3	2	3	-9
J0664102	1639.58057235731	0	5	4	1	2012	1	1	1	6	10	3	2	7	-9
J0664103	2178.16104667144	0	4	4	1	2012	1	1	1	6	10	3	2	3	-9
J0664104	950.055806197186	0	4	4	1	2012	4	4	2	6	10	3	2	3	2
J0664105	1415.77843142239	0	5	4	1	2012	1	1	1	6	10	3	3	6	-9
J0664108	1979.42879116466	0	4	4	1	2012	1	1	1	6	10	3	1	9	-9
J0664109	1102.07039579016	0	4	4	1	2012	2	2	1	6	10	3	3	8	4
J0664201	1561.14617038578	0	4	4	1	2012	2	2	1	6	10	3	4	5	5
J0664202	1819.26471532598	0	4	4	1	2012	1	1	1	6	10	3	3	6	-9
J0664204	1605.58767119351	1	1	4	1	2012	1	1	1	6	10	3	1	9	-9
J0664205	4688.54676531213	0	5	4	1	2012	1	1	1	6	10	3	3	6	-9
J0664206	1361.54694111048	0	5	4	1	2012	2	2	1	6	10	3	1	5	3
J0664207	1589.83593128121	0	4	4	1	2012	1	1	1	6	10	3	3	6	-9
J0664208	5502.62162841487	1	1	4	1	2012	4	4	2	6	10	3	3	6	2
J0664301	4228.80126924071	1	1	4	2	2012	1	1	1	6	10	3	1	6	-9
J0664304	1531.35588821762	1	1	4	2	2012	4	4	2	6	10	3	1	4	2
J0664306	1738.2654014776	1	1	4	2	2012	1	1	1	6	10	3	1	6	-9
J0664307	1178.4064523343	1	1	4	2	2012	4	4	2	6	10	3	3	6	2
J0664401	1749.7478802784	1	1	4	2	2012	2	2	1	6	10	3	2	6	3
J0664403	1397.79786864898	0	4	4	2	2012	2	2	1	6	10	3	3	5	4
J0664405	1582.63866251484	0	5	4	2	2012	2	2	1	6	10	3	2	7	3
J0671101	2324.6662628978	0	4	1	4	2011	1	1	1	5	6	3	3	5	-9
J0671102	969.565953860582	0	4	1	4	2011	4	4	2	5	6	3	3	6	2
J0671104	1469.82040077503	1	1	1	4	2011	4	4	2	5	6	3	3	6	2
J0671105	1344.85594080297	1	1	1	4	2011	1	1	1	5	6	3	3	5	-9
J0671107	1858.6074650445	0	5	1	4	2011	1	1	1	5	6	3	4	6	-9
J0671201	863.453246487825	1	1	1	4	2011	4	4	2	5	6	3	1	5	2
J0671203	1429.89605990423	1	1	1	4	2011	1	1	1	5	6	3	1	8	-9
J0671204	1444.05410676589	0	5	1	4	2011	1	1	1	5	6	3	4	6	-9
J0671301	1912.73916919911	1	1	1	5	2011	4	4	2	5	6	3	1	3	2
J0671305	704.786810801208	1	1	1	5	2011	1	1	1	5	6	3	1	2	-9
J0671307	1594.91646388386	0	4	1	5	2011	1	1	1	5	6	3	1	8	-9
J0671308	1787.82734523834	1	1	1	5	2011	1	1	1	5	6	3	1	8	-9
J0671309	2304.34574544807	0	5	1	5	2011	1	1	1	5	6	3	1	8	-9
J0671401	1136.61336539343	1	1	1	5	2011	4	4	2	5	6	3	1	3	2
J0671405	1042.68810630596	1	1	1	5	2011	4	4	2	5	6	3	1	3	2
J0672101	1928.40664376603	0	5	2	7	2011	1	1	1	5	6	3	1	4	-9
J0672103	1621.34572575295	0	5	2	7	2011	1	1	1	5	6	3	1	3	-9
J0672104	1489.37030453831	0	4	2	7	2011	1	1	1	5	6	3	1	6	-9
J0672105	2810.69995387708	0	5	2	7	2011	1	1	1	5	6	3	1	10	-9
J0672108	1662.03527745451	0	5	2	7	2011	1	1	1	5	6	3	1	3	-9
J0672201	1375.85415514778	1	1	2	7	2011	1	1	1	5	6	3	3	7	-9
J0672204	1784.10625976243	1	1	2	7	2011	2	2	1	5	6	3	2	8	3
J0672205	1596.99206532708	1	1	2	7	2011	2	2	1	5	6	3	2	8	3
J0672206	1777.00031943849	1	1	2	7	2011	2	2	1	5	6	3	2	4	3
J0672207	1529.67135839531	1	1	2	7	2011	4	4	2	5	6	3	3	6	2
J0672208	1624.34676002749	0	5	2	7	2011	1	1	1	5	6	3	2	8	-9
J0672301	1737.41434675394	0	5	2	8	2011	1	1	1	5	6	3	3	8	-9
J0672303	1446.43512304777	0	5	2	8	2011	1	1	1	5	6	3	3	7	-9
J0672304	1338.91844578727	0	5	2	8	2011	1	1	1	5	6	3	4	5	-9
J0672305	1713.40126458091	1	1	2	8	2011	1	1	1	5	6	3	4	5	-9
J0672307	1641.8656076865	1	1	2	8	2011	1	1	1	5	6	3	4	6	-9
J0672308	2653.08541003355	0	5	2	8	2011	1	1	1	5	6	3	4	5	-9
J0672402	1385.32435637275	0	5	2	8	2011	1	1	1	5	6	3	3	7	-9
J0672403	1831.97877590906	1	1	2	8	2011	2	2	1	5	6	3	4	6	3
J0672406	972.179867462398	1	1	2	8	2011	1	1	1	5	6	3	1	6	-9
J0672407	975.630309414999	1	1	2	8	2011	4	4	2	5	6	3	1	3	2
J0673101	1329.64174651822	0	5	3	10	2011	1	1	1	5	6	3	4	6	-9
J0673102	1645.64239581853	0	4	3	10	2011	1	1	1	5	6	3	4	6	-9
J0673103	1609.96700036405	0	5	3	10	2011	1	1	1	5	6	3	4	6	-9
J0673104	1381.1312411741	0	5	3	10	2011	1	1	1	5	6	3	3	9	-9
J0673202	2041.44836236496	0	5	3	10	2011	4	4	2	5	6	3	2	3	2
J0673207	1779.76578990416	0	5	3	10	2011	1	1	1	5	6	3	4	8	-9
J0673301	2195.9672309703	1	1	3	11	2011	1	1	1	5	6	3	3	5	-9
J0673302	874.002474939784	0	5	3	11	2011	1	1	1	5	6	3	1	2	-9
J0673303	2578.1292232846	0	5	3	11	2011	1	1	1	5	6	3	3	5	-9
J0673305	1686.90548458636	0	5	3	11	2011	1	1	1	5	6	3	3	5	-9
J0673306	1973.26891568162	1	1	3	11	2011	1	1	1	5	6	3	3	5	-9
J0673401	1119.34449951214	0	5	3	11	2011	1	1	1	5	6	3	3	5	-9
J0673402	1408.4910811595	1	1	3	11	2011	1	1	1	5	6	3	3	8	-9
J0673404	1552.53724486721	0	4	3	11	2011	1	1	1	5	6	3	4	7	-9
J0673406	647.345512410506	1	1	3	11	2011	4	4	2	5	6	3	1	2	2
J0673407	1428.67224342756	1	1	3	11	2011	1	1	1	5	6	3	1	6	-9
J0673409	2668.23638809458	1	1	3	11	2011	2	2	1	5	6	3	1	5	3
J0674102	1726.44961007316	0	5	4	1	2012	1	1	1	5	6	3	1	8	-9
J0674104	1540.42305737198	1	1	4	1	2012	1	1	1	5	6	3	1	9	-9
J0674106	1375.65674416612	1	1	4	1	2012	1	1	1	5	6	3	3	8	-9
J0674108	1354.16505867648	0	5	4	1	2012	1	1	1	5	6	3	3	7	-9
J0674201	1099.10278308426	1	1	4	1	2012	4	4	2	5	6	3	1	4	2
J0674202	1709.68971997668	0	5	4	1	2012	1	1	1	5	6	3	1	7	-9
J0674203	942.080657440814	1	1	4	1	2012	4	4	2	5	6	3	1	1	2
J0674205	1570.50855846105	1	1	4	1	2012	4	4	2	5	6	3	1	6	2
J0674206	807.910733509488	1	1	4	1	2012	4	4	2	5	6	3	1	1	2
J0674207	1089.66790684943	1	1	4	1	2012	4	4	2	5	6	3	1	4	2
J0674208	1505.03475970519	0	4	4	1	2012	1	1	1	5	6	3	1	8	-9
J0674301	1609.96700036405	1	1	4	2	2012	1	1	1	5	6	3	4	8	-9
J0674302	866.769941830894	0	5	4	2	2012	1	1	1	5	6	3	1	6	-9
J0674402	1496.172752238	0	5	4	2	2012	1	1	1	5	6	3	3	9	-9
J0674403	2374.38689407739	1	1	4	2	2012	1	1	1	5	6	3	1	7	-9
J0674404	1628.81617141968	0	5	4	2	2012	1	1	1	5	6	3	3	8	-9
J0674405	1473.09413910517	0	4	4	2	2012	1	1	1	5	6	3	4	9	-9
J0674406	1477.39698538327	0	5	4	2	2012	1	1	1	5	6	3	4	7	-9
J0681101	1803.68931517061	0	4	1	4	2011	1	1	1	5	6	3	3	7	-9
J0681102	1526.57223391581	0	5	1	4	2011	1	1	1	5	6	3	4	7	-9
J0681104	1263.24885024325	0	4	1	4	2011	1	1	1	5	6	3	3	7	-9
J0681105	989.852416455185	1	1	1	4	2011	4	4	2	5	6	3	3	3	2
J0681106	1818.66014767505	1	1	1	4	2011	1	1	1	5	6	3	3	6	-9
J0681107	1546.68065833317	0	5	1	4	2011	1	1	1	5	6	3	3	7	-9
J0681108	1407.31133064228	1	1	1	4	2011	2	2	1	5	6	3	2	10	5
J0681109	863.415185521814	0	5	1	4	2011	1	1	1	5	6	3	4	7	-9
J0681110	1610.67143887029	1	1	1	4	2011	1	1	1	5	6	3	3	10	-9
J0681204	2119.8884917945	1	1	1	4	2011	4	4	2	5	6	3	2	7	2
J0681205	1567.68134728145	1	1	1	4	2011	1	1	1	5	6	3	3	6	-9
J0681305	1003.47932023378	1	1	1	5	2011	1	1	1	5	6	3	1	3	-9
J0681306	1067.30731112631	1	1	1	5	2011	4	4	2	5	6	3	1	3	2
J0681307	1600.21510188822	1	1	1	5	2011	1	1	1	5	6	3	1	9	-9
J0681308	1416.62560946565	0	5	1	5	2011	1	1	1	5	6	3	2	6	-9
J0681309	856.820069261208	1	1	1	5	2011	4	4	2	5	6	3	2	6	2
J0681312	1217.62863063318	0	5	1	5	2011	1	1	1	5	6	3	4	6	-9
J0681401	1627.16509126168	1	1	1	5	2011	1	1	1	5	6	3	1	4	-9
J0681403	1329.66871964729	0	5	1	5	2011	1	1	1	5	6	3	1	8	-9
J0681404	1643.01376352555	1	1	1	5	2011	4	4	2	5	6	3	1	5	2
J0681405	1903.05575312643	1	1	1	5	2011	4	4	2	5	6	3	3	7	2
J0681406	1596.53253966414	1	1	1	5	2011	1	1	1	5	6	3	4	9	-9
J0682102	1383.96620575382	0	4	2	7	2011	2	2	1	5	6	3	4	5	3
J0682103	3268.77583466227	0	4	2	7	2011	2	2	1	5	6	3	4	4	4
J0682104	1227.71712045785	1	1	2	7	2011	1	1	1	5	6	3	1	4	-9
J0682105	2149.87727376329	0	5	2	7	2011	1	1	1	5	6	3	1	8	-9
J0682106	2727.76804280711	1	1	2	7	2011	1	1	1	5	6	3	1	8	-9
J0682107	1844.04784841252	0	5	2	7	2011	1	1	1	5	6	3	4	5	-9
J0682108	820.808699525057	0	4	2	7	2011	1	1	1	5	6	3	3	5	-9
J0682109	1566.2640061765	0	5	2	7	2011	1	1	1	5	6	3	4	9	-9
J0682201	1575.87402009831	1	1	2	7	2011	1	1	1	5	6	3	1	3	-9
J0682204	1442.90382505688	1	1	2	7	2011	2	2	1	5	6	3	1	7	5
J0682205	889.16801280985	1	1	2	7	2011	4	4	2	5	6	3	1	4	2
J0682206	1346.26342378369	0	4	2	7	2011	2	2	1	5	6	3	1	4	3
J0682207	755.041340835903	0	4	2	7	2011	4	4	2	5	6	3	1	2	2
J0682303	4259.46660284015	0	4	2	8	2011	2	2	1	5	6	3	1	2	5
J0682304	691.755283350065	1	1	2	8	2011	1	1	1	5	6	3	1	2	-9
J0682306	1599.44266775528	0	4	2	8	2011	1	1	1	5	6	3	1	9	-9
J0682311	1228.00676465235	1	1	2	8	2011	1	1	1	5	6	3	1	1	-9
J0682402	894.304003321391	1	1	2	8	2011	1	1	1	5	6	3	2	3	-9
J0682406	1687.24739114778	0	5	2	8	2011	1	1	1	5	6	3	1	6	-9
J0682407	1376.59052035476	1	1	2	8	2011	1	1	1	5	6	3	1	7	-9
J0682408	1877.37210037024	0	5	2	8	2011	1	1	1	5	6	3	1	8	-9
J0683103	1269.63362786499	1	1	3	10	2011	1	1	1	5	6	3	1	8	-9
J0683104	2244.75130594443	0	5	3	10	2011	1	1	1	5	6	3	1	8	-9
J0683105	1425.8798082839	0	5	3	10	2011	1	1	1	5	6	3	1	7	-9
J0683106	1493.82624801488	0	4	3	10	2011	1	1	1	5	6	3	1	7	-9
J0683108	1507.72734298607	1	1	3	10	2011	1	1	1	5	6	3	1	7	-9
J0683201	2678.48465061068	0	5	3	10	2011	2	2	1	5	6	3	1	4	3
J0683202	2072.03941132448	1	1	3	10	2011	1	1	1	5	6	3	1	5	-9
J0683203	1043.64705769179	0	5	3	10	2011	1	1	1	5	6	3	1	2	-9
J0683205	3217.44207403391	0	5	3	10	2011	1	1	1	5	6	3	1	4	-9
J0683207	987.871594352756	1	1	3	10	2011	4	4	2	5	6	3	1	4	2
J0683211	1340.04943612105	0	5	3	10	2011	2	2	1	5	6	3	1	3	5
J0683303	1496.04795765054	0	4	3	11	2011	2	2	1	5	6	3	1	8	3
J0683305	837.682016286615	1	1	3	11	2011	4	4	2	5	6	3	1	1	2
J0683307	676.672638327098	0	5	3	11	2011	4	4	2	5	6	3	1	1	2
J0683404	1837.06423372938	1	1	3	11	2011	1	1	1	5	6	3	1	9	-9
J0683407	1842.18743123422	0	4	3	11	2011	2	2	1	5	6	3	1	6	3
J0684103	1784.84582774816	1	1	4	1	2012	1	1	1	5	6	3	1	10	-9
J0684104	725.312028335015	1	1	4	1	2012	2	2	1	5	6	3	1	4	3
J0684106	864.070057066272	1	1	4	1	2012	4	4	2	5	6	3	1	1	2
J0684108	809.498906674979	0	4	4	1	2012	1	1	1	5	6	3	1	8	-9
J0684110	1814.68805317417	1	1	4	1	2012	1	1	1	5	6	3	1	6	-9
J0684201	735.5966087606	1	1	4	1	2012	4	4	2	5	6	3	3	5	2
J0684203	1623.57916836216	1	1	4	1	2012	1	1	1	5	6	3	4	6	-9
J0684205	1609.87277947847	1	1	4	1	2012	1	1	1	5	6	3	3	8	-9
J0684206	2072.11987705144	1	1	4	1	2012	4	4	2	5	6	3	1	5	2
J0684207	1173.5586691725	1	1	4	1	2012	4	4	2	5	6	3	1	4	2
J0684208	1498.97019633362	1	1	4	1	2012	4	4	2	5	6	3	1	6	2
J0684210	1087.95531563587	1	1	4	1	2012	1	1	1	5	6	3	1	3	-9
J0684211	1623.05176476365	0	5	4	1	2012	1	1	1	5	6	3	1	5	-9
J0684301	1292.21547100072	0	4	4	2	2012	1	1	1	5	6	3	2	9	-9
J0684304	1445.48895531534	0	5	4	2	2012	1	1	1	5	6	3	1	10	-9
J0684305	1483.79669508301	0	5	4	2	2012	1	1	1	5	6	3	1	10	-9
J0684401	1463.12518769182	0	5	4	2	2012	1	1	1	5	6	3	1	10	-9
J0684402	2213.30378445986	0	4	4	2	2012	1	1	1	5	6	3	1	5	-9
J0684403	1498.7695937455	0	5	4	2	2012	1	1	1	5	6	3	1	8	-9
J0684406	1254.12314449863	0	4	4	2	2012	4	4	2	5	6	3	1	1	2
J0684407	1592.74116994426	0	4	4	2	2012	4	4	2	5	6	3	1	1	2
J0684409	1864.5539550847	0	5	4	2	2012	1	1	1	5	6	3	1	1	-9
J0691104	954.70327433574	1	1	1	4	2011	4	4	2	6	10	3	3	7	2
J0691106	4272.82914223412	0	5	1	4	2011	1	1	1	6	10	3	2	10	-9
J0691108	4865.94623826721	1	1	1	4	2011	2	2	1	6	10	3	3	7	3
J0691201	1847.01270746225	1	1	1	4	2011	2	2	1	6	10	3	1	6	3
J0691203	724.395235771739	0	4	1	4	2011	4	4	2	6	10	3	1	3	2
J0691204	1336.85653660647	0	4	1	4	2011	2	2	1	6	10	3	1	4	3
J0691206	5457.70323074321	1	1	1	4	2011	2	2	1	6	10	3	1	9	3
J0691207	1621.67317878261	0	5	1	4	2011	1	1	1	6	10	3	1	7	-9
J0691208	2126.47095947255	1	1	1	4	2011	1	1	1	6	10	3	2	9	-9
J0691301	1435.29252700597	1	1	1	5	2011	1	1	1	6	10	3	2	9	-9
J0691302	1182.21264650764	0	5	1	5	2011	1	1	1	6	10	3	1	9	-9
J0691303	1568.88299370357	0	4	1	5	2011	1	1	1	6	10	3	1	9	-9
J0691307	1375.65387829119	0	4	1	5	2011	2	2	1	6	10	3	3	7	3
J0691308	1873.90930829243	0	4	1	5	2011	2	2	1	6	10	3	3	7	3
J0691401	2971.2273771633	0	5	1	5	2011	1	1	1	6	10	3	1	8	-9
J0691402	1326.38968653371	1	1	1	5	2011	1	1	1	6	10	3	1	8	-9
J0691403	1413.13138226483	0	5	1	5	2011	1	1	1	6	10	3	1	8	-9
J0691404	1503.13030483328	1	1	1	5	2011	1	1	1	6	10	3	1	8	-9
J0691405	1286.3832145241	0	5	1	5	2011	1	1	1	6	10	3	3	7	-9
J0691406	2528.97181693785	0	4	1	5	2011	1	1	1	6	10	3	4	6	-9
J0691408	1288.4992783646	0	4	1	5	2011	1	1	1	6	10	3	3	7	-9
J0692101	1220.75002618915	1	1	2	7	2011	1	1	1	6	10	3	1	8	-9
J0692103	1724.2370076399	1	1	2	7	2011	2	2	1	6	10	3	1	5	3
J0692104	1912.25984291185	0	5	2	7	2011	1	1	1	6	10	3	1	5	-9
J0692105	676.383339499668	1	1	2	7	2011	4	4	2	6	10	3	1	1	2
J0692106	684.713440563033	1	1	2	7	2011	3	3	2	6	10	3	1	2	1
J0692108	1833.30474835431	1	1	2	7	2011	1	1	1	6	10	3	1	4	-9
J0692110	1816.02491233733	1	1	2	7	2011	1	1	1	6	10	3	1	4	-9
J0692201	1765.66660340609	0	5	2	7	2011	1	1	1	6	10	3	1	3	-9
J0692202	1135.8612452537	0	4	2	7	2011	1	1	1	6	10	3	1	2	-9
J0692203	874.778532275816	0	4	2	7	2011	2	2	1	6	10	3	1	2	3
J0692204	1469.85873903664	1	1	2	7	2011	1	1	1	6	10	3	1	6	-9
J0692205	748.12557685447	1	1	2	7	2011	4	4	2	6	10	3	1	2	2
J0692206	1113.33992527882	0	5	2	7	2011	1	1	1	6	10	3	1	6	-9
J0692207	1552.52226872056	1	1	2	7	2011	2	2	1	6	10	3	1	2	3
J0692208	2148.91494612022	0	5	2	7	2011	1	1	1	6	10	3	1	9	-9
J0692209	906.858193280521	1	1	2	7	2011	2	2	1	6	10	3	1	1	3
J0692301	2007.66344403384	0	4	2	8	2011	1	1	1	6	10	3	2	9	-9
J0692302	790.561495644698	1	1	2	8	2011	4	4	2	6	10	3	4	5	2
J0692304	881.111006697288	0	5	2	8	2011	1	1	1	6	10	3	1	5	-9
J0692306	1157.38539782301	0	5	2	8	2011	1	1	1	6	10	3	1	4	-9
J0692307	1387.47433064005	1	1	2	8	2011	4	4	2	6	10	3	1	4	2
J0692308	1212.64579252132	0	5	2	8	2011	1	1	1	6	10	3	1	10	-9
J0692309	1282.24257248789	0	5	2	8	2011	1	1	1	6	10	3	1	10	-9
J0692310	1930.35079929082	0	4	2	8	2011	1	1	1	6	10	3	1	10	-9
J0692402	7003.72430282825	0	4	2	8	2011	1	1	1	6	10	3	1	6	-9
J0692405	1159.68625975421	1	1	2	8	2011	2	2	1	6	10	3	1	2	5
J0692406	1496.40811340781	1	1	2	8	2011	1	1	1	6	10	3	1	3	-9
J0692407	1965.97266569596	0	5	2	8	2011	1	1	1	6	10	3	2	9	-9
J0692408	3626.59850163489	1	1	2	8	2011	2	2	1	6	10	3	2	9	3
J0693103	1751.01884061351	1	1	3	10	2011	1	1	1	6	10	3	1	8	-9
J0693104	2105.39422426633	0	5	3	10	2011	1	1	1	6	10	3	1	5	-9
J0693106	2194.38460575784	1	1	3	10	2011	1	1	1	6	10	3	3	10	-9
J0693108	1076.44247337217	1	1	3	10	2011	3	3	2	6	10	3	1	2	1
J0693202	2001.92974631457	0	5	3	10	2011	1	1	1	6	10	3	1	9	-9
J0693204	5307.60101000335	0	4	3	10	2011	2	2	1	6	10	3	1	4	5
J0693207	2206.88647082988	0	5	3	10	2011	1	1	1	6	10	3	1	9	-9
J0693208	7014.97953305161	0	4	3	10	2011	2	2	1	6	10	3	1	8	3
J0693210	1347.34966633585	0	4	3	10	2011	1	1	1	6	10	3	1	5	-9
J0693301	1439.74033014339	1	1	3	11	2011	2	2	1	6	10	3	1	10	3
J0693305	1890.72767088209	0	5	3	11	2011	1	1	1	6	10	3	1	10	-9
J0693306	1648.7183709302	0	4	3	11	2011	1	1	1	6	10	3	1	10	-9
J0693307	1414.89952721492	0	5	3	11	2011	1	1	1	6	10	3	1	10	-9
J0693401	1480.50378685455	1	1	3	11	2011	2	2	1	6	10	3	1	5	4
J0693403	4820.88186365547	0	5	3	11	2011	1	1	1	6	10	3	1	9	-9
J0693404	1364.94455485712	1	1	3	11	2011	1	1	1	6	10	3	1	10	-9
J0693405	2027.93722381413	0	5	3	11	2011	1	1	1	6	10	3	1	10	-9
J0693407	1778.77107807389	0	5	3	11	2011	1	1	1	6	10	3	1	9	-9
J0694101	1653.12846806597	0	5	4	1	2012	1	1	1	6	10	3	2	8	-9
J0694103	814.881437395214	0	5	4	1	2012	1	1	1	6	10	3	2	7	-9
J0694105	2196.8241077743	0	5	4	1	2012	1	1	1	6	10	3	4	7	-9
J0694106	1116.35669728771	0	5	4	1	2012	1	1	1	6	10	3	4	10	-9
J0694107	2022.67115965259	1	1	4	1	2012	1	1	1	6	10	3	2	6	-9
J0694108	1018.70410281246	1	1	4	1	2012	2	2	1	6	10	3	3	7	3
J0694201	5481.59813845555	0	4	4	1	2012	4	4	2	6	10	3	4	8	2
J0694204	3890.32998197882	0	4	4	1	2012	1	1	1	6	10	3	2	6	-9
J0694205	940.160889011297	1	1	4	1	2012	4	4	2	6	10	3	2	6	2
J0694208	2617.51510259829	0	5	4	1	2012	1	1	1	6	10	3	3	8	-9
J0694302	756.311908226038	1	1	4	2	2012	4	4	2	6	10	3	1	5	2
J0694303	1391.96432041375	0	4	4	2	2012	1	1	1	6	10	3	1	8	-9
J0694304	809.442761392094	0	5	4	2	2012	1	1	1	6	10	3	1	5	-9
J0694307	2291.0214785454	0	5	4	2	2012	1	1	1	6	10	3	1	10	-9
J0694308	1895.50860014023	1	1	4	2	2012	1	1	1	6	10	3	1	10	-9
J0694309	1371.66116286497	0	5	4	2	2012	1	1	1	6	10	3	3	10	-9
J0694401	1427.04635424605	0	5	4	2	2012	1	1	1	6	10	3	1	9	-9
J0694402	1460.8469427829	0	4	4	2	2012	1	1	1	6	10	3	1	2	-9
J0694403	1440.78273776121	0	5	4	2	2012	1	1	1	6	10	3	1	9	-9
J0694404	2892.35388475608	0	4	4	2	2012	1	1	1	6	10	3	1	10	-9
J0694406	1492.15602329953	0	5	4	2	2012	1	1	1	6	10	3	1	10	-9
J0701102	1317.06332725603	1	1	1	4	2011	1	1	1	5	6	3	1	10	-9
J0701104	898.515701567493	0	4	1	4	2011	1	1	1	5	6	3	1	7	-9
J0701105	2097.85949578781	1	1	1	4	2011	1	1	1	5	6	3	1	8	-9
J0701107	1836.69042471828	1	1	1	4	2011	1	1	1	5	6	3	1	10	-9
J0701201	2670.96040613363	0	4	1	4	2011	2	2	1	5	6	3	1	9	3
J0701205	672.645678197369	0	4	1	4	2011	2	2	1	5	6	3	1	4	3
J0701208	1200.84970979855	0	4	1	4	2011	1	1	1	5	6	3	3	9	-9
J0701301	944.267497371241	0	4	1	5	2011	1	1	1	5	6	3	1	5	-9
J0701302	1050.00045314948	1	1	1	5	2011	3	3	2	5	6	3	1	5	1
J0701303	1269.73034783224	0	4	1	5	2011	1	1	1	5	6	3	1	8	-9
J0701305	864.946105179123	1	1	1	5	2011	1	1	1	5	6	3	1	5	-9
J0701308	1692.10796057553	0	5	1	5	2011	1	1	1	5	6	3	1	10	-9
J0701309	1486.76867379218	1	1	1	5	2011	1	1	1	5	6	3	1	7	-9
J0701402	2631.99809785565	0	4	1	5	2011	2	2	1	5	6	3	1	7	3
J0701404	1215.85395591579	1	1	1	5	2011	4	4	2	5	6	3	1	7	2
J0701405	1268.59173576434	0	5	1	5	2011	1	1	1	5	6	3	1	9	-9
J0701406	2348.39885318652	1	1	1	5	2011	2	2	1	5	6	3	1	4	4
J0701408	2167.40292068112	1	1	1	5	2011	1	1	1	5	6	3	1	3	-9
J0702101	1302.41541541353	0	5	2	7	2011	1	1	1	5	6	3	2	7	-9
J0702102	1760.61804012998	1	1	2	7	2011	1	1	1	5	6	3	2	6	-9
J0702103	1669.72027499695	0	4	2	7	2011	3	3	2	5	6	3	1	4	1
J0702104	792.629450450554	1	1	2	7	2011	1	1	1	5	6	3	1	2	-9
J0702108	1186.17630604637	0	5	2	7	2011	1	1	1	5	6	3	1	9	-9
J0702109	1273.87193891224	0	4	2	7	2011	2	2	1	5	6	3	1	2	3
J0702110	817.792763771834	1	1	2	7	2011	3	3	2	5	6	3	1	1	1
J0702201	1920.23846551563	0	4	2	7	2011	1	1	1	5	6	3	1	5	-9
J0702202	1653.46292012669	0	4	2	7	2011	2	2	1	5	6	3	1	5	5
J0702203	1907.18912730699	0	4	2	7	2011	1	1	1	5	6	3	1	5	-9
J0702204	1957.42494838584	1	1	2	7	2011	2	2	1	5	6	3	1	4	3
J0702206	956.006792901841	0	5	2	7	2011	1	1	1	5	6	3	1	5	-9
J0702208	2028.17061790146	0	4	2	7	2011	1	1	1	5	6	3	1	8	-9
J0702209	1034.16374611021	0	4	2	7	2011	3	3	2	5	6	3	1	1	1
J0702210	784.838163692327	1	1	2	7	2011	3	3	2	5	6	3	1	1	1
J0702301	858.597627534778	0	4	2	8	2011	3	3	2	5	6	3	1	2	1
J0702303	1552.28320130927	0	4	2	8	2011	4	4	2	5	6	3	1	4	2
J0702304	1012.29612529446	0	4	2	8	2011	2	2	1	5	6	3	1	2	3
J0702305	790.829880471157	0	5	2	8	2011	1	1	1	5	6	3	1	2	-9
J0702307	1360.34334386357	0	5	2	8	2011	1	1	1	5	6	3	1	9	-9
J0702308	1689.4776584601	1	1	2	8	2011	1	1	1	5	6	3	1	3	-9
J0702309	1240.56971016224	0	5	2	8	2011	1	1	1	5	6	3	1	7	-9
J0702310	819.872343945305	1	1	2	8	2011	3	3	2	5	6	3	1	2	1
J0702311	820.41370154178	0	4	2	8	2011	3	3	2	5	6	3	1	2	1
J0702401	1130.62891575089	0	5	2	8	2011	1	1	1	5	6	3	1	9	-9
J0702402	1515.5009253527	1	1	2	8	2011	1	1	1	5	6	3	4	7	-9
J0702403	1654.53337125285	0	5	2	8	2011	1	1	1	5	6	3	1	7	-9
J0702404	1215.22650209514	0	4	2	8	2011	1	1	1	5	6	3	1	8	-9
J0702405	2113.93632645129	0	5	2	8	2011	1	1	1	5	6	3	1	8	-9
J0702408	1674.22564522152	0	5	2	8	2011	1	1	1	5	6	3	1	10	-9
J0702410	1243.76277405468	0	5	2	8	2011	1	1	1	5	6	3	1	9	-9
J0703101	878.71860351187	1	1	3	10	2011	4	4	2	5	6	3	2	7	2
J0703102	2619.31372075534	0	5	3	10	2011	1	1	1	5	6	3	2	7	-9
J0703104	737.334961834039	0	5	3	10	2011	1	1	1	5	6	3	2	7	-9
J0703105	1704.98183141495	0	4	3	10	2011	1	1	1	5	6	3	2	10	-9
J0703109	1634.83192723622	0	5	3	10	2011	1	1	1	5	6	3	3	6	-9
J0703203	931.710278524371	0	5	3	10	2011	1	1	1	5	6	3	2	6	-9
J0703204	1445.95970270524	0	4	3	10	2011	1	1	1	5	6	3	2	9	-9
J0703205	1946.91025215452	0	5	3	10	2011	1	1	1	5	6	3	2	9	-9
J0703206	1336.83223762412	1	1	3	10	2011	4	4	2	5	6	3	3	7	2
J0703207	1582.43176782938	0	5	3	10	2011	1	1	1	5	6	3	3	7	-9
J0703208	1863.9036801389	0	5	3	10	2011	1	1	1	5	6	3	3	8	-9
J0703301	1616.93377693093	1	1	3	11	2011	1	1	1	5	6	3	1	8	-9
J0703304	1435.88997990335	0	4	3	11	2011	2	2	1	5	6	3	4	6	3
J0703305	1331.81335231132	0	5	3	11	2011	1	1	1	5	6	3	2	10	-9
J0703306	1398.97556328287	1	1	3	11	2011	1	1	1	5	6	3	1	10	-9
J0703307	722.939880749053	0	5	3	11	2011	1	1	1	5	6	3	1	9	-9
J0703311	1878.83100597392	1	1	3	11	2011	1	1	1	5	6	3	2	7	-9
J0703312	1285.65871566422	0	5	3	11	2011	1	1	1	5	6	3	4	6	-9
J0703401	812.302595007006	0	4	3	11	2011	1	1	1	5	6	3	1	4	-9
J0703404	2408.58535243907	0	4	3	11	2011	2	2	1	5	6	3	1	7	5
J0703405	1282.51895329439	0	5	3	11	2011	1	1	1	5	6	3	1	10	-9
J0703406	2607.93352690868	1	1	3	11	2011	1	1	1	5	6	3	1	9	-9
J0703407	1197.46264356157	0	5	3	11	2011	1	1	1	5	6	3	1	10	-9
J0703408	1948.01874867297	0	5	3	11	2011	1	1	1	5	6	3	4	9	-9
J0704105	1665.78698955731	0	5	4	1	2012	1	1	1	5	6	3	1	10	-9
J0704106	1878.70567010414	1	1	4	1	2012	1	1	1	5	6	3	1	6	-9
J0704107	1651.97971186544	0	5	4	1	2012	1	1	1	5	6	3	1	10	-9
J0704202	2009.34332961178	0	4	4	1	2012	1	1	1	5	6	3	3	6	-9
J0704203	1607.72135637494	0	5	4	1	2012	1	1	1	5	6	3	2	10	-9
J0704205	965.990880696136	0	5	4	1	2012	1	1	1	5	6	3	1	5	-9
J0704206	1693.16711954576	0	5	4	1	2012	1	1	1	5	6	3	3	9	-9
J0704207	1456.92627378623	0	4	4	1	2012	2	2	1	5	6	3	3	9	3
J0704208	1333.1888439056	0	5	4	1	2012	1	1	1	5	6	3	3	8	-9
J0704301	967.608217755706	0	4	4	2	2012	2	2	1	5	6	3	2	5	3
J0704303	1463.78313954758	0	4	4	2	2012	1	1	1	5	6	3	2	4	-9
J0704304	1227.97517061623	0	4	4	2	2012	2	2	1	5	6	3	3	7	4
J0704305	1882.32404835417	0	5	4	2	2012	1	1	1	5	6	3	2	6	-9
J0704307	1512.35435217894	0	5	4	2	2012	1	1	1	5	6	3	1	8	-9
J0704308	1603.66110443148	1	1	4	2	2012	1	1	1	5	6	3	3	8	-9
J0704401	1265.7217585656	1	1	4	2	2012	4	4	2	5	6	3	2	5	2
J0704402	1630.35280770792	0	5	4	2	2012	1	1	1	5	6	3	2	9	-9
J0704405	1344.85594080297	0	4	4	2	2012	1	1	1	5	6	3	1	9	-9
J0704406	1321.06868158617	0	5	4	2	2012	1	1	1	5	6	3	1	8	-9
J0704407	1679.94189486226	0	5	4	2	2012	1	1	1	5	6	3	1	10	-9
J0704408	1567.76281333444	0	4	4	2	2012	4	4	2	5	6	3	3	8	2
J0711103	2004.66541749091	1	1	1	4	2011	2	2	1	8	9	2	2	10	4
J0711104	1483.69183912608	1	1	1	4	2011	1	1	1	8	9	2	2	9	-9
J0711105	1347.40676168047	0	5	1	4	2011	1	1	1	8	9	2	1	9	-9
J0711106	3327.98820292746	1	1	1	4	2011	2	2	1	8	9	2	1	10	3
J0711108	1924.79425889941	1	1	1	4	2011	1	1	1	8	9	2	3	8	-9
J0711109	1133.20049011901	1	1	1	4	2011	1	1	1	8	9	2	2	9	-9
J0711201	1483.28132968019	0	5	1	4	2011	1	1	1	8	9	2	3	7	-9
J0711203	843.742240224971	0	4	1	4	2011	4	4	2	8	9	2	1	4	2
J0711204	1137.52373072533	1	1	1	4	2011	4	4	2	8	9	2	1	6	2
J0711205	2728.15684333858	0	5	1	4	2011	1	1	1	8	9	2	1	4	-9
J0711206	2634.42979572468	0	4	1	4	2011	2	2	1	8	9	2	3	9	3
J0711207	1787.33393580242	0	4	1	4	2011	2	2	1	8	9	2	1	8	3
J0711208	1960.84438878215	1	1	1	4	2011	1	1	1	8	9	2	1	8	-9
J0711209	1349.26886126132	0	5	1	4	2011	1	1	1	8	9	2	1	9	-9
J0711210	2209.45082363944	1	1	1	4	2011	2	2	1	8	9	2	1	10	3
J0711301	2136.28559867277	0	4	1	5	2011	2	2	1	8	9	2	1	8	3
J0711302	912.09109071758	1	1	1	5	2011	4	4	2	8	9	2	1	4	2
J0711305	2259.36093327584	0	5	1	5	2011	1	1	1	8	9	2	1	6	-9
J0711307	1662.80693144124	1	1	1	5	2011	3	3	2	8	9	2	1	5	1
J0711308	1935.7598991128	0	4	1	5	2011	1	1	1	8	9	2	1	5	-9
J0711402	1410.17564896847	1	1	1	5	2011	4	4	2	8	9	2	1	2	2
J0711403	3485.89129477921	1	1	1	5	2011	2	2	1	8	9	2	1	4	3
J0711406	4504.25337050981	0	4	1	5	2011	2	2	1	8	9	2	1	5	3
J0711408	2063.35113397906	1	1	1	5	2011	2	2	1	8	9	2	1	8	4
J0711409	3234.92272060261	0	5	1	5	2011	1	1	1	8	9	2	1	8	-9
J0711410	2115.55049184279	1	1	1	5	2011	1	1	1	8	9	2	1	8	-9
J0711411	2540.67387019737	0	5	1	5	2011	1	1	1	8	9	2	1	8	-9
J0712101	1958.5755661485	0	4	2	7	2011	4	4	2	8	9	2	1	6	2
J0712102	1773.74020587042	1	1	2	7	2011	2	2	1	8	9	2	1	7	3
J0712104	1578.56433592455	0	4	2	7	2011	4	4	2	8	9	2	1	3	2
J0712106	5042.66288449972	1	1	2	7	2011	2	2	1	8	9	2	1	4	3
J0712107	1800.98221184634	0	5	2	7	2011	1	1	1	8	9	2	1	7	-9
J0712201	1344.59573086374	1	1	2	7	2011	1	1	1	8	9	2	1	4	-9
J0712204	694.687085285719	1	1	2	7	2011	4	4	2	8	9	2	1	2	2
J0712205	1107.37414351161	0	4	2	7	2011	1	1	1	8	9	2	1	2	-9
J0712206	1784.40775252604	0	5	2	7	2011	1	1	1	8	9	2	1	4	-9
J0712210	1679.27879970228	1	1	2	7	2011	1	1	1	8	9	2	1	8	-9
J0712211	1225.14271968938	1	1	2	7	2011	4	4	2	8	9	2	1	7	2
J0712213	1573.78775209586	0	5	2	7	2011	1	1	1	8	9	2	1	10	-9
J0712303	2752.491597031	0	4	2	8	2011	1	1	1	8	9	2	3	10	-9
J0712305	1264.01279430354	0	4	2	8	2011	1	1	1	8	9	2	2	9	-9
J0712309	1482.97667436975	0	5	2	8	2011	1	1	1	8	9	2	2	9	-9
J0712310	2329.78018417326	0	4	2	8	2011	1	1	1	8	9	2	3	7	-9
J0712401	944.436084616266	0	4	2	8	2011	2	2	1	8	9	2	3	6	3
J0712403	2679.13859300656	0	5	2	8	2011	1	1	1	8	9	2	1	10	-9
J0712405	1522.40024743733	1	1	2	8	2011	2	2	1	8	9	2	1	9	3
J0712406	1185.19624788584	1	1	2	8	2011	1	1	1	8	9	2	1	7	-9
J0712407	1771.71300209538	0	5	2	8	2011	1	1	1	8	9	2	3	7	-9
J0712408	1448.76211507474	0	5	2	8	2011	1	1	1	8	9	2	1	9	-9
J0713105	1598.96289648225	0	5	3	10	2011	3	3	2	8	9	2	1	6	1
J0713106	1192.65289539478	1	1	3	10	2011	2	2	1	8	9	2	1	5	3
J0713109	4912.13878058186	0	4	3	10	2011	2	2	1	8	9	2	1	5	3
J0713201	2954.67311228508	0	4	3	10	2011	2	2	1	8	9	2	1	7	3
J0713202	1555.82775997058	0	4	3	10	2011	2	2	1	8	9	2	1	6	3
J0713203	1213.59128163264	1	1	3	10	2011	3	3	2	8	9	2	1	6	1
J0713204	3137.29702227584	0	4	3	10	2011	2	2	1	8	9	2	1	8	3
J0713205	1978.15344120479	0	4	3	10	2011	3	3	2	8	9	2	1	6	1
J0713206	1497.98766959694	0	4	3	10	2011	1	1	1	8	9	2	1	8	-9
J0713207	2906.15328231757	0	5	3	10	2011	1	1	1	8	9	2	1	8	-9
J0713208	847.667344415175	1	1	3	10	2011	1	1	1	8	9	2	1	3	-9
J0713210	1654.07413068725	0	5	3	10	2011	1	1	1	8	9	2	1	7	-9
J0713211	992.765983524524	1	1	3	10	2011	3	3	2	8	9	2	1	2	1
J0713212	1123.07553950233	0	4	3	10	2011	3	3	2	8	9	2	1	2	1
J0713302	969.436458675656	0	4	3	11	2011	2	2	1	8	9	2	1	6	3
J0713304	3300.62169151562	0	5	3	11	2011	1	1	1	8	9	2	1	4	-9
J0713306	3676.79956126678	1	1	3	11	2011	2	2	1	8	9	2	1	4	3
J0713308	1687.29056577024	0	5	3	11	2011	1	1	1	8	9	2	1	5	-9
J0713310	3403.76139271756	1	1	3	11	2011	3	3	2	8	9	2	1	5	1
J0713401	1477.85675375554	1	1	3	11	2011	3	3	2	8	9	2	1	5	1
J0713404	1200.64820154093	0	5	3	11	2011	3	3	2	8	9	2	1	2	1
J0713406	636.400155766397	0	5	3	11	2011	1	1	1	8	9	2	1	2	-9
J0713407	891.432264833245	1	1	3	11	2011	3	3	2	8	9	2	1	3	1
J0713408	1280.66956167039	1	1	3	11	2011	3	3	2	8	9	2	1	2	1
J0713410	785.251494976516	0	4	3	11	2011	3	3	2	8	9	2	1	2	1
J0713411	964.868017014914	0	5	3	11	2011	3	3	2	8	9	2	1	2	1
J0714101	1507.93393167938	0	5	4	1	2012	1	1	1	8	9	2	4	7	-9
J0714102	1414.90691764156	0	5	4	1	2012	1	1	1	8	9	2	3	8	-9
J0714106	2153.81491775523	0	5	4	1	2012	1	1	1	8	9	2	2	10	-9
J0714107	1798.42081987698	0	5	4	1	2012	1	1	1	8	9	2	2	10	-9
J0714108	1722.16966176396	1	1	4	1	2012	1	1	1	8	9	2	2	10	-9
J0714109	1759.51652810147	0	5	4	1	2012	1	1	1	8	9	2	3	10	-9
J0714110	1535.85315502351	0	4	4	1	2012	1	1	1	8	9	2	3	9	-9
J0714111	1791.89945118458	0	5	4	1	2012	1	1	1	8	9	2	3	7	-9
J0714201	1769.47086012108	0	5	4	1	2012	1	1	1	8	9	2	1	10	-9
J0714202	1402.22464211549	1	1	4	1	2012	1	1	1	8	9	2	1	10	-9
J0714203	2141.35957010707	0	5	4	1	2012	1	1	1	8	9	2	1	10	-9
J0714206	1880.63664873752	0	5	4	1	2012	1	1	1	8	9	2	4	10	-9
J0714212	1532.40913980228	0	5	4	1	2012	1	1	1	8	9	2	1	10	-9
J0714301	1417.06175956786	0	5	4	2	2012	1	1	1	8	9	2	1	10	-9
J0714302	1232.28582922182	1	1	4	2	2012	4	4	2	8	9	2	1	10	2
J0714303	1666.72161938922	0	5	4	2	2012	1	1	1	8	9	2	1	10	-9
J0714304	1624.3180199574	0	5	4	2	2012	1	1	1	8	9	2	1	5	-9
J0714305	1633.90277718868	1	1	4	2	2012	1	1	1	8	9	2	1	4	-9
J0714306	1105.94986218423	1	1	4	2	2012	4	4	2	8	9	2	1	9	2
J0714307	2059.4880604067	1	1	4	2	2012	1	1	1	8	9	2	1	8	-9
J0714308	1320.72736665529	0	5	4	2	2012	1	1	1	8	9	2	1	6	-9
J0714309	1989.72251626877	0	5	4	2	2012	1	1	1	8	9	2	3	8	-9
J0714401	1479.12402844176	1	1	4	2	2012	4	4	2	8	9	2	1	10	2
J0714404	1361.46096551053	0	5	4	2	2012	1	1	1	8	9	2	2	10	-9
J0714407	1522.78257010035	1	1	4	2	2012	1	1	1	8	9	2	3	9	-9
J0714409	1567.21992878881	0	5	4	2	2012	4	4	2	8	9	2	2	9	2
J0714410	828.846510130847	1	1	4	2	2012	2	2	1	8	9	2	3	7	3
J0721101	1829.69318046289	1	1	1	4	2011	1	1	1	8	9	2	2	10	-9
J0721102	1007.6754859618	0	4	1	4	2011	4	4	2	8	9	2	2	7	2
J0721103	1781.13613180402	0	5	1	4	2011	1	1	1	8	9	2	3	10	-9
J0721104	1281.80218296391	0	4	1	4	2011	1	1	1	8	9	2	3	9	-9
J0721105	1166.7927973456	0	5	1	4	2011	1	1	1	8	9	2	2	9	-9
J0721106	1579.80150916587	0	4	1	4	2011	1	1	1	8	9	2	4	7	-9
J0721108	1676.37554258768	1	1	1	4	2011	1	1	1	8	9	2	3	9	-9
J0721110	1747.03070489098	1	1	1	4	2011	1	1	1	8	9	2	1	10	-9
J0721201	1495.65158833168	1	1	1	4	2011	1	1	1	8	9	2	1	3	-9
J0721202	2273.9224743418	1	1	1	4	2011	2	2	1	8	9	2	1	9	3
J0721203	3411.16772370744	1	1	1	4	2011	2	2	1	8	9	2	1	7	5
J0721204	1148.52394918561	1	1	1	4	2011	4	4	2	8	9	2	1	3	2
J0721205	1575.52629849002	1	1	1	4	2011	2	2	1	8	9	2	1	3	3
J0721206	2267.46983447678	1	1	1	4	2011	1	1	1	8	9	2	1	9	-9
J0721208	2476.87140731042	1	1	1	4	2011	1	1	1	8	9	2	1	4	-9
J0721209	897.247636986234	1	1	1	4	2011	4	4	2	8	9	2	1	4	2
J0721211	4102.43935195469	0	5	1	4	2011	1	1	1	8	9	2	1	4	-9
J0721304	1699.79942445623	0	5	1	5	2011	1	1	1	8	9	2	1	5	-9
J0721305	1621.64662382034	0	4	1	5	2011	1	1	1	8	9	2	1	4	-9
J0721309	1424.19060578649	0	5	1	5	2011	1	1	1	8	9	2	1	10	-9
J0721310	2126.25921522682	1	1	1	5	2011	1	1	1	8	9	2	1	4	-9
J0721401	1682.00006178951	0	5	1	5	2011	1	1	1	8	9	2	1	10	-9
J0721404	1220.15626761352	1	1	1	5	2011	1	1	1	8	9	2	1	10	-9
J0721406	2416.50844966423	0	4	1	5	2011	1	1	1	8	9	2	3	10	-9
J0721407	1768.64873193854	0	4	1	5	2011	1	1	1	8	9	2	2	10	-9
J0721409	1594.30234812655	0	4	1	5	2011	1	1	1	8	9	2	2	10	-9
J0722101	3197.95073514858	0	4	2	7	2011	1	1	1	8	9	2	1	4	-9
J0722103	2243.02660945906	0	5	2	7	2011	1	1	1	8	9	2	1	8	-9
J0722104	891.645773031297	1	1	2	7	2011	3	3	2	8	9	2	1	2	1
J0722105	1566.28030524553	1	1	2	7	2011	3	3	2	8	9	2	1	3	1
J0722106	1548.2646565922	1	1	2	7	2011	1	1	1	8	9	2	1	9	-9
J0722109	1206.74553307777	0	5	2	7	2011	1	1	1	8	9	2	1	8	-9
J0722111	1292.64282695189	0	5	2	7	2011	1	1	1	8	9	2	1	2	-9
J0722112	821.49432963107	1	1	2	7	2011	1	1	1	8	9	2	1	4	-9
J0722201	2942.28997908299	0	5	2	7	2011	1	1	1	8	9	2	1	7	-9
J0722202	2002.84409990863	0	5	2	7	2011	1	1	1	8	9	2	1	8	-9
J0722203	1596.4653740834	1	1	2	7	2011	1	1	1	8	9	2	1	8	-9
J0722205	1505.99892622431	0	4	2	7	2011	1	1	1	8	9	2	1	5	-9
J0722206	1238.73180072644	0	4	2	7	2011	2	2	1	8	9	2	1	7	5
J0722208	739.693440333561	1	1	2	7	2011	2	2	1	8	9	2	1	2	5
J0722210	1310.77263367053	0	5	2	7	2011	1	1	1	8	9	2	1	10	-9
J0722303	1290.21252542655	1	1	2	8	2011	1	1	1	8	9	2	1	10	-9
J0722304	3039.85399643738	0	5	2	8	2011	1	1	1	8	9	2	3	7	-9
J0722305	1384.57560700683	1	1	2	8	2011	1	1	1	8	9	2	1	10	-9
J0722309	851.419188488414	1	1	2	8	2011	3	3	2	8	9	2	1	10	1
J0722310	1985.50097340186	1	1	2	8	2011	2	2	1	8	9	2	1	9	4
J0722401	605.028889803333	0	4	2	8	2011	2	2	1	8	9	2	1	7	5
J0722402	983.112575301047	0	5	2	8	2011	1	1	1	8	9	2	1	6	-9
J0722404	2208.78345874776	1	1	2	8	2011	2	2	1	8	9	2	1	8	3
J0722405	1669.33850110555	1	1	2	8	2011	1	1	1	8	9	2	1	9	-9
J0722406	1551.09135372737	0	5	2	8	2011	1	1	1	8	9	2	1	8	-9
J0722408	568.697902919274	0	5	2	8	2011	1	1	1	8	9	2	4	9	-9
J0722409	1902.81029148112	1	1	2	8	2011	2	2	1	8	9	2	3	10	3
J0723101	2075.63881771328	0	4	3	10	2011	1	1	1	8	9	2	1	9	-9
J0723102	2400.32426705365	0	5	3	10	2011	1	1	1	8	9	2	3	9	-9
J0723104	1940.24259109474	1	1	3	10	2011	1	1	1	8	9	2	1	10	-9
J0723109	2166.90928936755	0	4	3	10	2011	1	1	1	8	9	2	2	10	-9
J0723110	2358.81893967706	0	5	3	10	2011	1	1	1	8	9	2	3	9	-9
J0723201	1559.64616369153	0	4	3	10	2011	1	1	1	8	9	2	1	6	-9
J0723202	2387.64257594388	0	5	3	10	2011	1	1	1	8	9	2	1	9	-9
J0723203	3346.48364070513	1	1	3	10	2011	3	3	2	8	9	2	1	3	1
J0723204	2252.62422866614	1	1	3	10	2011	1	1	1	8	9	2	1	5	-9
J0723205	1513.97208459906	0	5	3	10	2011	1	1	1	8	9	2	1	7	-9
J0723206	2292.30235270799	0	4	3	10	2011	1	1	1	8	9	2	1	7	-9
J0723207	2029.672602529	0	5	3	10	2011	1	1	1	8	9	2	1	10	-9
J0723208	1590.92897816876	0	5	3	10	2011	1	1	1	8	9	2	1	9	-9
J0723209	2719.32563688407	0	4	3	10	2011	1	1	1	8	9	2	1	10	-9
J0723304	1620.98733540736	1	1	3	11	2011	2	2	1	8	9	2	1	8	3
J0723305	2754.1146241815	0	4	3	11	2011	4	4	2	8	9	2	1	9	2
J0723308	1239.28167112031	1	1	3	11	2011	1	1	1	8	9	2	1	8	-9
J0723309	1800.57058307469	0	5	3	11	2011	1	1	1	8	9	2	1	8	-9
J0723310	897.483838193823	1	1	3	11	2011	1	1	1	8	9	2	1	6	-9
J0723312	1586.99403487318	0	5	3	11	2011	1	1	1	8	9	2	1	10	-9
J0723402	865.572557686744	1	1	3	11	2011	3	3	2	8	9	2	1	2	1
J0723404	2131.33158710245	0	5	3	11	2011	1	1	1	8	9	2	1	4	-9
J0723406	1564.59762760594	1	1	3	11	2011	2	2	1	8	9	2	1	8	3
J0723410	810.529905087164	1	1	3	11	2011	4	4	2	8	9	2	1	2	2
J0724102	1547.438795838	0	4	4	1	2012	2	2	1	8	9	2	1	5	5
J0724107	773.450966621246	1	1	4	1	2012	1	1	1	8	9	2	1	4	-9
J0724108	1642.16416574619	0	5	4	1	2012	1	1	1	8	9	2	1	4	-9
J0724109	1497.49862357164	0	5	4	1	2012	1	1	1	8	9	2	1	4	-9
J0724207	608.779596609428	0	4	4	1	2012	3	3	2	8	9	2	1	1	1
J0724211	786.223168816426	1	1	4	1	2012	3	3	2	8	9	2	1	1	1
J0724212	929.179960146665	1	1	4	1	2012	3	3	2	8	9	2	1	1	1
J0724213	1313.34721519972	1	1	4	1	2012	1	1	1	8	9	2	1	9	-9
J0724302	1266.24888512461	1	1	4	2	2012	4	4	2	8	9	2	3	9	2
J0724303	4897.4379514761	0	5	4	2	2012	1	1	1	8	9	2	2	8	-9
J0724304	1309.61757898184	0	5	4	2	2012	1	1	1	8	9	2	2	10	-9
J0724305	739.637319537355	0	4	4	2	2012	1	1	1	8	9	2	2	8	-9
J0724306	1838.46212440076	0	5	4	2	2012	1	1	1	8	9	2	3	7	-9
J0724308	1352.52336763752	0	5	4	2	2012	1	1	1	8	9	2	3	9	-9
J0724309	2094.65251607114	0	5	4	2	2012	1	1	1	8	9	2	3	9	-9
J0724310	1304.09156021911	1	1	4	2	2012	4	4	2	8	9	2	2	7	2
J0724311	2076.25068886449	0	5	4	2	2012	1	1	1	8	9	2	2	7	-9
J0724401	1397.03105533305	0	4	4	2	2012	2	2	1	8	9	2	1	4	3
J0724404	4786.29935746922	0	4	4	2	2012	1	1	1	8	9	2	3	9	-9
J0724406	2275.16819552958	1	1	4	2	2012	1	1	1	8	9	2	1	10	-9
J0724407	2408.67165197344	0	5	4	2	2012	1	1	1	8	9	2	3	9	-9
J0724408	1423.08104439958	0	5	4	2	2012	1	1	1	8	9	2	2	8	-9
J0724409	2592.62817659921	1	1	4	2	2012	1	1	1	8	9	2	3	8	-9
J0724411	1416.96670575133	0	4	4	2	2012	4	4	2	8	9	2	3	9	2
J0731102	1487.62540171058	0	5	1	4	2011	1	1	1	4	5	3	1	10	-9
J0731107	1681.20106182249	1	1	1	4	2011	1	1	1	4	5	3	1	10	-9
J0731109	1158.60372223849	0	4	1	4	2011	1	1	1	4	5	3	3	10	-9
J0731201	1677.25892946533	0	5	1	4	2011	1	1	1	4	5	3	1	10	-9
J0731202	1900.59173452768	0	4	1	4	2011	1	1	1	4	5	3	1	10	-9
J0731203	2329.78950013877	1	1	1	4	2011	1	1	1	4	5	3	3	10	-9
J0731205	1172.55267323365	1	1	1	4	2011	1	1	1	4	5	3	1	10	-9
J0731206	3587.50836282428	0	5	1	4	2011	1	1	1	4	5	3	1	9	-9
J0731207	1547.06096003148	1	1	1	4	2011	1	1	1	4	5	3	1	9	-9
J0731208	1221.73740147345	0	5	1	4	2011	1	1	1	4	5	3	1	9	-9
J0731209	1172.55267323365	1	1	1	4	2011	1	1	1	4	5	3	3	8	-9
J0731302	3563.82078680733	0	4	1	5	2011	1	1	1	4	5	3	2	8	-9
J0731303	1346.56854993463	0	5	1	5	2011	1	1	1	4	5	3	2	8	-9
J0731304	1698.32232199511	0	4	1	5	2011	1	1	1	4	5	3	2	7	-9
J0731305	1348.90618370379	0	5	1	5	2011	1	1	1	4	5	3	1	7	-9
J0731306	2916.65493662656	1	1	1	5	2011	4	4	2	4	5	3	1	2	2
J0731308	821.992915513708	0	4	1	5	2011	4	4	2	4	5	3	1	3	2
J0731310	1763.31915734081	1	1	1	5	2011	2	2	1	4	5	3	1	3	3
J0731311	1697.82957406028	0	4	1	5	2011	1	1	1	4	5	3	1	2	-9
J0731403	1826.87645678805	0	5	1	5	2011	1	1	1	4	5	3	1	5	-9
J0731406	1776.73586720054	0	4	1	5	2011	1	1	1	4	5	3	1	7	-9
J0731409	1500.19239407503	1	1	1	5	2011	1	1	1	4	5	3	2	4	-9
J0731410	4202.85769661111	0	5	1	5	2011	1	1	1	4	5	3	2	8	-9
J0732102	1696.86534908182	0	4	2	7	2011	1	1	1	4	5	3	1	5	-9
J0732103	1305.68525244741	0	5	2	7	2011	1	1	1	4	5	3	1	10	-9
J0732107	1675.96715190102	0	5	2	7	2011	1	1	1	4	5	3	2	10	-9
J0732108	1555.14449233087	0	4	2	7	2011	4	4	2	4	5	3	3	9	2
J0732109	700.177059327619	0	5	2	7	2011	1	1	1	4	5	3	2	9	-9
J0732201	1447.25843882353	0	5	2	7	2011	1	1	1	4	5	3	3	9	-9
J0732202	1411.32335737334	1	1	2	7	2011	1	1	1	4	5	3	2	9	-9
J0732204	894.846684046862	0	4	2	7	2011	4	4	2	4	5	3	2	5	2
J0732205	1314.55262744703	0	5	2	7	2011	1	1	1	4	5	3	2	10	-9
J0732209	896.747063402154	0	5	2	7	2011	1	1	1	4	5	3	2	10	-9
J0732210	1557.52373511197	0	5	2	7	2011	1	1	1	4	5	3	3	9	-9
J0732303	1323.21918462816	0	4	2	8	2011	1	1	1	4	5	3	2	9	-9
J0732304	1700.33469455917	0	5	2	8	2011	1	1	1	4	5	3	3	9	-9
J0732305	1618.04031858307	1	1	2	8	2011	1	1	1	4	5	3	2	7	-9
J0732307	2033.3360871585	0	5	2	8	2011	1	1	1	4	5	3	2	9	-9
J0732308	721.531572847549	0	4	2	8	2011	1	1	1	4	5	3	2	8	-9
J0732401	1995.14487420046	1	1	2	8	2011	2	2	1	4	5	3	1	5	3
J0732402	810.901656821399	1	1	2	8	2011	3	3	2	4	5	3	1	1	1
J0732403	822.222922016415	1	1	2	8	2011	3	3	2	4	5	3	1	1	1
J0732404	1031.38389386247	1	1	2	8	2011	3	3	2	4	5	3	1	3	1
J0732405	1872.14155261181	0	5	2	8	2011	1	1	1	4	5	3	1	5	-9
J0732406	1713.38238252922	1	1	2	8	2011	4	4	2	4	5	3	1	5	2
J0732407	1933.56474440338	1	1	2	8	2011	2	2	1	4	5	3	1	2	3
J0732408	2098.33873822113	1	1	2	8	2011	2	2	1	4	5	3	1	5	3
J0732409	946.250859665333	1	1	2	8	2011	4	4	2	4	5	3	1	1	2
J0732411	1770.89200494426	1	1	2	8	2011	1	1	1	4	5	3	1	5	-9
J0732414	1742.74389549827	0	5	2	8	2011	1	1	1	4	5	3	2	9	-9
J0733101	2000.93140010163	0	5	3	10	2011	1	1	1	4	5	3	1	3	-9
J0733102	1683.91553253228	1	1	3	10	2011	1	1	1	4	5	3	1	6	-9
J0733103	1423.36814383765	0	5	3	10	2011	1	1	1	4	5	3	1	6	-9
J0733104	1642.36582015228	0	5	3	10	2011	1	1	1	4	5	3	1	2	-9
J0733105	2505.42775881571	0	4	3	10	2011	2	2	1	4	5	3	1	3	3
J0733108	1317.1612825386	0	5	3	10	2011	1	1	1	4	5	3	1	9	-9
J0733109	1559.72353610403	0	5	3	10	2011	1	1	1	4	5	3	1	7	-9
J0733201	724.109712278976	0	5	3	10	2011	3	3	2	4	5	3	1	2	1
J0733202	1762.10757042874	1	1	3	10	2011	1	1	1	4	5	3	1	4	-9
J0733203	1617.79121992014	0	5	3	10	2011	1	1	1	4	5	3	1	8	-9
J0733204	746.093177825593	1	1	3	10	2011	3	3	2	4	5	3	1	1	1
J0733207	2349.25237243801	0	4	3	10	2011	2	2	1	4	5	3	1	2	3
J0733210	1697.32837528196	0	4	3	10	2011	1	1	1	4	5	3	2	7	-9
J0733301	1221.95279398433	0	5	3	11	2011	1	1	1	4	5	3	1	7	-9
J0733304	1374.58177874354	0	5	3	11	2011	1	1	1	4	5	3	1	7	-9
J0733306	1997.77525207904	1	1	3	11	2011	2	2	1	4	5	3	1	2	3
J0733309	1244.59446429101	0	4	3	11	2011	2	2	1	4	5	3	1	2	3
J0733311	2309.62606735484	0	5	3	11	2011	1	1	1	4	5	3	1	5	-9
J0733401	1551.56077303499	0	5	3	11	2011	1	1	1	4	5	3	1	6	-9
J0733403	1460.79627250372	0	5	3	11	2011	1	1	1	4	5	3	1	7	-9
J0733404	1911.06466813724	1	1	3	11	2011	1	1	1	4	5	3	1	7	-9
J0733406	2915.89668783096	0	4	3	11	2011	3	3	2	4	5	3	1	3	1
J0733407	1898.04448810903	1	1	3	11	2011	1	1	1	4	5	3	1	9	-9
J0733408	3622.70079298156	0	5	3	11	2011	1	1	1	4	5	3	1	4	-9
J0734101	940.952502802091	1	1	4	1	2012	2	2	1	4	5	3	1	3	5
J0734102	926.924680525042	0	5	4	1	2012	3	3	2	4	5	3	1	1	1
J0734104	2150.47105546069	1	1	4	1	2012	2	2	1	4	5	3	1	3	5
J0734106	1784.2579162187	0	5	4	1	2012	1	1	1	4	5	3	1	2	-9
J0734108	2505.85295156329	1	1	4	1	2012	2	2	1	4	5	3	1	5	3
J0734109	2053.71150719085	0	4	4	1	2012	2	2	1	4	5	3	1	6	3
J0734110	1828.47613811368	1	1	4	1	2012	1	1	1	4	5	3	1	3	-9
J0734202	766.120408904728	0	5	4	1	2012	3	3	2	4	5	3	1	6	1
J0734204	2039.17227378122	0	5	4	1	2012	1	1	1	4	5	3	1	4	-9
J0734206	1445.9251682883	1	1	4	1	2012	3	3	2	4	5	3	1	2	1
J0734207	853.967525625978	1	1	4	1	2012	3	3	2	4	5	3	1	2	1
J0734209	1856.14725582654	0	5	4	1	2012	1	1	1	4	5	3	1	9	-9
J0734301	888.999633156209	0	5	4	2	2012	1	1	1	4	5	3	1	3	-9
J0734304	2986.33668558967	1	1	4	2	2012	3	3	2	4	5	3	1	1	1
J0734306	687.864541044859	1	1	4	2	2012	2	2	1	4	5	3	1	3	3
J0734310	2245.14351890248	0	4	4	2	2012	1	1	1	4	5	3	1	4	-9
J0734311	1592.84889395779	0	5	4	2	2012	1	1	1	4	5	3	1	8	-9
J0734312	1216.12134211011	0	5	4	2	2012	1	1	1	4	5	3	1	9	-9
J0734314	1971.49030781449	0	5	4	2	2012	1	1	1	4	5	3	1	9	-9
J0734401	2839.89373806825	0	4	4	2	2012	2	2	1	4	5	3	1	9	3
J0734403	1492.5227185313	0	5	4	2	2012	1	1	1	4	5	3	1	8	-9
J0734405	2836.87603166634	0	5	4	2	2012	1	1	1	4	5	3	1	2	-9
J0734406	842.615897152037	1	1	4	2	2012	1	1	1	4	5	3	1	2	-9
J0734407	697.608383461601	1	1	4	2	2012	3	3	2	4	5	3	1	2	1
J0734408	940.293690066206	0	5	4	2	2012	1	1	1	4	5	3	1	1	-9
J0734409	1641.28211171895	0	4	4	2	2012	1	1	1	4	5	3	1	2	-9
J0734410	568.151944992426	0	4	4	2	2012	4	4	2	4	5	3	1	3	2
J0741101	1607.82817951028	0	5	1	4	2011	1	1	1	5	6	3	1	6	-9
J0741102	1696.83986410582	0	4	1	4	2011	1	1	1	5	6	3	1	4	-9
J0741103	1672.64099898951	0	4	1	4	2011	1	1	1	5	6	3	1	5	-9
J0741104	1496.31665269792	0	5	1	4	2011	1	1	1	5	6	3	1	7	-9
J0741105	2000.65695477681	0	4	1	4	2011	1	1	1	5	6	3	1	7	-9
J0741106	1309.40459168929	0	5	1	4	2011	1	1	1	5	6	3	2	3	-9
J0741107	1451.79450080308	0	4	1	4	2011	1	1	1	5	6	3	1	5	-9
J0741203	1573.44507972298	1	1	1	4	2011	3	3	2	5	6	3	1	6	1
J0741204	1592.87882025787	0	5	1	4	2011	1	1	1	5	6	3	1	2	-9
J0741205	1570.03836347588	1	1	1	4	2011	1	1	1	5	6	3	1	3	-9
J0741207	1555.50662492165	0	5	1	4	2011	1	1	1	5	6	3	1	2	-9
J0741301	1759.81267316005	1	1	1	5	2011	1	1	1	5	6	3	1	4	-9
J0741303	1976.05118626593	0	4	1	5	2011	1	1	1	5	6	3	1	10	-9
J0741304	2890.39376922664	0	5	1	5	2011	1	1	1	5	6	3	1	9	-9
J0741305	1489.2249550703	0	4	1	5	2011	1	1	1	5	6	3	1	8	-9
J0741306	2747.75595318724	0	5	1	5	2011	1	1	1	5	6	3	1	8	-9
J0741307	1805.52469237266	1	1	1	5	2011	1	1	1	5	6	3	3	7	-9
J0741308	5876.90996825792	0	5	1	5	2011	1	1	1	5	6	3	3	7	-9
J0741309	1611.77974371549	1	1	1	5	2011	1	1	1	5	6	3	4	9	-9
J0741401	1209.59687031798	1	1	1	5	2011	1	1	1	5	6	3	1	3	-9
J0741402	818.754582023975	0	5	1	5	2011	1	1	1	5	6	3	1	3	-9
J0741403	1441.3574802255	1	1	1	5	2011	1	1	1	5	6	3	1	5	-9
J0741406	2096.51633699928	0	5	1	5	2011	1	1	1	5	6	3	2	9	-9
J0741407	2334.72877680916	1	1	1	5	2011	1	1	1	5	6	3	1	9	-9
J0741408	807.094989243099	1	1	1	5	2011	3	3	2	5	6	3	2	6	1
J0741409	1946.41084656869	1	1	1	5	2011	1	1	1	5	6	3	3	9	-9
J0742101	1819.97753445357	0	5	2	7	2011	1	1	1	4	5	3	3	9	-9
J0742102	1627.2349830944	1	1	2	7	2011	1	1	1	4	5	3	2	7	-9
J0742103	1514.72643637944	0	5	2	7	2011	1	1	1	4	5	3	3	9	-9
J0742104	1344.10540056007	0	4	2	7	2011	4	4	2	4	5	3	1	4	2
J0742105	1715.24977642206	0	5	2	7	2011	1	1	1	4	5	3	1	3	-9
J0742106	1905.76212576985	1	1	2	7	2011	2	2	1	4	5	3	2	9	3
J0742201	1219.05743534885	0	5	2	7	2011	1	1	1	4	5	3	1	9	-9
J0742202	792.462774800456	1	1	2	7	2011	4	4	2	4	5	3	1	7	2
J0742203	1474.21723954849	0	5	2	7	2011	1	1	1	4	5	3	3	8	-9
J0742204	1456.00685773868	1	1	2	7	2011	1	1	1	4	5	3	1	5	-9
J0742208	1350.96176273217	1	1	2	7	2011	2	2	1	4	5	3	1	9	5
J0742209	1450.28402579727	0	5	2	7	2011	1	1	1	4	5	3	1	9	-9
J0742211	3322.49090183241	1	1	2	7	2011	1	1	1	4	5	3	1	9	-9
J0742301	1857.27098243913	1	1	2	8	2011	1	1	1	4	5	3	1	10	-9
J0742304	1413.25424399908	1	1	2	8	2011	4	4	2	4	5	3	2	6	2
J0742305	2018.659145142	0	5	2	8	2011	1	1	1	4	5	3	3	9	-9
J0742306	1484.65228862178	0	4	2	8	2011	1	1	1	4	5	3	3	10	-9
J0742401	1201.91630892405	0	5	2	8	2011	1	1	1	4	5	3	3	7	-9
J0742402	1149.16086487274	0	4	2	8	2011	1	1	1	4	5	3	3	7	-9
J0742404	1753.43652470685	1	1	2	8	2011	2	2	1	4	5	3	2	10	3
J0742407	1451.09330385652	0	5	2	8	2011	1	1	1	4	5	3	3	9	-9
J0742408	1623.25117951957	0	5	2	8	2011	1	1	1	4	5	3	3	8	-9
J0743104	3957.11921886278	1	1	3	10	2011	1	1	1	5	6	3	1	2	-9
J0743106	1627.59137101741	1	1	3	10	2011	1	1	1	5	6	3	1	5	-9
J0743107	1692.37194895385	0	5	3	10	2011	1	1	1	5	6	3	1	6	-9
J0743108	1647.3901777358	0	5	3	10	2011	1	1	1	5	6	3	1	8	-9
J0743201	1770.29522085575	1	1	3	10	2011	1	1	1	5	6	3	1	10	-9
J0743203	3394.01911051964	0	4	3	10	2011	1	1	1	5	6	3	1	10	-9
J0743205	858.034493492973	1	1	3	10	2011	3	3	2	5	6	3	1	5	1
J0743207	2020.60735668109	0	5	3	10	2011	1	1	1	5	6	3	1	10	-9
J0743208	1261.50088620958	1	1	3	10	2011	1	1	1	5	6	3	1	9	-9
J0743209	843.586877736766	0	5	3	10	2011	3	3	2	5	6	3	1	5	1
J0743210	898.32013929079	1	1	3	10	2011	4	4	2	5	6	3	1	7	2
J0743301	1156.36951197376	0	4	3	11	2011	2	2	1	5	6	3	1	3	3
J0743304	1383.49759236545	0	5	3	11	2011	1	1	1	5	6	3	1	8	-9
J0743306	1291.67568301428	0	5	3	11	2011	1	1	1	5	6	3	1	4	-9
J0743307	1051.85757404113	0	5	3	11	2011	1	1	1	5	6	3	1	6	-9
J0744106	2176.1586621274	0	5	4	1	2012	1	1	1	5	6	3	1	1	-9
J0744107	1384.69767583979	0	5	4	1	2012	1	1	1	5	6	3	1	8	-9
J0744108	2590.68379684211	0	4	4	1	2012	1	1	1	5	6	3	1	4	-9
J0744202	1091.21553262138	1	1	4	1	2012	3	3	2	5	6	3	1	1	1
J0744204	1032.50092287754	0	5	4	1	2012	1	1	1	5	6	3	1	1	-9
J0744206	2994.38273661847	1	1	4	1	2012	2	2	1	5	6	3	1	1	3
J0744302	1829.78503522726	0	5	4	2	2012	1	1	1	5	6	3	1	9	-9
J0744307	1241.57200250718	0	5	4	2	2012	1	1	1	5	6	3	1	10	-9
J0744308	2020.83846197	0	4	4	2	2012	1	1	1	5	6	3	1	8	-9
J0744403	1759.24739043498	0	5	4	2	2012	1	1	1	5	6	3	1	7	-9
J0744404	1402.10896703041	0	5	4	2	2012	1	1	1	5	6	3	1	9	-9
J0744406	1615.93036404692	1	1	4	2	2012	3	3	2	5	6	3	1	4	1
J0744407	1839.04093123699	0	4	4	2	2012	1	1	1	5	6	3	1	3	-9
J0744409	1878.1802920123	0	5	4	2	2012	1	1	1	5	6	3	1	3	-9
J0751101	1863.41036923656	0	5	1	4	2011	1	1	1	4	5	3	3	9	-9
J0751106	1498.28283226579	1	1	1	4	2011	1	1	1	4	5	3	1	9	-9
J0751202	1976.71663579763	1	1	1	4	2011	2	2	1	4	5	3	1	3	3
J0751203	2103.44362969515	1	1	1	4	2011	1	1	1	4	5	3	1	3	-9
J0751204	1820.87571142426	1	1	1	4	2011	3	3	2	4	5	3	1	6	1
J0751205	1714.24310767742	1	1	1	4	2011	2	2	1	4	5	3	1	10	3
J0751206	903.176155196325	1	1	1	4	2011	4	4	2	4	5	3	1	3	2
J0751207	1867.68877202105	1	1	1	4	2011	2	2	1	4	5	3	1	2	3
J0751302	3763.14750926074	0	4	1	5	2011	2	2	1	4	5	3	1	10	3
J0751303	2082.63088533762	1	1	1	5	2011	1	1	1	4	5	3	1	9	-9
J0751304	1823.23726821508	0	5	1	5	2011	1	1	1	4	5	3	1	9	-9
J0751306	1168.88783510823	0	5	1	5	2011	1	1	1	4	5	3	1	9	-9
J0751307	825.646305734162	0	4	1	5	2011	3	3	2	4	5	3	1	2	1
J0751401	1840.94693222864	0	5	1	5	2011	1	1	1	4	5	3	3	7	-9
J0751402	1634.14356427872	1	1	1	5	2011	1	1	1	4	5	3	3	7	-9
J0751403	1587.59567955449	0	5	1	5	2011	1	1	1	4	5	3	3	7	-9
J0752101	1794.52969477604	0	5	2	7	2011	1	1	1	4	5	3	1	3	-9
J0752104	1613.74830955371	0	4	2	7	2011	1	1	1	4	5	3	1	2	-9
J0752106	1285.92757378874	1	1	2	7	2011	3	3	2	4	5	3	1	1	1
J0752107	1027.24105132863	1	1	2	7	2011	3	3	2	4	5	3	1	1	1
J0752201	1347.50087602036	0	5	2	7	2011	1	1	1	4	5	3	1	1	-9
J0752202	1985.34296975782	0	4	2	7	2011	2	2	1	4	5	3	1	4	3
J0752203	992.687839613521	1	1	2	7	2011	3	3	2	4	5	3	1	2	1
J0752302	1558.25394420712	0	4	2	8	2011	3	3	2	4	5	3	1	5	1
J0752304	1610.78707670793	0	5	2	8	2011	1	1	1	4	5	3	1	3	-9
J0752401	1430.84524809419	0	5	2	8	2011	1	1	1	4	5	3	2	6	-9
J0752402	1286.80247264654	1	1	2	8	2011	1	1	1	4	5	3	1	8	-9
J0752403	1266.12216723633	1	1	2	8	2011	2	2	1	4	5	3	2	10	4
J0752404	1085.78287414289	0	4	2	8	2011	1	1	1	4	5	3	2	7	-9
J0752405	1300.19206086407	0	5	2	8	2011	1	1	1	4	5	3	3	7	-9
J0753101	1634.04471519149	0	4	3	10	2011	4	4	2	4	5	3	1	5	2
J0753105	1541.9408198667	0	5	3	10	2011	1	1	1	4	5	3	1	8	-9
J0753107	2242.76358095442	0	5	3	10	2011	1	1	1	4	5	3	1	5	-9
J0753202	1952.92141473692	0	5	3	10	2011	1	1	1	4	5	3	1	5	-9
J0753204	1743.56290373453	1	1	3	10	2011	1	1	1	4	5	3	1	5	-9
J0753206	1099.60096016877	1	1	3	10	2011	4	4	2	4	5	3	1	3	2
J0753301	2012.84549964472	0	5	3	11	2011	1	1	1	4	5	3	1	5	-9
J0753305	1502.73967997277	0	4	3	11	2011	4	4	2	4	5	3	2	6	2
J0753307	1149.63552412805	0	5	3	11	2011	1	1	1	4	5	3	2	9	-9
J0753402	1422.7232189358	0	5	3	11	2011	1	1	1	4	5	3	2	3	-9
J0753403	1163.66270395992	0	4	3	11	2011	1	1	1	4	5	3	2	9	-9
J0753404	1320.46027121776	0	5	3	11	2011	1	1	1	4	5	3	2	10	-9
J0754101	1370.31559317562	0	5	4	1	2012	1	1	1	4	5	3	3	7	-9
J0754102	1443.6994936195	0	5	4	1	2012	1	1	1	4	5	3	3	6	-9
J0754106	1354.1766064771	0	4	4	1	2012	2	2	1	4	5	3	3	8	3
J0754107	1360.48075160308	0	5	4	1	2012	1	1	1	4	5	3	3	7	-9
J0754204	1379.96490791424	0	5	4	1	2012	1	1	1	4	5	3	1	8	-9
J0754302	1735.86779585144	0	5	4	2	2012	1	1	1	4	5	3	1	9	-9
J0754305	1577.7855662279	0	5	4	2	2012	1	1	1	4	5	3	1	5	-9
J0754306	776.175225282455	1	1	4	2	2012	2	2	1	4	5	3	1	3	5
J0754401	2114.52841759412	0	5	4	2	2012	1	1	1	4	5	3	1	4	-9
J0754405	1570.52930817168	1	1	4	2	2012	1	1	1	4	5	3	1	4	-9
J0754406	3619.88968321212	0	5	4	2	2012	1	1	1	4	5	3	1	10	-9
J0754407	1582.84405042529	1	1	4	2	2012	2	2	1	4	5	3	1	4	3
J0761104	1389.02460036668	1	1	1	4	2011	1	1	1	7	7	3	2	8	-9
J0761106	1984.69820252848	1	1	1	4	2011	1	1	1	7	7	3	1	10	-9
J0761108	1875.58278455598	0	5	1	4	2011	1	1	1	7	7	3	2	8	-9
J0761109	1099.8336671354	1	1	1	4	2011	1	1	1	7	7	3	2	6	-9
J0761110	1980.09831609085	0	5	1	4	2011	1	1	1	7	7	3	2	9	-9
J0761112	2238.14114108528	0	5	1	4	2011	1	1	1	7	7	3	2	9	-9
J0761201	2058.19651532288	1	1	1	4	2011	4	4	2	7	7	3	1	6	2
J0761202	1217.98496715396	1	1	1	4	2011	4	4	2	7	7	3	1	6	2
J0761204	1826.95311107414	1	1	1	4	2011	4	4	2	7	7	3	1	6	2
J0761205	1521.98253375558	1	1	1	4	2011	1	1	1	7	7	3	1	10	-9
J0761206	1468.8421619894	1	1	1	4	2011	1	1	1	7	7	3	2	9	-9
J0761210	1544.22764558737	0	4	1	4	2011	1	1	1	7	7	3	1	8	-9
J0761211	2309.51639555148	1	1	1	4	2011	2	2	1	7	7	3	1	3	5
J0761301	1995.31555354184	1	1	1	5	2011	4	4	2	7	7	3	1	9	2
J0761303	1311.74522030053	0	5	1	5	2011	1	1	1	7	7	3	1	7	-9
J0761305	1529.18360805869	0	5	1	5	2011	1	1	1	7	7	3	1	10	-9
J0761306	2215.27197765159	0	4	1	5	2011	2	2	1	7	7	3	1	6	3
J0761308	1709.40623805482	1	1	1	5	2011	1	1	1	7	7	3	1	7	-9
J0761309	811.152480158134	1	1	1	5	2011	4	4	2	7	7	3	2	9	2
J0761311	1293.23555288958	1	1	1	5	2011	1	1	1	7	7	3	1	9	-9
J0761313	1335.72173829319	1	1	1	5	2011	1	1	1	7	7	3	3	9	-9
J0761401	683.038950961462	1	1	1	5	2011	4	4	2	7	7	3	2	4	2
J0761403	1375.57775812597	0	5	1	5	2011	1	1	1	7	7	3	2	4	-9
J0761404	1609.63969795131	1	1	1	5	2011	1	1	1	7	7	3	3	9	-9
J0761409	1507.42098506907	0	4	1	5	2011	1	1	1	7	7	3	2	10	-9
J0761411	1975.04046052811	1	1	1	5	2011	1	1	1	7	7	3	2	9	-9
J0762102	769.651060249014	0	5	2	7	2011	1	1	1	7	7	3	1	2	-9
J0762103	1536.60591242536	0	5	2	7	2011	1	1	1	7	7	3	1	5	-9
J0762104	582.779709347049	0	4	2	7	2011	4	4	2	7	7	3	2	5	2
J0762105	1499.54990917477	1	1	2	7	2011	4	4	2	7	7	3	2	5	2
J0762106	1839.92724265177	1	1	2	7	2011	1	1	1	7	7	3	2	8	-9
J0762107	650.568976790677	1	1	2	7	2011	4	4	2	7	7	3	3	7	2
J0762109	1107.94750567257	0	5	2	7	2011	1	1	1	7	7	3	4	7	-9
J0762111	1268.71996933516	0	5	2	7	2011	1	1	1	7	7	3	3	8	-9
J0762113	2325.63338425138	0	5	2	7	2011	1	1	1	7	7	3	3	8	-9
J0762114	1384.71870261012	0	4	2	7	2011	4	4	2	7	7	3	2	9	2
J0762115	4932.13203602829	1	1	2	7	2011	1	1	1	7	7	3	1	9	-9
J0762201	1369.4825283101	0	5	2	7	2011	1	1	1	7	7	3	1	8	-9
J0762204	902.54854224324	1	1	2	7	2011	4	4	2	7	7	3	1	2	2
J0762207	1471.21520113557	0	5	2	7	2011	1	1	1	7	7	3	1	5	-9
J0762209	2818.55081771079	0	4	2	7	2011	1	1	1	7	7	3	1	2	-9
J0762301	1398.53216226614	1	1	2	8	2011	2	2	1	7	7	3	1	1	3
J0762302	1012.32754456104	0	4	2	8	2011	4	4	2	7	7	3	1	1	2
J0762303	1437.7508536541	1	1	2	8	2011	1	1	1	7	7	3	1	4	-9
J0762306	1158.20214351779	0	5	2	8	2011	1	1	1	7	7	3	1	3	-9
J0762310	4895.06993005197	1	1	2	8	2011	1	1	1	7	7	3	1	9	-9
J0762311	1836.31483097008	0	5	2	8	2011	1	1	1	7	7	3	1	3	-9
J0762402	1344.18763122132	0	5	2	8	2011	1	1	1	7	7	3	1	5	-9
J0762407	1445.37323958194	1	1	2	8	2011	1	1	1	7	7	3	1	8	-9
J0762408	1440.05484200742	0	5	2	8	2011	1	1	1	7	7	3	1	5	-9
J0762409	763.288941701019	0	5	2	8	2011	1	1	1	7	7	3	1	2	-9
J0762410	1291.35875626261	1	1	2	8	2011	1	1	1	7	7	3	1	7	-9
J0762412	1510.95672451483	1	1	2	8	2011	4	4	2	7	7	3	2	10	2
J0763103	760.401373304505	0	4	3	10	2011	1	1	1	7	7	3	3	8	-9
J0763104	787.267118406194	0	4	3	10	2011	4	4	2	7	7	3	3	10	2
J0763109	4662.21912499324	1	1	3	10	2011	2	2	1	7	7	3	3	7	5
J0763110	1639.54939760121	1	1	3	10	2011	1	1	1	7	7	3	4	10	-9
J0763111	1871.75853847201	0	5	3	10	2011	1	1	1	7	7	3	3	6	-9
J0763112	1472.16738041335	0	5	3	10	2011	1	1	1	7	7	3	1	9	-9
J0763201	1571.63691040471	0	5	3	10	2011	1	1	1	7	7	3	2	10	-9
J0763202	1446.11330185679	1	1	3	10	2011	1	1	1	7	7	3	2	10	-9
J0763203	1831.95712053325	0	5	3	10	2011	1	1	1	7	7	3	1	3	-9
J0763206	1203.30551794286	0	5	3	10	2011	1	1	1	7	7	3	1	10	-9
J0763209	2007.79434500552	0	4	3	10	2011	4	4	2	7	7	3	2	9	2
J0763211	1497.73539431134	0	5	3	10	2011	1	1	1	7	7	3	3	9	-9
J0763301	2081.88810604087	0	4	3	11	2011	2	2	1	7	7	3	2	9	3
J0763303	1801.28892610587	0	5	3	11	2011	1	1	1	7	7	3	1	9	-9
J0763305	1429.29995466002	1	1	3	11	2011	1	1	1	7	7	3	1	10	-9
J0763306	1673.23782825691	0	5	3	11	2011	1	1	1	7	7	3	1	9	-9
J0763307	1090.36454804088	1	1	3	11	2011	1	1	1	7	7	3	1	10	-9
J0763308	1066.46204545082	0	4	3	11	2011	2	2	1	7	7	3	1	7	5
J0763309	1174.05852485661	1	1	3	11	2011	4	4	2	7	7	3	1	10	2
J0763310	1639.14641034134	0	4	3	11	2011	2	2	1	7	7	3	1	10	3
J0763311	1689.33198417146	0	5	3	11	2011	1	1	1	7	7	3	3	9	-9
J0763312	4592.33480115292	0	4	3	11	2011	1	1	1	7	7	3	2	9	-9
J0763313	1592.14594187014	0	5	3	11	2011	1	1	1	7	7	3	2	9	-9
J0763401	1948.21690439426	0	5	3	11	2011	1	1	1	7	7	3	1	9	-9
J0763404	928.216545740648	1	1	3	11	2011	4	4	2	7	7	3	1	7	2
J0763406	1466.60268328298	0	5	3	11	2011	1	1	1	7	7	3	1	7	-9
J0763407	2129.53780630001	0	4	3	11	2011	2	2	1	7	7	3	1	10	5
J0763408	1416.13789819269	0	5	3	11	2011	1	1	1	7	7	3	3	9	-9
J0763409	1495.93297042617	1	1	3	11	2011	1	1	1	7	7	3	2	8	-9
J0763410	1742.20420415424	1	1	3	11	2011	4	4	2	7	7	3	2	9	2
J0763411	1247.97072567752	0	5	3	11	2011	1	1	1	7	7	3	2	7	-9
J0764101	644.618584491533	0	5	4	1	2012	1	1	1	7	7	3	1	2	-9
J0764103	1372.96312846971	0	5	4	1	2012	1	1	1	7	7	3	1	2	-9
J0764104	1328.63495652505	1	1	4	1	2012	1	1	1	7	7	3	1	9	-9
J0764105	687.363848682125	0	5	4	1	2012	1	1	1	7	7	3	1	8	-9
J0764106	1483.52738102374	0	5	4	1	2012	1	1	1	7	7	3	1	9	-9
J0764108	1404.09370369374	0	5	4	1	2012	1	1	1	7	7	3	1	8	-9
J0764110	1627.8726535155	0	5	4	1	2012	1	1	1	7	7	3	1	8	-9
J0764111	1553.65520202752	0	5	4	1	2012	1	1	1	7	7	3	1	9	-9
J0764112	4120.18880691712	0	4	4	1	2012	1	1	1	7	7	3	1	10	-9
J0764113	1327.88432122893	0	5	4	1	2012	1	1	1	7	7	3	3	8	-9
J0764201	1303.6780866217	1	1	4	1	2012	1	1	1	7	7	3	2	6	-9
J0764202	2140.32704989596	0	5	4	1	2012	1	1	1	7	7	3	3	9	-9
J0764203	1238.52545550095	0	5	4	1	2012	1	1	1	7	7	3	3	8	-9
J0764204	1334.0876721934	0	4	4	1	2012	1	1	1	7	7	3	2	10	-9
J0764208	2208.97419550563	0	5	4	1	2012	1	1	1	7	7	3	3	9	-9
J0764209	1258.7530667834	1	1	4	1	2012	1	1	1	7	7	3	3	9	-9
J0764301	1734.65197804474	0	5	4	2	2012	4	4	2	7	7	3	1	6	2
J0764302	1511.43423870382	1	1	4	2	2012	2	2	1	7	7	3	1	8	3
J0764303	1633.03181467312	0	5	4	2	2012	1	1	1	7	7	3	1	6	-9
J0764304	2220.94644257813	1	1	4	2	2012	2	2	1	7	7	3	1	9	3
J0764305	1746.08587941856	0	5	4	2	2012	1	1	1	7	7	3	1	4	-9
J0764309	1633.92270615038	1	1	4	2	2012	4	4	2	7	7	3	1	8	2
J0764310	1849.6152339963	0	4	4	2	2012	4	4	2	7	7	3	3	8	2
J0764311	1286.11048796598	0	5	4	2	2012	4	4	2	7	7	3	3	9	2
J0764402	1499.44854301649	0	5	4	2	2012	1	1	1	7	7	3	1	6	-9
J0764406	1673.8758084233	1	1	4	2	2012	1	1	1	7	7	3	4	5	-9
J0764407	1376.42876337918	0	5	4	2	2012	1	1	1	7	7	3	2	10	-9
J0764408	1555.70755638892	0	4	4	2	2012	1	1	1	7	7	3	2	10	-9
J0764409	1486.2736987247	0	5	4	2	2012	1	1	1	7	7	3	1	10	-9
J0764410	1328.08529978868	0	5	4	2	2012	1	1	1	7	7	3	1	9	-9
J0764412	1804.83854030338	0	5	4	2	2012	1	1	1	7	7	3	2	8	-9
J0771101	1346.59287809683	0	4	1	4	2011	1	1	1	7	7	3	3	6	-9
J0771102	2267.90192667286	0	5	1	4	2011	1	1	1	7	7	3	1	8	-9
J0771103	1157.06729955523	0	4	1	4	2011	3	3	2	7	7	3	1	4	1
J0771105	1986.19487428831	1	1	1	4	2011	1	1	1	7	7	3	2	8	-9
J0771107	1539.58769313142	1	1	1	4	2011	2	2	1	7	7	3	3	6	3
J0771109	1842.86986891065	0	5	1	4	2011	1	1	1	7	7	3	1	10	-9
J0771202	1680.64820746505	0	5	1	4	2011	1	1	1	7	7	3	1	9	-9
J0771203	1587.83611154848	1	1	1	4	2011	2	2	1	7	7	3	1	10	3
J0771204	2970.72659020611	0	5	1	4	2011	1	1	1	7	7	3	1	5	-9
J0771206	1376.4796754758	1	1	1	4	2011	1	1	1	7	7	3	1	9	-9
J0771210	2227.65889663413	1	1	1	4	2011	1	1	1	7	7	3	1	7	-9
J0771301	1134.50534151661	1	1	1	5	2011	4	4	2	7	7	3	1	7	2
J0771302	1860.677028075	1	1	1	5	2011	1	1	1	7	7	3	1	9	-9
J0771303	1465.40140845189	0	5	1	5	2011	1	1	1	7	7	3	1	10	-9
J0771304	1722.13108527043	0	4	1	5	2011	1	1	1	7	7	3	1	10	-9
J0771305	1566.52959150159	0	5	1	5	2011	1	1	1	7	7	3	1	10	-9
J0771308	710.998081742053	1	1	1	5	2011	1	1	1	7	7	3	1	5	-9
J0771310	1018.62916967404	0	4	1	5	2011	4	4	2	7	7	3	1	3	2
J0771311	891.224433882573	1	1	1	5	2011	4	4	2	7	7	3	1	5	2
J0771312	1096.74901675649	0	5	1	5	2011	1	1	1	7	7	3	1	3	-9
J0771401	1076.9229092111	1	1	1	5	2011	4	4	2	7	7	3	1	7	2
J0771404	1069.64651662843	1	1	1	5	2011	2	2	1	7	7	3	1	7	3
J0771405	1467.86976540499	0	4	1	5	2011	1	1	1	7	7	3	1	9	-9
J0771406	900.253928289442	0	4	1	5	2011	2	2	1	7	7	3	1	4	3
J0771407	1306.01742809258	0	4	1	5	2011	1	1	1	7	7	3	1	4	-9
J0771410	784.117169553868	1	1	1	5	2011	1	1	1	7	7	3	1	3	-9
J0771411	1455.19727718621	1	1	1	5	2011	4	4	2	7	7	3	1	8	2
J0771412	885.399752403535	1	1	1	5	2011	4	4	2	7	7	3	1	3	2
J0771413	4034.02255888023	0	5	1	5	2011	1	1	1	7	7	3	1	9	-9
J0772101	1765.09137289759	0	5	2	7	2011	1	1	1	7	7	3	1	10	-9
J0772102	2674.51712980137	0	4	2	7	2011	2	2	1	7	7	3	1	10	3
J0772103	1260.98437763399	0	4	2	7	2011	2	2	1	7	7	3	1	10	3
J0772104	1333.28104903918	1	1	2	7	2011	1	1	1	7	7	3	3	10	-9
J0772105	1385.52227594132	0	5	2	7	2011	1	1	1	7	7	3	2	10	-9
J0772106	1488.04080257434	0	5	2	7	2011	1	1	1	7	7	3	1	10	-9
J0772107	7467.89138726355	0	4	2	7	2011	2	2	1	7	7	3	1	9	3
J0772108	1220.61805699913	0	5	2	7	2011	1	1	1	7	7	3	3	9	-9
J0772110	1041.6800765444	0	5	2	7	2011	1	1	1	7	7	3	2	9	-9
J0772201	1817.09378837019	0	5	2	7	2011	1	1	1	7	7	3	1	6	-9
J0772204	1380.13543578684	0	5	2	7	2011	1	1	1	7	7	3	2	10	-9
J0772205	1338.84461812568	0	4	2	7	2011	1	1	1	7	7	3	1	8	-9
J0772207	1521.16681689648	1	1	2	7	2011	1	1	1	7	7	3	1	8	-9
J0772208	1281.69869292148	0	5	2	7	2011	1	1	1	7	7	3	3	10	-9
J0772209	1127.79244458792	1	1	2	7	2011	1	1	1	7	7	3	1	10	-9
J0772210	1528.81248432782	0	5	2	7	2011	1	1	1	7	7	3	1	10	-9
J0772302	1505.45918183491	0	5	2	8	2011	1	1	1	7	7	3	2	10	-9
J0772304	1748.04465529035	0	5	2	8	2011	1	1	1	7	7	3	3	8	-9
J0772306	1278.2024169245	1	1	2	8	2011	1	1	1	7	7	3	2	10	-9
J0772307	766.704872946283	0	5	2	8	2011	1	1	1	7	7	3	2	8	-9
J0772308	2296.60467284081	1	1	2	8	2011	1	1	1	7	7	3	2	10	-9
J0772309	3854.55286816787	0	4	2	8	2011	3	3	2	7	7	3	3	8	1
J0772310	1542.39790035702	1	1	2	8	2011	1	1	1	7	7	3	3	10	-9
J0772311	1641.57832868859	0	5	2	8	2011	1	1	1	7	7	3	3	9	-9
J0772401	1200.26181905103	1	1	2	8	2011	1	1	1	7	7	3	2	8	-9
J0772402	1021.87286701636	1	1	2	8	2011	2	2	1	7	7	3	2	10	4
J0772404	1520.96485883908	0	5	2	8	2011	1	1	1	7	7	3	3	8	-9
J0772406	1653.21308700494	1	1	2	8	2011	3	3	2	7	7	3	2	10	1
J0772408	1665.57122402196	1	1	2	8	2011	1	1	1	7	7	3	2	10	-9
J0772409	1691.20358388689	1	1	2	8	2011	2	2	1	7	7	3	2	10	3
J0772410	1434.72546995767	0	4	2	8	2011	1	1	1	7	7	3	3	9	-9
J0773102	976.999156062894	0	5	3	10	2011	1	1	1	7	7	3	1	6	-9
J0773106	1055.42780881929	1	1	3	10	2011	2	2	1	7	7	3	1	6	3
J0773108	1617.91649504097	1	1	3	10	2011	1	1	1	7	7	3	1	7	-9
J0773109	764.315082577303	1	1	3	10	2011	3	3	2	7	7	3	1	4	1
J0773113	1437.33819824642	1	1	3	10	2011	1	1	1	7	7	3	1	10	-9
J0773201	1603.19734523364	1	1	3	10	2011	2	2	1	7	7	3	1	8	3
J0773202	862.538948877168	0	4	3	10	2011	3	3	2	7	7	3	1	4	1
J0773203	1264.60763831462	1	1	3	10	2011	4	4	2	7	7	3	1	6	2
J0773204	1380.8689132665	0	5	3	10	2011	2	2	1	7	7	3	1	7	5
J0773205	1555.47734464314	1	1	3	10	2011	1	1	1	7	7	3	1	8	-9
J0773206	1483.80706509977	0	5	3	10	2011	1	1	1	7	7	3	1	4	-9
J0773207	2058.7753778263	0	4	3	10	2011	2	2	1	7	7	3	1	8	3
J0773210	1532.09543938851	1	1	3	10	2011	2	2	1	7	7	3	1	9	3
J0773303	931.145113914176	1	1	3	11	2011	1	1	1	7	7	3	1	7	-9
J0773305	700.08614653295	1	1	3	11	2011	3	3	2	7	7	3	1	7	1
J0773309	2226.22818710289	0	5	3	11	2011	1	1	1	7	7	3	1	10	-9
J0773401	1687.02505264872	1	1	3	11	2011	1	1	1	7	7	3	3	8	-9
J0773403	1487.65042990215	0	5	3	11	2011	1	1	1	7	7	3	2	10	-9
J0773404	1252.3401900238	0	4	3	11	2011	1	1	1	7	7	3	2	10	-9
J0773405	1786.45761782014	0	5	3	11	2011	1	1	1	7	7	3	1	7	-9
J0773407	1468.0874767704	0	5	3	11	2011	1	1	1	7	7	3	2	7	-9
J0773408	1720.89235092152	0	5	3	11	2011	1	1	1	7	7	3	2	10	-9
J0773410	1842.93554354739	0	5	3	11	2011	1	1	1	7	7	3	2	9	-9
J0774101	1399.90903008169	1	1	4	1	2012	1	1	1	7	7	3	4	9	-9
J0774104	1518.53033263591	1	1	4	1	2012	1	1	1	7	7	3	2	10	-9
J0774105	1993.64576648564	1	1	4	1	2012	2	2	1	7	7	3	2	10	3
J0774107	1699.64161199317	0	5	4	1	2012	1	1	1	7	7	3	3	8	-9
J0774108	922.932490343214	1	1	4	1	2012	2	2	1	7	7	3	2	9	4
J0774202	1615.04392695342	1	1	4	1	2012	1	1	1	7	7	3	2	10	-9
J0774203	1824.45763441795	1	1	4	1	2012	4	4	2	7	7	3	2	8	2
J0774204	628.737503417866	0	5	4	1	2012	3	3	2	7	7	3	2	8	1
J0774205	1947.99816719132	0	4	4	1	2012	1	1	1	7	7	3	1	9	-9
J0774207	1668.88796537434	0	4	4	1	2012	1	1	1	7	7	3	1	8	-9
J0774208	798.42214414779	0	5	4	1	2012	1	1	1	7	7	3	1	2	-9
J0774209	793.395739790452	1	1	4	1	2012	2	2	1	7	7	3	1	4	3
J0774210	1590.82634897233	0	4	4	1	2012	1	1	1	7	7	3	1	10	-9
J0774211	1084.21226044191	1	1	4	1	2012	2	2	1	7	7	3	1	5	3
J0774302	1611.79905805746	0	5	4	2	2012	1	1	1	7	7	3	1	3	-9
J0774303	1348.1165612587	0	5	4	2	2012	1	1	1	7	7	3	1	3	-9
J0774304	904.115493868564	1	1	4	2	2012	3	3	2	7	7	3	1	3	1
J0774306	1090.96676484284	1	1	4	2	2012	1	1	1	7	7	3	1	9	-9
J0774307	1137.29727443904	1	1	4	2	2012	3	3	2	7	7	3	1	3	1
J0774308	823.341248782491	0	5	4	2	2012	2	2	1	7	7	3	1	3	5
J0774309	796.144806958239	1	1	4	2	2012	3	3	2	7	7	3	1	2	1
J0774310	1207.85587567524	0	5	4	2	2012	1	1	1	7	7	3	1	7	-9
J0774311	874.392311346686	0	5	4	2	2012	2	2	1	7	7	3	1	4	5
J0774312	791.323934113512	0	5	4	2	2012	1	1	1	7	7	3	1	4	-9
J0774313	1418.37701718449	0	5	4	2	2012	1	1	1	7	7	3	1	9	-9
J0774401	1802.92213574753	1	1	4	2	2012	2	2	1	7	7	3	1	6	5
J0774404	1445.3175125824	1	1	4	2	2012	4	4	2	7	7	3	1	8	2
J0774408	1764.96501212754	1	1	4	2	2012	2	2	1	7	7	3	1	7	5
J0774409	1621.197172885	0	5	4	2	2012	1	1	1	7	7	3	1	4	-9
J0774410	1295.4106409544	1	1	4	2	2012	4	4	2	7	7	3	1	3	2
J0774412	1000.14044866658	0	5	4	2	2012	1	1	1	7	7	3	1	3	-9
J0781101	755.089427394762	1	1	1	4	2011	4	4	2	7	7	3	3	7	2
J0781102	1631.56890094115	0	4	1	4	2011	1	1	1	7	7	3	4	6	-9
J0781103	1763.39195659357	0	4	1	4	2011	2	2	1	7	7	3	1	10	3
J0781105	1078.1184313573	0	4	1	4	2011	2	2	1	7	7	3	1	5	3
J0781107	2340.65877761502	0	4	1	4	2011	1	1	1	7	7	3	1	9	-9
J0781108	2167.35079110308	1	1	1	4	2011	2	2	1	7	7	3	1	10	4
J0781202	1792.75046037247	0	4	1	4	2011	4	4	2	7	7	3	1	5	2
J0781205	1644.42604535399	0	4	1	4	2011	1	1	1	7	7	3	1	9	-9
J0781207	1223.23002679953	1	1	1	4	2011	1	1	1	7	7	3	1	6	-9
J0781301	1455.07045996185	1	1	1	5	2011	1	1	1	7	7	3	1	8	-9
J0781303	1791.11806935714	1	1	1	5	2011	4	4	2	7	7	3	1	6	2
J0781304	1556.10163662981	0	5	1	5	2011	1	1	1	7	7	3	1	6	-9
J0781307	1794.50649572803	1	1	1	5	2011	2	2	1	7	7	3	1	10	3
J0781407	951.728643146254	1	1	1	5	2011	4	4	2	7	7	3	2	8	2
J0781408	1808.70850852608	0	5	1	5	2011	1	1	1	7	7	3	2	8	-9
J0782102	1428.68464092078	0	5	2	7	2011	1	1	1	7	7	3	2	8	-9
J0782103	1239.51180724381	0	4	2	7	2011	1	1	1	7	7	3	2	5	-9
J0782104	1327.02735048645	1	1	2	7	2011	4	4	2	7	7	3	2	5	2
J0782105	1533.62802527481	0	5	2	7	2011	1	1	1	7	7	3	2	6	-9
J0782106	1439.84985171694	0	4	2	7	2011	1	1	1	7	7	3	2	9	-9
J0782107	1185.32522739675	0	5	2	7	2011	1	1	1	7	7	3	3	8	-9
J0782202	2099.34162275023	0	4	2	7	2011	2	2	1	7	7	3	1	9	3
J0782206	1869.38862184991	0	5	2	7	2011	1	1	1	7	7	3	1	7	-9
J0782207	1446.41537422316	1	1	2	7	2011	2	2	1	7	7	3	3	7	3
J0782303	1494.5442711571	0	5	2	8	2011	1	1	1	7	7	3	3	6	-9
J0782304	1921.03616411508	1	1	2	8	2011	2	2	1	7	7	3	2	7	3
J0782305	1368.26088878263	1	1	2	8	2011	1	1	1	7	7	3	2	7	-9
J0782306	1569.42956434683	0	5	2	8	2011	1	1	1	7	7	3	3	7	-9
J0782401	2200.44613741895	0	4	2	8	2011	1	1	1	7	7	3	1	8	-9
J0782402	2001.58295373266	0	4	2	8	2011	2	2	1	7	7	3	1	5	3
J0782404	959.219883919598	1	1	2	8	2011	4	4	2	7	7	3	1	5	2
J0782407	1552.79136419608	1	1	2	8	2011	4	4	2	7	7	3	1	5	2
J0783102	1895.77479551583	1	1	3	10	2011	2	2	1	7	7	3	2	9	3
J0783104	1480.5297274592	1	1	3	10	2011	3	3	2	7	7	3	3	7	1
J0783105	1172.05675042431	0	5	3	10	2011	1	1	1	7	7	3	4	9	-9
J0783106	1145.50370212666	0	4	3	10	2011	2	2	1	7	7	3	3	10	4
J0783107	1612.09491673765	0	5	3	10	2011	1	1	1	7	7	3	2	10	-9
J0783201	1518.88313715373	0	4	3	10	2011	3	3	2	7	7	3	2	5	1
J0783202	975.399000257238	1	1	3	10	2011	4	4	2	7	7	3	2	7	2
J0783204	1488.94980146439	1	1	3	10	2011	1	1	1	7	7	3	2	7	-9
J0783205	1709.78445831842	0	4	3	10	2011	4	4	2	7	7	3	2	9	2
J0783207	1494.05576965648	1	1	3	10	2011	1	1	1	7	7	3	4	6	-9
J0783208	1494.75775129878	0	5	3	10	2011	1	1	1	7	7	3	1	9	-9
J0783301	1457.65089898839	1	1	3	11	2011	1	1	1	7	7	3	1	8	-9
J0783305	1575.93130222262	0	5	3	11	2011	1	1	1	7	7	3	4	7	-9
J0783401	1539.05347366017	0	5	3	11	2011	1	1	1	7	7	3	1	3	-9
J0783406	885.263170309493	1	1	3	11	2011	3	3	2	7	7	3	1	4	1
J0783407	1542.88314450449	0	5	3	11	2011	2	2	1	7	7	3	1	7	4
J0783408	878.713592519862	1	1	3	11	2011	1	1	1	7	7	3	1	3	-9
J0783409	1995.053612506	0	5	3	11	2011	1	1	1	7	7	3	1	6	-9
J0784102	1705.16082671529	0	5	4	1	2012	1	1	1	7	7	3	4	7	-9
J0784103	1739.63881900609	1	1	4	1	2012	2	2	1	7	7	3	4	8	4
J0784201	1192.24003968535	0	5	4	1	2012	1	1	1	7	7	3	3	6	-9
J0784202	1543.84908207478	0	5	4	1	2012	1	1	1	7	7	3	3	8	-9
J0784203	1865.04210475041	0	4	4	1	2012	1	1	1	7	7	3	4	7	-9
J0784204	1416.84131814492	1	1	4	1	2012	4	4	2	7	7	3	3	7	2
J0784205	1393.19538634161	1	1	4	1	2012	2	2	1	7	7	3	3	9	3
J0784302	1516.02472979471	0	5	4	2	2012	1	1	1	7	7	3	1	4	-9
J0784303	2144.88131222634	0	5	4	2	2012	2	2	1	7	7	3	1	5	4
J0784304	1365.38461310092	0	4	4	2	2012	1	1	1	7	7	3	1	3	-9
J0784305	1564.8672907735	0	5	4	2	2012	1	1	1	7	7	3	1	10	-9
J0784306	1048.02577056681	1	1	4	2	2012	1	1	1	7	7	3	1	5	-9
J0784307	2156.11886917774	0	5	4	2	2012	1	1	1	7	7	3	1	4	-9
J0784401	1377.52341473271	0	5	4	2	2012	1	1	1	7	7	3	3	7	-9
J0784402	1251.87421441339	0	4	4	2	2012	1	1	1	7	7	3	1	4	-9
J0784403	917.578004891946	0	5	4	2	2012	1	1	1	7	7	3	1	4	-9
J0784405	1706.74497930884	0	5	4	2	2012	1	1	1	7	7	3	1	9	-9
J0784406	749.278525688344	0	5	4	2	2012	1	1	1	7	7	3	4	7	-9
J0784407	1872.0515813791	0	4	4	2	2012	2	2	1	7	7	3	3	7	3
J0784408	2026.68238706674	0	4	4	2	2012	2	2	1	7	7	3	4	8	4
J0791101	1633.09189138695	0	5	1	4	2011	1	1	1	7	7	3	4	8	-9
J0791102	765.311339668802	1	1	1	4	2011	4	4	2	7	7	3	2	8	2
J0791103	1915.41112096808	0	4	1	4	2011	1	1	1	7	7	3	3	8	-9
J0791106	2031.07034489626	0	5	1	4	2011	1	1	1	7	7	3	3	8	-9
J0791107	1455.67529245356	1	1	1	4	2011	1	1	1	7	7	3	3	6	-9
J0791108	729.851405388012	1	1	1	4	2011	3	3	2	7	7	3	1	3	1
J0791110	1463.32280163144	0	5	1	4	2011	1	1	1	7	7	3	1	8	-9
J0791111	1539.66296960431	1	1	1	4	2011	1	1	1	7	7	3	4	8	-9
J0791202	1489.7404929934	0	4	1	4	2011	4	4	2	7	7	3	1	6	2
J0791203	1870.76831556705	1	1	1	4	2011	1	1	1	7	7	3	3	6	-9
J0791207	1083.48191782948	0	4	1	4	2011	2	2	1	7	7	3	3	7	4
J0791208	1479.31266643166	0	5	1	4	2011	1	1	1	7	7	3	2	7	-9
J0791301	1366.19162803707	0	4	1	5	2011	1	1	1	7	7	3	2	5	-9
J0791302	1209.06861580232	0	4	1	5	2011	4	4	2	7	7	3	2	5	2
J0791306	1615.91031115529	1	1	1	5	2011	1	1	1	7	7	3	3	6	-9
J0791311	731.266114482671	0	5	1	5	2011	1	1	1	7	7	3	3	5	-9
J0791402	1549.25253859283	0	4	1	5	2011	1	1	1	7	7	3	2	7	-9
J0791405	1327.88432122893	0	5	1	5	2011	1	1	1	7	7	3	3	6	-9
J0791406	1426.67701166319	1	1	1	5	2011	1	1	1	7	7	3	3	6	-9
J0791407	1513.62139398464	0	5	1	5	2011	1	1	1	7	7	3	1	8	-9
J0791409	1488.85794951685	1	1	1	5	2011	4	4	2	7	7	3	2	5	2
J0792101	999.899902189185	0	5	2	7	2011	1	1	1	7	7	3	2	4	-9
J0792102	1834.53118532433	0	4	2	7	2011	1	1	1	7	7	3	2	6	-9
J0792103	2638.19513616744	0	5	2	7	2011	1	1	1	7	7	3	1	8	-9
J0792104	4261.47671496964	0	4	2	7	2011	2	2	1	7	7	3	1	7	3
J0792109	1805.48207449945	0	5	2	7	2011	1	1	1	7	7	3	1	3	-9
J0792110	5765.34814348734	1	1	2	7	2011	3	3	2	7	7	3	1	5	1
J0792201	1748.70530950078	0	4	2	7	2011	2	2	1	7	7	3	1	4	3
J0792203	1751.04301089114	1	1	2	7	2011	1	1	1	7	7	3	1	3	-9
J0792207	1364.9018191973	0	4	2	7	2011	1	1	1	7	7	3	1	6	-9
J0792209	1722.83103905722	1	1	2	7	2011	2	2	1	7	7	3	1	8	3
J0792301	1042.61336673544	1	1	2	8	2011	2	2	1	7	7	3	1	1	3
J0792306	1407.63264594849	0	5	2	8	2011	1	1	1	7	7	3	1	3	-9
J0792307	1644.09625402933	0	4	2	8	2011	1	1	1	7	7	3	1	3	-9
J0792403	2029.21563296394	1	1	2	8	2011	1	1	1	7	7	3	1	8	-9
J0792404	1365.87097903599	0	5	2	8	2011	1	1	1	7	7	3	1	8	-9
J0792405	804.969119155424	1	1	2	8	2011	4	4	2	7	7	3	1	6	2
J0792407	832.333234674455	1	1	2	8	2011	1	1	1	7	7	3	1	1	-9
J0792408	2115.7925293518	0	5	2	8	2011	1	1	1	7	7	3	1	9	-9
J0792409	1850.0538431802	1	1	2	8	2011	1	1	1	7	7	3	1	8	-9
J0793102	1240.54127570655	0	5	3	10	2011	1	1	1	7	7	3	1	1	-9
J0793103	937.785538290466	0	4	3	10	2011	3	3	2	7	7	3	1	1	1
J0793105	1271.5920452823	0	5	3	10	2011	1	1	1	7	7	3	1	8	-9
J0793106	1861.80918589121	0	4	3	10	2011	2	2	1	7	7	3	1	5	3
J0793107	2397.07417646686	0	5	3	10	2011	1	1	1	7	7	3	1	5	-9
J0793108	1050.29656240312	0	5	3	10	2011	2	2	1	7	7	3	1	1	3
J0793109	2120.02485177785	1	1	3	10	2011	2	2	1	7	7	3	1	5	3
J0793112	3833.00108664412	0	5	3	10	2011	1	1	1	7	7	3	1	9	-9
J0793113	1791.31837739986	0	5	3	10	2011	1	1	1	7	7	3	1	9	-9
J0793201	1165.811979821	1	1	3	10	2011	2	2	1	7	7	3	1	1	3
J0793204	978.075554218186	0	5	3	10	2011	2	2	1	7	7	3	1	2	3
J0793206	2405.98396816681	0	4	3	10	2011	2	2	1	7	7	3	1	3	3
J0793208	1566.65004526953	0	5	3	10	2011	1	1	1	7	7	3	1	8	-9
J0793209	4806.91800996944	0	5	3	10	2011	1	1	1	7	7	3	1	4	-9
J0793211	2171.23924994658	1	1	3	10	2011	2	2	1	7	7	3	1	2	3
J0793212	2284.77881743594	1	1	3	10	2011	2	2	1	7	7	3	1	4	3
J0793213	648.762595540596	1	1	3	10	2011	4	4	2	7	7	3	1	2	2
J0793214	1895.151824073	0	5	3	10	2011	2	2	1	7	7	3	1	1	3
J0793215	1551.64777866946	1	1	3	10	2011	1	1	1	7	7	3	1	10	-9
J0793301	824.202407960399	0	4	3	11	2011	1	1	1	7	7	3	1	2	-9
J0793302	948.663164117918	1	1	3	11	2011	3	3	2	7	7	3	1	1	1
J0793304	839.585718889335	1	1	3	11	2011	3	3	2	7	7	3	1	2	1
J0793305	2164.81503280036	0	5	3	11	2011	1	1	1	7	7	3	1	3	-9
J0793306	1127.403388516	1	1	3	11	2011	1	1	1	7	7	3	1	2	-9
J0793308	780.700725073241	1	1	3	11	2011	3	3	2	7	7	3	1	1	1
J0793309	767.029283554601	1	1	3	11	2011	3	3	2	7	7	3	1	1	1
J0793310	1445.45477303521	1	1	3	11	2011	2	2	1	7	7	3	1	5	3
J0793311	1195.23202581691	1	1	3	11	2011	1	1	1	7	7	3	1	7	-9
J0793313	618.853947781408	0	4	3	11	2011	4	4	2	7	7	3	1	3	2
J0793402	3892.50977009817	1	1	3	11	2011	2	2	1	7	7	3	1	4	3
J0793404	1012.03848902205	0	5	3	11	2011	2	2	1	7	7	3	1	3	5
J0793405	1008.91267844775	1	1	3	11	2011	3	3	2	7	7	3	1	2	1
J0793406	1551.70911684449	0	5	3	11	2011	1	1	1	7	7	3	1	9	-9
J0793407	2546.41941910158	1	1	3	11	2011	2	2	1	7	7	3	1	2	5
J0793408	678.921357061953	1	1	3	11	2011	3	3	2	7	7	3	1	1	1
J0793409	2250.71449499644	0	5	3	11	2011	1	1	1	7	7	3	1	6	-9
J0793410	2037.38104027141	1	1	3	11	2011	1	1	1	7	7	3	1	2	-9
J0793411	2262.61355092285	0	5	3	11	2011	1	1	1	7	7	3	1	9	-9
J0794101	1259.86303746432	1	1	4	1	2012	1	1	1	7	7	3	1	3	-9
J0794103	1917.58328510104	1	1	4	1	2012	4	4	2	7	7	3	1	3	2
J0794104	1448.50482308185	0	5	4	1	2012	1	1	1	7	7	3	1	7	-9
J0794106	1547.92057795358	1	1	4	1	2012	1	1	1	7	7	3	1	9	-9
J0794108	1483.98646735932	1	1	4	1	2012	1	1	1	7	7	3	1	8	-9
J0794109	1156.21452126881	0	4	4	1	2012	4	4	2	7	7	3	1	5	2
J0794110	1710.79354183898	0	5	4	1	2012	1	1	1	7	7	3	1	10	-9
J0794201	1714.63767655172	1	1	4	1	2012	1	1	1	7	7	3	4	8	-9
J0794202	1217.00122596774	0	5	4	1	2012	1	1	1	7	7	3	3	8	-9
J0794203	1518.44339934533	0	4	4	1	2012	1	1	1	7	7	3	1	9	-9
J0794204	1468.8421619894	0	5	4	1	2012	1	1	1	7	7	3	1	5	-9
J0794205	1802.06748399433	1	1	4	1	2012	2	2	1	7	7	3	1	7	4
J0794206	1233.24162601156	1	1	4	1	2012	1	1	1	7	7	3	1	7	-9
J0794207	1347.64516775934	0	5	4	1	2012	1	1	1	7	7	3	1	10	-9
J0794209	1583.88289630976	0	5	4	1	2012	1	1	1	7	7	3	4	8	-9
J0794210	1692.94796727286	0	5	4	1	2012	1	1	1	7	7	3	4	8	-9
J0794301	705.596009004106	1	1	4	2	2012	3	3	2	7	7	3	1	1	1
J0794302	3717.10475338037	0	5	4	2	2012	1	1	1	7	7	3	1	8	-9
J0794304	1394.91847834268	1	1	4	2	2012	1	1	1	7	7	3	1	10	-9
J0794305	1770.32054196789	1	1	4	2	2012	2	2	1	7	7	3	1	9	3
J0794306	1900.22355733445	1	1	4	2	2012	2	2	1	7	7	3	1	6	3
J0794308	971.741413943759	0	5	4	2	2012	2	2	1	7	7	3	1	1	4
J0794310	2609.12719173333	0	4	4	2	2012	4	4	2	7	7	3	1	3	2
J0794402	1395.50979705678	0	5	4	2	2012	1	1	1	7	7	3	1	8	-9
J0794403	1843.61190011991	1	1	4	2	2012	1	1	1	7	7	3	1	9	-9
J0794404	1153.79061991413	0	5	4	2	2012	1	1	1	7	7	3	1	10	-9
J0794405	1360.38118405069	1	1	4	2	2012	1	1	1	7	7	3	1	9	-9
J0794408	1394.09498977612	1	1	4	2	2012	1	1	1	7	7	3	1	10	-9
J0794409	1433.27984349048	0	5	4	2	2012	1	1	1	7	7	3	1	10	-9
J0794410	1373.70732470281	1	1	4	2	2012	1	1	1	7	7	3	1	10	-9
J0801102	1326.35683860742	1	1	1	4	2011	1	1	1	7	7	3	1	8	-9
J0801104	1596.77782024392	1	1	1	4	2011	2	2	1	7	7	3	1	9	3
J0801106	1075.81232791506	1	1	1	4	2011	3	3	2	7	7	3	1	2	1
J0801107	1260.33224804504	1	1	1	4	2011	3	3	2	7	7	3	1	5	1
J0801108	2008.90058042832	1	1	1	4	2011	2	2	1	7	7	3	1	5	3
J0801109	1057.54811043297	1	1	1	4	2011	2	2	1	7	7	3	1	4	3
J0801111	733.825664423635	1	1	1	4	2011	3	3	2	7	7	3	1	1	1
J0801112	830.493558780081	0	5	1	4	2011	1	1	1	7	7	3	1	1	-9
J0801202	1400.20954520558	1	1	1	4	2011	3	3	2	7	7	3	1	3	1
J0801203	914.06897774528	0	4	1	4	2011	1	1	1	7	7	3	1	3	-9
J0801205	1763.20803323133	1	1	1	4	2011	3	3	2	7	7	3	1	2	1
J0801207	883.894111470755	0	4	1	4	2011	3	3	2	7	7	3	1	1	1
J0801209	1190.75214559632	1	1	1	4	2011	3	3	2	7	7	3	1	4	1
J0801210	1224.08926679524	1	1	1	4	2011	3	3	2	7	7	3	1	1	1
J0801212	2693.91771016705	0	4	1	4	2011	2	2	1	7	7	3	1	1	3
J0801302	2455.18313178054	1	1	1	5	2011	1	1	1	7	7	3	1	7	-9
J0801303	963.485321845389	1	1	1	5	2011	4	4	2	7	7	3	1	6	2
J0801305	2553.00099371447	0	4	1	5	2011	3	3	2	7	7	3	1	2	1
J0801307	1988.08871504114	1	1	1	5	2011	2	2	1	7	7	3	1	6	3
J0801308	1434.56349201244	0	5	1	5	2011	1	1	1	7	7	3	2	10	-9
J0801309	2035.08858279086	1	1	1	5	2011	1	1	1	7	7	3	2	10	-9
J0801310	1824.77869888568	0	5	1	5	2011	1	1	1	7	7	3	2	10	-9
J0801401	4480.87773521867	0	4	1	5	2011	2	2	1	7	7	3	3	8	5
J0801402	955.370951509047	0	5	1	5	2011	1	1	1	7	7	3	1	6	-9
J0801403	1939.55679600893	0	4	1	5	2011	1	1	1	7	7	3	1	9	-9
J0801404	1685.90194228903	1	1	1	5	2011	4	4	2	7	7	3	1	6	2
J0801406	2765.80885057723	1	1	1	5	2011	2	2	1	7	7	3	1	10	3
J0801407	5507.35666437108	0	4	1	5	2011	2	2	1	7	7	3	4	7	5
J0801410	1808.99248872499	1	1	1	5	2011	1	1	1	7	7	3	2	8	-9
J0802101	1564.66274029909	0	5	2	7	2011	1	1	1	7	7	3	3	8	-9
J0802102	1906.60708980879	0	4	2	7	2011	1	1	1	7	7	3	2	9	-9
J0802103	2118.41417410301	0	5	2	7	2011	1	1	1	7	7	3	3	8	-9
J0802104	1613.76576947351	0	4	2	7	2011	1	1	1	7	7	3	2	6	-9
J0802108	1006.16871495771	1	1	2	7	2011	2	2	1	7	7	3	3	10	4
J0802202	1608.23827066778	0	5	2	7	2011	1	1	1	7	7	3	1	9	-9
J0802203	755.627848944481	1	1	2	7	2011	3	3	2	7	7	3	1	5	1
J0802205	1983.69444394376	1	1	2	7	2011	2	2	1	7	7	3	1	9	5
J0802206	1652.34134899284	0	5	2	7	2011	1	1	1	7	7	3	1	8	-9
J0802207	2150.5022051676	0	4	2	7	2011	1	1	1	7	7	3	3	7	-9
J0802208	814.970065588415	1	1	2	7	2011	3	3	2	7	7	3	2	7	1
J0802209	1398.45689204693	0	5	2	7	2011	1	1	1	7	7	3	1	9	-9
J0802301	1557.61292275728	0	4	2	8	2011	1	1	1	7	7	3	3	7	-9
J0802302	1346.30506893701	0	5	2	8	2011	1	1	1	7	7	3	3	7	-9
J0802304	1498.4784102963	1	1	2	8	2011	3	3	2	7	7	3	3	8	1
J0802305	5626.43050587176	1	1	2	8	2011	1	1	1	7	7	3	2	8	-9
J0802306	736.119470091221	1	1	2	8	2011	3	3	2	7	7	3	2	9	1
J0802307	1711.63067957143	1	1	2	8	2011	1	1	1	7	7	3	3	8	-9
J0802310	1609.63969795131	0	4	2	8	2011	1	1	1	7	7	3	2	10	-9
J0802401	2141.62070022243	0	4	2	8	2011	2	2	1	7	7	3	3	7	5
J0802402	1488.83058878944	0	4	2	8	2011	1	1	1	7	7	3	3	8	-9
J0802404	1528.09699580722	1	1	2	8	2011	1	1	1	7	7	3	3	7	-9
J0802405	1845.29180572065	0	5	2	8	2011	1	1	1	7	7	3	3	7	-9
J0802406	1626.06689402863	0	4	2	8	2011	4	4	2	7	7	3	2	9	2
J0802408	945.452478697827	0	4	2	8	2011	2	2	1	7	7	3	3	6	3
J0803103	1272.94562105029	0	5	3	10	2011	1	1	1	7	7	3	3	7	-9
J0803104	4748.20868190935	1	1	3	10	2011	1	1	1	7	7	3	2	8	-9
J0803109	1378.62046333589	1	1	3	10	2011	1	1	1	7	7	3	3	8	-9
J0803202	1225.45666921683	1	1	3	10	2011	1	1	1	7	7	3	2	7	-9
J0803203	1318.480290447	0	5	3	10	2011	4	4	2	7	7	3	2	5	2
J0803204	1819.86985072838	0	5	3	10	2011	1	1	1	7	7	3	3	7	-9
J0803205	1843.08374289931	0	4	3	10	2011	1	1	1	7	7	3	3	7	-9
J0803206	1420.09465211874	0	5	3	10	2011	1	1	1	7	7	3	3	6	-9
J0803209	2389.79482207843	0	5	3	10	2011	1	1	1	7	7	3	2	8	-9
J0803302	1467.68881074429	0	5	3	11	2011	1	1	1	7	7	3	2	5	-9
J0803304	2069.86038633787	1	1	3	11	2011	4	4	2	7	7	3	3	6	2
J0803305	1310.68803668487	0	5	3	11	2011	1	1	1	7	7	3	3	9	-9
J0803306	1668.20429135702	1	1	3	11	2011	1	1	1	7	7	3	4	8	-9
J0803307	1305.49322147966	0	5	3	11	2011	1	1	1	7	7	3	3	9	-9
J0803310	1522.97224263288	0	5	3	11	2011	1	1	1	7	7	3	3	6	-9
J0803311	1937.02887413822	1	1	3	11	2011	2	2	1	7	7	3	2	7	3
J0803401	1782.21416072691	1	1	3	11	2011	4	4	2	7	7	3	3	8	2
J0803402	675.544415959706	0	5	3	11	2011	1	1	1	7	7	3	4	9	-9
J0803404	1366.59650699155	0	5	3	11	2011	1	1	1	7	7	3	4	8	-9
J0803406	841.663758954636	0	5	3	11	2011	1	1	1	7	7	3	1	8	-9
J0803407	869.327950166767	0	5	3	11	2011	1	1	1	7	7	3	1	8	-9
J0803409	1335.53341625447	0	5	3	11	2011	1	1	1	7	7	3	1	10	-9
J0804101	705.911151836417	1	1	4	1	2012	3	3	2	7	7	3	1	3	1
J0804102	789.919678484915	1	1	4	1	2012	1	1	1	7	7	3	1	2	-9
J0804103	1678.69105168148	0	5	4	1	2012	1	1	1	7	7	3	1	2	-9
J0804104	1172.91322938316	0	5	4	1	2012	1	1	1	7	7	3	1	2	-9
J0804105	1855.48129507532	1	1	4	1	2012	1	1	1	7	7	3	1	2	-9
J0804106	1555.41543014421	1	1	4	1	2012	2	2	1	7	7	3	1	7	3
J0804109	1608.25888922976	0	5	4	1	2012	1	1	1	7	7	3	1	10	-9
J0804111	1831.4869503266	1	1	4	1	2012	2	2	1	7	7	3	1	10	3
J0804202	746.20663398335	0	5	4	1	2012	1	1	1	7	7	3	1	3	-9
J0804205	1616.44754542952	0	4	4	1	2012	4	4	2	7	7	3	1	3	2
J0804208	631.91783014167	0	5	4	1	2012	3	3	2	7	7	3	1	5	1
J0804210	886.556156984218	1	1	4	1	2012	2	2	1	7	7	3	1	3	4
J0804211	723.179990094461	1	1	4	1	2012	3	3	2	7	7	3	1	1	1
J0804212	807.086141033652	0	5	4	1	2012	1	1	1	7	7	3	1	2	-9
J0804213	887.159403848585	1	1	4	1	2012	3	3	2	7	7	3	1	2	1
J0804214	2206.72205463442	1	1	4	1	2012	2	2	1	7	7	3	1	3	3
J0804301	4469.24036041441	0	5	4	2	2012	1	1	1	7	7	3	1	5	-9
J0804303	971.408548176682	0	4	4	2	2012	2	2	1	7	7	3	1	5	5
J0804304	4619.78509261526	0	4	4	2	2012	2	2	1	7	7	3	1	5	3
J0804305	1926.56875939577	0	4	4	2	2012	2	2	1	7	7	3	1	6	3
J0804306	4521.06524307317	0	5	4	2	2012	1	1	1	7	7	3	1	7	-9
J0804307	1023.02150056526	0	5	4	2	2012	1	1	1	7	7	3	1	3	-9
J0804309	1183.6939615646	1	1	4	2	2012	3	3	2	7	7	3	1	2	1
J0804310	1549.44873724979	1	1	4	2	2012	1	1	1	7	7	3	1	3	-9
J0804311	664.664066779568	1	1	4	2	2012	3	3	2	7	7	3	1	3	1
J0804401	1608.0088912505	0	4	4	2	2012	2	2	1	7	7	3	1	3	3
J0804404	617.084339961791	1	1	4	2	2012	3	3	2	7	7	3	1	2	1
J0804406	1971.94834672133	0	5	4	2	2012	1	1	1	7	7	3	1	2	-9
J0804408	758.871539995409	0	5	4	2	2012	1	1	1	7	7	3	1	2	-9
J0804409	734.616115153302	1	1	4	2	2012	4	4	2	7	7	3	1	2	2
J0804410	596.564552516951	1	1	4	2	2012	3	3	2	7	7	3	1	2	1
J0804412	1165.87282365668	1	1	4	2	2012	2	2	1	7	7	3	1	6	5
J0811104	1517.14470765457	0	5	1	4	2011	1	1	1	7	7	3	1	4	-9
J0811105	1003.50222672208	1	1	1	4	2011	1	1	1	7	7	3	1	1	-9
J0811106	1900.91825047902	0	5	1	4	2011	1	1	1	7	7	3	1	7	-9
J0811107	1608.09417805944	1	1	1	4	2011	1	1	1	7	7	3	4	4	-9
J0811109	1760.00564148617	1	1	1	4	2011	1	1	1	7	7	3	2	7	-9
J0811201	1468.8326670423	0	5	1	4	2011	1	1	1	7	7	3	1	4	-9
J0811202	1484.26392936897	1	1	1	4	2011	1	1	1	7	7	3	1	5	-9
J0811203	1367.70058449241	1	1	1	4	2011	1	1	1	7	7	3	1	4	-9
J0811204	1305.85784775988	1	1	1	4	2011	3	3	2	7	7	3	1	1	1
J0811205	3009.45562442485	1	1	1	4	2011	3	3	2	7	7	3	1	1	1
J0811207	617.365319989923	1	1	1	4	2011	2	2	1	7	7	3	1	1	3
J0811209	1431.62937550722	1	1	1	4	2011	1	1	1	7	7	3	1	8	-9
J0811210	4503.43991227254	0	5	1	4	2011	1	1	1	7	7	3	1	9	-9
J0811211	1467.68236945387	0	4	1	4	2011	1	1	1	7	7	3	3	4	-9
J0811212	3312.98604445637	0	5	1	4	2011	1	1	1	7	7	3	1	8	-9
J0811304	738.581639946134	1	1	1	5	2011	3	3	2	7	7	3	1	1	1
J0811308	1486.74072941634	0	5	1	5	2011	1	1	1	7	7	3	1	3	-9
J0811309	1847.11945578362	1	1	1	5	2011	1	1	1	7	7	3	1	1	-9
J0811310	1114.30254027644	1	1	1	5	2011	4	4	2	7	7	3	1	1	2
J0811311	1398.61757129711	1	1	1	5	2011	1	1	1	7	7	3	1	3	-9
J0811401	1371.30244072861	0	5	1	5	2011	1	1	1	7	7	3	3	5	-9
J0811402	1414.52310807682	0	4	1	5	2011	1	1	1	7	7	3	2	7	-9
J0811404	1436.15805767572	0	4	1	5	2011	1	1	1	7	7	3	1	1	-9
J0811405	1407.68739250353	1	1	1	5	2011	1	1	1	7	7	3	1	3	-9
J0811408	1126.06754740801	1	1	1	5	2011	3	3	2	7	7	3	1	3	1
J0811409	1589.98531231029	1	1	1	5	2011	1	1	1	7	7	3	1	5	-9
J0811410	1337.23470510892	0	4	1	5	2011	2	2	1	7	7	3	1	6	5
J0812101	1845.72393460523	1	1	2	7	2011	1	1	1	7	7	3	4	5	-9
J0812102	1250.08935304926	0	5	2	7	2011	1	1	1	7	7	3	3	5	-9
J0812104	1556.72401535719	0	5	2	7	2011	1	1	1	7	7	3	2	9	-9
J0812105	1605.40386842009	0	4	2	7	2011	1	1	1	7	7	3	4	6	-9
J0812107	4905.2634500921	1	1	2	7	2011	1	1	1	7	7	3	3	7	-9
J0812108	1371.46943451591	0	5	2	7	2011	1	1	1	7	7	3	2	7	-9
J0812201	4589.03762148384	0	5	2	7	2011	1	1	1	7	7	3	2	10	-9
J0812202	4820.90336672458	0	5	2	7	2011	1	1	1	7	7	3	3	6	-9
J0812203	3336.17758329642	0	4	2	7	2011	1	1	1	7	7	3	2	9	-9
J0812204	1790.76202683333	0	5	2	7	2011	1	1	1	7	7	3	2	8	-9
J0812205	2225.65650006616	1	1	2	7	2011	1	1	1	7	7	3	1	10	-9
J0812206	1399.28480199324	0	5	2	7	2011	1	1	1	7	7	3	1	10	-9
J0812208	1599.27882631779	1	1	2	7	2011	2	2	1	7	7	3	1	9	3
J0812209	2232.84260412133	1	1	2	7	2011	1	1	1	7	7	3	1	7	-9
J0812210	1381.40425934562	0	5	2	7	2011	1	1	1	7	7	3	1	7	-9
J0812303	1350.14388292667	0	4	2	8	2011	1	1	1	7	7	3	1	9	-9
J0812304	697.953006525154	1	1	2	8	2011	4	4	2	7	7	3	1	5	2
J0812305	799.967748908558	1	1	2	8	2011	4	4	2	7	7	3	1	6	2
J0812306	889.868413764389	0	5	2	8	2011	1	1	1	7	7	3	1	6	-9
J0812401	1638.40947610362	0	4	2	8	2011	1	1	1	7	7	3	3	6	-9
J0812403	1444.90825200167	1	1	2	8	2011	1	1	1	7	7	3	2	9	-9
J0812404	2011.91088662944	0	5	2	8	2011	1	1	1	7	7	3	3	8	-9
J0812405	1144.48392395762	1	1	2	8	2011	2	2	1	7	7	3	2	7	3
J0812406	957.891341954243	0	4	2	8	2011	4	4	2	7	7	3	3	9	2
J0812410	2005.01099702909	0	4	2	8	2011	1	1	1	7	7	3	3	7	-9
J0813102	1509.00259271784	0	5	3	10	2011	1	1	1	7	7	3	3	5	-9
J0813103	2140.16494799902	1	1	3	10	2011	1	1	1	7	7	3	3	9	-9
J0813104	831.322536519083	0	5	3	10	2011	1	1	1	7	7	3	2	7	-9
J0813105	1688.18014572957	0	5	3	10	2011	1	1	1	7	7	3	3	5	-9
J0813106	896.146865824812	0	4	3	10	2011	4	4	2	7	7	3	2	3	2
J0813108	898.435916690291	0	4	3	10	2011	4	4	2	7	7	3	2	3	2
J0813109	1107.94750567257	0	5	3	10	2011	1	1	1	7	7	3	2	7	-9
J0813110	641.842709601771	0	4	3	10	2011	4	4	2	7	7	3	3	4	2
J0813111	3189.91296507563	1	1	3	10	2011	4	4	2	7	7	3	2	5	2
J0813201	1503.08102225235	0	5	3	10	2011	1	1	1	7	7	3	2	9	-9
J0813203	768.817666406693	0	5	3	10	2011	1	1	1	7	7	3	3	6	-9
J0813204	1495.141076415	0	5	3	10	2011	1	1	1	7	7	3	2	7	-9
J0813208	3941.61836675126	0	5	3	10	2011	1	1	1	7	7	3	2	5	-9
J0813303	842.42038559322	1	1	3	11	2011	4	4	2	7	7	3	1	1	2
J0813304	1914.28605589698	0	4	3	11	2011	1	1	1	7	7	3	1	8	-9
J0813306	2276.57260348258	1	1	3	11	2011	1	1	1	7	7	3	4	6	-9
J0813307	1494.04773733826	0	5	3	11	2011	1	1	1	7	7	3	1	6	-9
J0813308	695.028772571615	0	4	3	11	2011	4	4	2	7	7	3	1	8	2
J0813309	1607.74667484227	1	1	3	11	2011	1	1	1	7	7	3	1	7	-9
J0813310	873.935668303039	1	1	3	11	2011	4	4	2	7	7	3	1	3	2
J0813311	739.357176330068	1	1	3	11	2011	1	1	1	7	7	3	1	3	-9
J0813312	3155.84435482476	1	1	3	11	2011	4	4	2	7	7	3	1	3	2
J0813313	1610.53476797903	0	5	3	11	2011	1	1	1	7	7	3	1	3	-9
J0813402	997.267889259375	1	1	3	11	2011	2	2	1	7	7	3	4	6	3
J0813403	1990.98239089197	0	5	3	11	2011	1	1	1	7	7	3	3	8	-9
J0813404	2309.71471220579	0	4	3	11	2011	2	2	1	7	7	3	4	6	3
J0813405	2092.80321458128	1	1	3	11	2011	1	1	1	7	7	3	2	9	-9
J0813406	1861.57463076694	0	5	3	11	2011	1	1	1	7	7	3	4	8	-9
J0813408	904.644474884254	0	5	3	11	2011	1	1	1	7	7	3	2	7	-9
J0813410	2354.75323001161	1	1	3	11	2011	4	4	2	7	7	3	2	4	2
J0814102	759.485457573991	0	5	4	1	2012	3	3	2	7	7	3	1	1	1
J0814103	742.226231071173	1	1	4	1	2012	3	3	2	7	7	3	1	1	1
J0814104	1318.48549892891	0	5	4	1	2012	1	1	1	7	7	3	1	7	-9
J0814109	1896.62205042987	0	5	4	1	2012	1	1	1	7	7	3	1	9	-9
J0814110	1481.11743194575	0	4	4	1	2012	1	1	1	7	7	3	1	9	-9
J0814204	1425.83810203118	0	4	4	1	2012	2	2	1	7	7	3	4	9	3
J0814205	1377.5249402108	0	5	4	1	2012	1	1	1	7	7	3	2	10	-9
J0814206	1487.10428412882	1	1	4	1	2012	1	1	1	7	7	3	1	8	-9
J0814301	1488.71988907022	1	1	4	2	2012	1	1	1	7	7	3	2	8	-9
J0814305	1576.7058997772	0	4	4	2	2012	2	2	1	7	7	3	3	8	4
J0814308	1334.48706136686	0	5	4	2	2012	1	1	1	7	7	3	3	7	-9
J0814402	1023.6060583079	0	4	4	2	2012	2	2	1	7	7	3	1	3	5
J0814403	1473.76291620198	0	5	4	2	2012	1	1	1	7	7	3	1	7	-9
J0814408	1251.28082145729	1	1	4	2	2012	2	2	1	7	7	3	1	9	5
J0814409	1083.2192926809	1	1	4	2	2012	2	2	1	7	7	3	1	3	3
J0814412	1674.6943462462	0	5	4	2	2012	1	1	1	7	7	3	3	6	-9
J0821102	1496.92789191104	0	5	1	4	2011	1	1	1	7	7	3	1	1	-9
J0821103	737.213506961249	1	1	1	4	2011	4	4	2	7	7	3	4	5	2
J0821105	1499.29616364306	0	5	1	4	2011	1	1	1	7	7	3	3	4	-9
J0821106	4021.3571607645	1	1	1	4	2011	1	1	1	7	7	3	3	6	-9
J0821107	1594.29410566568	1	1	1	4	2011	2	2	1	7	7	3	2	5	4
J0821202	1941.65398646816	0	5	1	4	2011	1	1	1	7	7	3	1	6	-9
J0821203	1455.04949555195	1	1	1	4	2011	4	4	2	7	7	3	3	5	2
J0821205	2250.46607423957	0	4	1	4	2011	1	1	1	7	7	3	3	6	-9
J0821206	1696.33659609004	1	1	1	4	2011	2	2	1	7	7	3	2	7	3
J0821302	1572.4238804854	0	5	1	5	2011	1	1	1	7	7	3	4	5	-9
J0821304	1746.99988250542	0	5	1	5	2011	1	1	1	7	7	3	3	5	-9
J0821307	1854.90811640695	1	1	1	5	2011	2	2	1	7	7	3	2	7	3
J0821401	1608.40167244939	0	5	1	5	2011	1	1	1	7	7	3	2	6	-9
J0821403	1318.96309562055	0	5	1	5	2011	1	1	1	7	7	3	3	5	-9
J0821405	1017.16901170901	1	1	1	5	2011	2	2	1	7	7	3	2	10	4
J0821406	1388.7047985758	1	1	1	5	2011	1	1	1	7	7	3	3	5	-9
J0822101	1709.70376645082	0	5	2	7	2011	1	1	1	7	7	3	3	5	-9
J0822102	829.107493182177	1	1	2	7	2011	2	2	1	7	7	3	3	5	4
J0822105	2147.16763169154	0	5	2	7	2011	1	1	1	7	7	3	2	6	-9
J0822201	1353.53487846273	0	5	2	7	2011	1	1	1	7	7	3	1	10	-9
J0822206	724.440007660215	0	4	2	7	2011	2	2	1	7	7	3	2	6	5
J0822207	1553.82378826286	1	1	2	7	2011	4	4	2	7	7	3	3	5	2
J0822302	772.982488532522	1	1	2	8	2011	4	4	2	7	7	3	1	3	2
J0822303	2450.76560893041	0	5	2	8	2011	1	1	1	7	7	3	1	9	-9
J0822304	2366.79591126824	1	1	2	8	2011	2	2	1	7	7	3	1	6	3
J0822305	1783.7455620893	1	1	2	8	2011	4	4	2	7	7	3	1	1	2
J0822307	1365.82020569558	0	5	2	8	2011	1	1	1	7	7	3	1	6	-9
J0822405	871.698858683721	1	1	2	8	2011	4	4	2	7	7	3	1	1	2
J0822406	1536.61719386252	0	5	2	8	2011	1	1	1	7	7	3	1	5	-9
J0822407	972.931934630027	0	4	2	8	2011	4	4	2	7	7	3	1	1	2
J0822408	1698.58313820164	1	1	2	8	2011	4	4	2	7	7	3	1	1	2
J0822409	676.813222100214	1	1	2	8	2011	4	4	2	7	7	3	1	1	2
J0822410	962.332157464921	1	1	2	8	2011	4	4	2	7	7	3	1	1	2
J0822411	755.282860458288	1	1	2	8	2011	4	4	2	7	7	3	1	1	2
J0823103	1458.65354024684	0	5	3	10	2011	1	1	1	7	7	3	2	6	-9
J0823106	1833.34077914051	1	1	3	10	2011	1	1	1	7	7	3	3	7	-9
J0823201	1507.68674727602	1	1	3	10	2011	1	1	1	7	7	3	4	6	-9
J0823202	4001.8219136493	0	5	3	10	2011	1	1	1	7	7	3	1	5	-9
J0823204	1274.47109549766	0	5	3	10	2011	1	1	1	7	7	3	1	3	-9
J0823205	4826.1353046182	0	5	3	10	2011	1	1	1	7	7	3	1	7	-9
J0823301	1430.73980158523	0	5	3	11	2011	1	1	1	7	7	3	4	6	-9
J0823302	4140.24644905379	0	4	3	11	2011	1	1	1	7	7	3	3	4	-9
J0823307	2243.53503714048	1	1	3	11	2011	2	2	1	7	7	3	1	5	3
J0823401	3953.22198801955	0	5	3	11	2011	1	1	1	7	7	3	3	6	-9
J0823402	4274.36744063352	1	1	3	11	2011	1	1	1	7	7	3	4	6	-9
J0823404	4419.46976687947	0	4	3	11	2011	1	1	1	7	7	3	2	9	-9
J0823406	1042.2452463221	0	5	3	11	2011	1	1	1	7	7	3	2	4	-9
J0824104	1265.66712411205	0	5	4	1	2012	1	1	1	7	7	3	3	5	-9
J0824201	2140.28299118137	0	5	4	1	2012	1	1	1	7	7	3	3	5	-9
J0824203	1689.03890912415	0	5	4	1	2012	1	1	1	7	7	3	2	7	-9
J0824204	2046.30279034416	1	1	4	1	2012	2	2	1	7	7	3	3	5	3
J0824205	1745.79329035906	1	1	4	1	2012	2	2	1	7	7	3	4	5	5
J0824207	1525.20100084454	1	1	4	1	2012	1	1	1	7	7	3	2	9	-9
J0824301	1823.6115618959	0	5	4	2	2012	1	1	1	7	7	3	4	5	-9
J0824302	2309.07021738097	1	1	4	2	2012	1	1	1	7	7	3	2	4	-9
J0824304	1972.34228041528	1	1	4	2	2012	1	1	1	7	7	3	2	3	-9
J0824307	970.391944404658	0	4	4	2	2012	1	1	1	7	7	3	2	4	-9
J0824308	979.661221732919	1	1	4	2	2012	2	2	1	7	7	3	4	4	4
J0824309	1915.20509613308	1	1	4	2	2012	2	2	1	7	7	3	4	5	3
J0824310	740.662106769446	0	4	4	2	2012	4	4	2	7	7	3	3	5	2
J0824401	1390.38127402239	0	5	4	2	2012	1	1	1	7	7	3	2	4	-9
J0824403	1217.90888886933	0	5	4	2	2012	1	1	1	7	7	3	2	6	-9
J0824404	774.564689958841	1	1	4	2	2012	4	4	2	7	7	3	2	6	2
J0824407	1426.21134720128	1	1	4	2	2012	1	1	1	7	7	3	3	6	-9
J0824409	1898.62695508388	1	1	4	2	2012	4	4	2	7	7	3	3	6	2
J0831102	1373.03718360525	0	5	1	4	2011	1	1	1	4	5	3	1	6	-9
J0831103	1551.01357891207	1	1	1	4	2011	1	1	1	4	5	3	1	6	-9
J0831104	2127.83583133712	0	5	1	4	2011	1	1	1	4	5	3	1	3	-9
J0831105	1234.73460252111	0	4	1	4	2011	1	1	1	4	5	3	3	3	-9
J0831201	1546.15464694495	0	5	1	4	2011	1	1	1	4	5	3	1	3	-9
J0831202	1652.82537106417	1	1	1	4	2011	3	3	2	4	5	3	3	5	1
J0831203	1875.95596026711	0	5	1	4	2011	1	1	1	4	5	3	1	6	-9
J0831204	1026.08685903629	1	1	1	4	2011	1	1	1	4	5	3	1	6	-9
J0831206	2072.13653623244	1	1	1	4	2011	1	1	1	4	5	3	3	7	-9
J0831207	1467.22320589002	1	1	1	4	2011	1	1	1	4	5	3	2	7	-9
J0831302	1916.95335277062	0	5	1	5	2011	1	1	1	4	5	3	3	6	-9
J0831305	1348.60548247495	1	1	1	5	2011	3	3	2	4	5	3	2	4	1
J0831306	1784.87972321242	0	4	1	5	2011	1	1	1	4	5	3	4	4	-9
J0831307	1145.95423239388	0	5	1	5	2011	1	1	1	4	5	3	3	5	-9
J0831402	1871.35921344484	0	5	1	5	2011	1	1	1	4	5	3	3	5	-9
J0831403	1367.0859213987	1	1	1	5	2011	3	3	2	4	5	3	2	5	1
J0831404	1826.20569795906	0	5	1	5	2011	1	1	1	4	5	3	2	5	-9
J0831405	2456.01796887762	1	1	1	5	2011	1	1	1	4	5	3	4	7	-9
J0831407	1485.45875511177	1	1	1	5	2011	3	3	2	4	5	3	2	3	1
J0832101	1271.44863541359	0	5	2	7	2011	1	1	1	7	7	3	1	7	-9
J0832102	2089.25026322044	1	1	2	7	2011	4	4	2	7	7	3	3	3	2
J0832103	1764.61192253584	0	5	2	7	2011	1	1	1	7	7	3	4	4	-9
J0832105	1381.06914149781	0	5	2	7	2011	1	1	1	7	7	3	3	3	-9
J0832106	1372.55221974756	1	1	2	7	2011	1	1	1	7	7	3	1	6	-9
J0832107	1660.6224516773	0	5	2	7	2011	1	1	1	7	7	3	1	5	-9
J0832202	1346.40215014563	0	5	2	7	2011	1	1	1	7	7	3	1	3	-9
J0832203	1886.40290699336	1	1	2	7	2011	2	2	1	7	7	3	1	2	5
J0832205	1789.98324904211	0	4	2	7	2011	2	2	1	7	7	3	1	4	3
J0832206	2070.72763427858	0	5	2	7	2011	1	1	1	7	7	3	1	4	-9
J0832207	1226.7302082182	0	4	2	7	2011	1	1	1	7	7	3	1	5	-9
J0832301	1609.74674017775	1	1	2	8	2011	2	2	1	4	5	3	4	5	4
J0832303	1228.68959146055	0	4	2	8	2011	4	4	2	7	7	3	1	3	2
J0832304	954.464173946914	1	1	2	8	2011	4	4	2	7	7	3	1	1	2
J0832306	1679.68371679159	0	5	2	8	2011	1	1	1	7	7	3	1	4	-9
J0832401	1920.5438662764	0	5	2	8	2011	1	1	1	4	5	3	1	5	-9
J0832402	2743.73171436021	1	1	2	8	2011	2	2	1	4	5	3	1	8	3
J0832403	1772.60653060214	1	1	2	8	2011	3	3	2	4	5	3	1	5	1
J0832404	1630.5816659602	0	5	2	8	2011	1	1	1	4	5	3	1	5	-9
J0832405	1585.92232464906	1	1	2	8	2011	1	1	1	4	5	3	1	9	-9
J0832408	1517.64483656316	0	4	2	8	2011	2	2	1	4	5	3	2	7	5
J0833101	3823.35021003492	0	4	3	10	2011	4	4	2	7	7	3	2	4	2
J0833102	1611.0832840826	1	1	3	10	2011	1	1	1	7	7	3	3	7	-9
J0833103	1791.47829802912	0	5	3	10	2011	1	1	1	7	7	3	2	7	-9
J0833105	1920.1941127564	1	1	3	10	2011	2	2	1	7	7	3	2	7	3
J0833106	2717.2961609889	0	5	3	10	2011	1	1	1	7	7	3	3	6	-9
J0833107	1468.03695285452	1	1	3	10	2011	1	1	1	7	7	3	3	8	-9
J0833201	1414.96600145388	0	5	3	10	2011	1	1	1	7	7	3	3	6	-9
J0833202	1448.91041418426	1	1	3	10	2011	1	1	1	7	7	3	3	5	-9
J0833205	776.108711257878	0	4	3	10	2011	4	4	2	7	7	3	2	5	2
J0833206	1781.71213333947	0	5	3	10	2011	1	1	1	7	7	3	2	6	-9
J0833304	1794.9263689726	0	5	3	11	2011	1	1	1	7	7	3	1	4	-9
J0833306	1465.44496674771	1	1	3	11	2011	2	2	1	7	7	3	3	6	3
J0833401	1368.70096009702	1	1	3	11	2011	1	1	1	7	7	3	1	3	-9
J0833402	1105.01257504523	0	5	3	11	2011	4	4	2	7	7	3	1	5	2
J0833403	1511.85435474667	0	5	3	11	2011	1	1	1	7	7	3	1	3	-9
J0833405	906.112085073666	0	5	3	11	2011	1	1	1	7	7	3	1	2	-9
J0834101	1077.40937725336	0	5	4	1	2012	1	1	1	7	7	3	2	6	-9
J0834103	1632.40294583278	0	5	4	1	2012	1	1	1	7	7	3	3	8	-9
J0834104	1332.4869237206	0	5	4	1	2012	1	1	1	7	7	3	2	10	-9
J0834106	1705.74901373085	0	5	4	1	2012	1	1	1	7	7	3	3	6	-9
J0834201	1831.59407473407	1	1	4	1	2012	1	1	1	7	7	3	2	10	-9
J0834202	1381.59668364612	0	5	4	1	2012	1	1	1	7	7	3	2	10	-9
J0834203	2090.56163899267	0	5	4	1	2012	1	1	1	7	7	3	2	9	-9
J0834204	2198.76198962646	1	1	4	1	2012	1	1	1	7	7	3	2	10	-9
J0834205	1731.5865813025	1	1	4	1	2012	2	2	1	7	7	3	2	10	3
J0834206	1681.07633667193	1	1	4	1	2012	1	1	1	7	7	3	1	8	-9
J0834207	2367.22345640845	0	4	4	1	2012	2	2	1	7	7	3	2	9	3
J0834301	1584.87554318133	0	5	4	2	2012	1	1	1	7	7	3	3	7	-9
J0834303	1795.18635087394	1	1	4	2	2012	1	1	1	7	7	3	2	9	-9
J0834304	1226.06726785002	0	5	4	2	2012	1	1	1	7	7	3	2	7	-9
J0834305	1482.19183199465	1	1	4	2	2012	1	1	1	7	7	3	3	10	-9
J0834306	1550.22577956529	0	5	4	2	2012	1	1	1	7	7	3	2	10	-9
J0834401	1681.99307250395	1	1	4	2	2012	1	1	1	7	7	3	1	9	-9
J0834402	1894.07015591556	0	5	4	2	2012	1	1	1	7	7	3	1	6	-9
J0834404	1032.28563304644	0	5	4	2	2012	1	1	1	7	7	3	1	6	-9
J0834406	1571.65071065592	1	1	4	2	2012	1	1	1	7	7	3	1	10	-9
J0841102	4130.73973435944	1	1	1	4	2011	1	1	1	4	5	3	2	8	-9
J0841103	5680.41105827296	0	5	1	4	2011	1	1	1	4	5	3	2	5	-9
J0841104	1456.72783663739	1	1	1	4	2011	1	1	1	4	5	3	2	9	-9
J0841105	1290.75665400163	0	5	1	4	2011	1	1	1	4	5	3	2	9	-9
J0841106	3923.16073872694	1	1	1	4	2011	1	1	1	4	5	3	2	7	-9
J0841201	692.760819242971	1	1	1	4	2011	4	4	2	4	5	3	2	5	2
J0841203	1532.76438813411	0	5	1	4	2011	1	1	1	4	5	3	3	5	-9
J0841302	1508.68165562558	0	5	1	5	2011	1	1	1	4	5	3	3	10	-9
J0841303	1012.29256243307	0	4	1	5	2011	2	2	1	7	7	3	2	8	4
J0841304	1382.8871780123	0	5	1	5	2011	1	1	1	7	7	3	2	8	-9
J0841305	1357.8008018234	1	1	1	5	2011	4	4	2	4	5	3	3	8	2
J0841306	1838.1450574415	0	5	1	5	2011	1	1	1	4	5	3	2	9	-9
J0841401	1601.51722707733	1	1	1	5	2011	1	1	1	7	7	3	2	7	-9
J0841402	1871.70385339169	1	1	1	5	2011	2	2	1	7	7	3	3	9	3
J0841405	1627.15326120423	1	1	1	5	2011	1	1	1	4	5	3	3	8	-9
J0842101	1727.42228254764	0	5	2	7	2011	1	1	1	7	7	3	1	9	-9
J0842102	1538.98295713678	1	1	2	7	2011	1	1	1	7	7	3	1	4	-9
J0842104	2005.03536981064	1	1	2	7	2011	2	2	1	7	7	3	1	3	4
J0842105	2330.60671396918	1	1	2	7	2011	2	2	1	7	7	3	1	9	3
J0842201	903.687373752126	0	5	2	7	2011	1	1	1	7	7	3	1	4	-9
J0842204	1530.54257162578	1	1	2	7	2011	1	1	1	7	7	3	1	4	-9
J0842205	761.288914547963	1	1	2	7	2011	4	4	2	7	7	3	1	3	2
J0842207	1576.46107666672	0	5	2	7	2011	1	1	1	7	7	3	1	8	-9
J0842301	731.962984088386	0	4	2	8	2011	4	4	2	7	7	3	1	2	2
J0842302	1825.34632856457	1	1	2	8	2011	2	2	1	7	7	3	1	1	3
J0842303	1888.2659553973	0	4	2	8	2011	1	1	1	7	7	3	1	2	-9
J0842305	1242.6829484572	1	1	2	8	2011	4	4	2	7	7	3	1	1	2
J0842306	1112.10454460802	0	4	2	8	2011	4	4	2	7	7	3	1	1	2
J0842307	2568.94768126334	1	1	2	8	2011	4	4	2	7	7	3	1	2	2
J0842401	1546.05263056287	0	4	2	8	2011	2	2	1	7	7	3	1	3	3
J0843101	1389.55704202404	0	5	3	10	2011	1	1	1	7	7	3	1	8	-9
J0843102	1431.31436445124	1	1	3	10	2011	4	4	2	7	7	3	1	8	2
J0843104	700.364085291197	0	5	3	10	2011	1	1	1	7	7	3	1	1	-9
J0843106	1309.71251737968	0	5	3	10	2011	1	1	1	7	7	3	1	6	-9
J0843107	1398.25549430871	1	1	3	10	2011	1	1	1	7	7	3	1	9	-9
J0843202	1681.93683298526	0	5	3	10	2011	4	4	2	7	7	3	1	4	2
J0843204	1410.97412154807	0	4	3	10	2011	2	2	1	7	7	3	3	8	3
J0843307	1842.12661611512	0	4	3	11	2011	1	1	1	7	7	3	1	2	-9
J0843403	1989.31490677972	1	1	3	11	2011	4	4	2	7	7	3	1	1	2
J0843404	1225.03543695095	1	1	3	11	2011	2	2	1	7	7	3	1	2	3
J0844101	1507.99671115136	0	5	4	1	2012	1	1	1	7	7	3	1	7	-9
J0844103	743.808847038573	0	4	4	1	2012	2	2	1	7	7	3	1	2	3
J0844104	1837.03873970443	0	4	4	1	2012	1	1	1	7	7	3	1	8	-9
J0844105	1233.02256575852	0	5	4	1	2012	1	1	1	7	7	3	1	9	-9
J0844202	1080.57149718987	0	5	4	1	2012	1	1	1	7	7	3	1	2	-9
J0844203	1493.23551070233	0	4	4	1	2012	1	1	1	7	7	3	1	8	-9
J0844205	3622.91760517805	1	1	4	1	2012	4	4	2	7	7	3	1	1	2
J0844207	854.096274780887	1	1	4	1	2012	4	4	2	7	7	3	1	2	2
J0844301	658.462510239	0	4	4	2	2012	4	4	2	7	7	3	1	2	2
J0844302	1008.10982786338	1	1	4	2	2012	4	4	2	7	7	3	1	1	2
J0844303	881.387333841181	1	1	4	2	2012	1	1	1	7	7	3	1	2	-9
J0844306	2260.51784539957	0	4	4	2	2012	2	2	1	7	7	3	4	4	3
J0844308	1490.30421667354	1	1	4	2	2012	1	1	1	7	7	3	2	4	-9
J0844401	1903.64936861423	0	5	4	2	2012	1	1	1	7	7	3	1	5	-9
J0844402	1476.98377227443	0	4	4	2	2012	4	4	2	7	7	3	1	2	2
J0844403	916.844721898811	0	4	4	2	2012	2	2	1	7	7	3	1	2	3
J0844404	1372.39699928421	0	5	4	2	2012	1	1	1	7	7	3	1	3	-9
J0844405	1007.1765486844	0	4	4	2	2012	1	1	1	7	7	3	1	4	-9
J0844407	623.765135733273	1	1	4	2	2012	4	4	2	7	7	3	1	4	2
J0844409	1284.33897233607	0	5	4	2	2012	4	4	2	7	7	3	1	5	2
J0851101	1795.97350508211	1	1	1	4	2011	2	2	1	4	5	3	4	8	3
J0851103	1341.44891335315	0	5	1	4	2011	1	1	1	4	5	3	3	9	-9
J0851104	1199.16052013704	1	1	1	4	2011	1	1	1	4	5	3	1	10	-9
J0851107	2030.95093930422	0	5	1	4	2011	1	1	1	4	5	3	2	8	-9
J0851201	1549.76669755687	0	5	1	4	2011	1	1	1	4	5	3	1	7	-9
J0851202	1970.14177103791	1	1	1	4	2011	1	1	1	4	5	3	1	4	-9
J0851203	1474.95606115758	0	4	1	4	2011	1	1	1	4	5	3	1	10	-9
J0851204	1837.62220149996	0	5	1	4	2011	1	1	1	4	5	3	1	9	-9
J0851205	2037.72306305684	1	1	1	4	2011	1	1	1	4	5	3	1	10	-9
J0851206	2001.77976586397	0	5	1	4	2011	1	1	1	4	5	3	1	9	-9
J0851207	851.965855799456	1	1	1	4	2011	3	3	2	4	5	3	1	4	1
J0851208	1781.12425178296	0	5	1	4	2011	1	1	1	4	5	3	1	7	-9
J0851302	2105.46712281176	0	5	1	5	2011	1	1	1	4	5	3	1	9	-9
J0851305	2032.44466813812	1	1	1	5	2011	1	1	1	4	5	3	1	4	-9
J0851306	737.849702829654	1	1	1	5	2011	2	2	1	4	5	3	1	4	3
J0851401	1836.93523404095	1	1	1	5	2011	2	2	1	4	5	3	1	4	4
J0851402	1642.93881756963	0	5	1	5	2011	1	1	1	4	5	3	1	7	-9
J0851403	1379.7472913909	1	1	1	5	2011	1	1	1	4	5	3	1	6	-9
J0851404	1776.31540223089	0	5	1	5	2011	1	1	1	4	5	3	1	6	-9
J0851405	834.555575366368	1	1	1	5	2011	4	4	2	4	5	3	1	6	2
J0851406	1047.59001166098	1	1	1	5	2011	1	1	1	4	5	3	1	1	-9
J0851407	1650.03276414815	0	5	1	5	2011	1	1	1	4	5	3	1	8	-9
J0851408	2010.70024853394	1	1	1	5	2011	1	1	1	4	5	3	1	7	-9
J0851409	1928.02930318363	0	5	1	5	2011	1	1	1	4	5	3	1	5	-9
J0852101	1528.68443293775	0	5	2	7	2011	1	1	1	4	5	3	1	6	-9
J0852104	3628.63861261262	1	1	2	7	2011	1	1	1	4	5	3	1	9	-9
J0852105	1147.53023134747	0	5	2	7	2011	1	1	1	4	5	3	1	9	-9
J0852206	4528.88968618101	0	5	2	7	2011	1	1	1	4	5	3	1	9	-9
J0852301	1512.58114526504	1	1	2	8	2011	4	4	2	4	5	3	1	9	2
J0852302	2233.00286396888	1	1	2	8	2011	1	1	1	4	5	3	1	10	-9
J0852304	1315.11166262204	0	5	2	8	2011	1	1	1	4	5	3	1	10	-9
J0852306	1582.54577859726	0	4	2	8	2011	2	2	1	4	5	3	2	9	3
J0852402	2009.25710673738	1	1	2	8	2011	1	1	1	4	5	3	1	9	-9
J0852403	2004.89595468929	0	5	2	8	2011	1	1	1	4	5	3	2	9	-9
J0852404	1451.69814031555	1	1	2	8	2011	1	1	1	4	5	3	3	10	-9
J0852405	1600.84935386666	0	5	2	8	2011	1	1	1	4	5	3	2	10	-9
J0852408	1363.87672771803	0	5	2	8	2011	1	1	1	4	5	3	2	10	-9
J0853102	1790.36782567198	0	4	3	10	2011	1	1	1	4	5	3	3	8	-9
J0853104	1635.68471973593	1	1	3	10	2011	1	1	1	4	5	3	3	7	-9
J0853105	1086.31625434644	0	5	3	10	2011	1	1	1	4	5	3	2	10	-9
J0853106	1425.15321732188	1	1	3	10	2011	3	3	2	4	5	3	2	9	1
J0853201	1006.61853954834	0	5	3	10	2011	1	1	1	4	5	3	1	6	-9
J0853202	1127.01452460783	1	1	3	10	2011	3	3	2	4	5	3	1	4	1
J0853203	1551.58613127663	0	5	3	10	2011	1	1	1	4	5	3	1	10	-9
J0853204	911.515918945018	0	5	3	10	2011	1	1	1	4	5	3	1	4	-9
J0853205	1339.14530919851	1	1	3	10	2011	1	1	1	4	5	3	1	4	-9
J0853206	586.599166530663	1	1	3	10	2011	3	3	2	4	5	3	1	4	1
J0853207	3041.64039873574	1	1	3	10	2011	1	1	1	4	5	3	1	4	-9
J0853301	2367.64346924805	0	5	3	11	2011	1	1	1	4	5	3	1	8	-9
J0853302	1419.63923913709	0	5	3	11	2011	1	1	1	4	5	3	1	10	-9
J0853303	4813.64373033225	1	1	3	11	2011	1	1	1	4	5	3	1	8	-9
J0853304	1824.48182824199	1	1	3	11	2011	2	2	1	4	5	3	3	8	5
J0853305	1485.72615638769	1	1	3	11	2011	1	1	1	4	5	3	3	6	-9
J0853306	1642.02586283705	1	1	3	11	2011	3	3	2	4	5	3	2	6	1
J0853307	1737.84528166309	0	5	3	11	2011	1	1	1	4	5	3	3	7	-9
J0853401	1636.04466469463	0	4	3	11	2011	1	1	1	4	5	3	1	9	-9
J0853403	1386.94657619873	1	1	3	11	2011	1	1	1	4	5	3	1	10	-9
J0853404	1620.75442633955	0	5	3	11	2011	1	1	1	4	5	3	1	10	-9
J0853405	1431.77447994257	0	5	3	11	2011	1	1	1	4	5	3	3	8	-9
J0853406	1760.18951037563	0	4	3	11	2011	1	1	1	4	5	3	1	9	-9
J0854101	1884.30714301117	0	4	4	1	2012	1	1	1	4	5	3	3	8	-9
J0854102	1403.75301963758	0	5	4	1	2012	1	1	1	4	5	3	2	7	-9
J0854103	1644.15326821194	0	5	4	1	2012	1	1	1	4	5	3	2	8	-9
J0854104	1775.31422592751	1	1	4	1	2012	2	2	1	4	5	3	4	9	3
J0854106	2154.77997203679	0	4	4	1	2012	1	1	1	4	5	3	3	9	-9
J0854202	4122.66403661527	0	5	4	1	2012	1	1	1	4	5	3	1	9	-9
J0854203	1644.79421828486	1	1	4	1	2012	1	1	1	4	5	3	2	10	-9
J0854204	1354.53475827988	0	5	4	1	2012	1	1	1	4	5	3	2	9	-9
J0854205	4709.60604995418	0	4	4	1	2012	1	1	1	4	5	3	2	9	-9
J0854207	1181.46995025687	0	5	4	1	2012	1	1	1	4	5	3	1	10	-9
J0854304	1644.44367778538	0	5	4	2	2012	1	1	1	4	5	3	2	10	-9
J0854305	875.877078703313	0	5	4	2	2012	1	1	1	4	5	3	2	8	-9
J0854306	1873.44598244827	0	4	4	2	2012	1	1	1	4	5	3	2	9	-9
J0854401	1171.13722325656	1	1	4	2	2012	4	4	2	4	5	3	1	6	2
J0854402	2112.33614358008	0	5	4	2	2012	1	1	1	4	5	3	1	7	-9
J0854403	1421.78362191251	0	5	4	2	2012	1	1	1	4	5	3	1	9	-9
J0854406	899.510770500835	1	1	4	2	2012	1	1	1	4	5	3	1	4	-9
J0861102	597.863352432629	0	5	1	4	2011	1	1	1	4	5	3	1	1	-9
J0861104	1872.35362680569	0	5	1	4	2011	1	1	1	4	5	3	1	3	-9
J0861105	841.139499884314	1	1	1	4	2011	1	1	1	4	5	3	1	6	-9
J0861106	1970.02606199803	1	1	1	4	2011	1	1	1	4	5	3	1	7	-9
J0861108	1529.35522478525	1	1	1	4	2011	1	1	1	4	5	3	1	4	-9
J0861201	1594.70508895351	1	1	1	4	2011	3	3	2	4	5	3	1	3	1
J0861202	973.945746828014	0	5	1	4	2011	1	1	1	4	5	3	1	1	-9
J0861203	1827.39276471344	1	1	1	4	2011	1	1	1	4	5	3	1	1	-9
J0861204	1524.39124560567	0	5	1	4	2011	1	1	1	4	5	3	1	3	-9
J0861205	1541.52892542198	1	1	1	4	2011	2	2	1	4	5	3	1	4	4
J0861206	5055.08486179558	0	5	1	4	2011	1	1	1	4	5	3	1	5	-9
J0861208	753.440260444099	1	1	1	4	2011	1	1	1	4	5	3	1	2	-9
J0861301	1545.08981448665	1	1	1	5	2011	3	3	2	4	5	3	1	1	1
J0861302	1549.87898252731	1	1	1	5	2011	1	1	1	4	5	3	1	1	-9
J0861303	1242.76194840009	1	1	1	5	2011	3	3	2	4	5	3	1	1	1
J0861304	1736.23474379405	1	1	1	5	2011	1	1	1	4	5	3	1	1	-9
J0861305	971.449791945092	1	1	1	5	2011	2	2	1	4	5	3	1	3	3
J0861307	2170.57856049178	1	1	1	5	2011	1	1	1	4	5	3	1	3	-9
J0861308	717.91046023894	1	1	1	5	2011	3	3	2	4	5	3	1	3	1
J0861309	1572.64655062162	1	1	1	5	2011	1	1	1	4	5	3	1	3	-9
J0861401	943.97135394684	1	1	1	5	2011	3	3	2	4	5	3	1	3	1
J0861402	1250.5306080754	1	1	1	5	2011	3	3	2	4	5	3	1	4	1
J0861405	873.290211071516	1	1	1	5	2011	3	3	2	4	5	3	1	2	1
J0861407	897.976982158414	0	5	1	5	2011	1	1	1	4	5	3	1	3	-9
J0861409	1727.22857562329	1	1	1	5	2011	1	1	1	4	5	3	1	2	-9
J0861410	834.005773266847	1	1	1	5	2011	3	3	2	4	5	3	1	1	1
J0862101	2200.73332926579	0	4	2	7	2011	2	2	1	4	5	3	1	9	5
J0862103	2040.98155058822	0	4	2	7	2011	3	3	2	4	5	3	1	1	1
J0862104	1440.66161238367	0	4	2	7	2011	1	1	1	4	5	3	1	2	-9
J0862105	784.911373867379	0	5	2	7	2011	1	1	1	4	5	3	1	1	-9
J0862106	1883.34936719289	1	1	2	7	2011	3	3	2	4	5	3	1	1	1
J0862107	1171.93214724631	0	5	2	7	2011	1	1	1	4	5	3	1	2	-9
J0862201	1225.47695417421	1	1	2	7	2011	3	3	2	4	5	3	1	1	1
J0862202	862.181351381844	1	1	2	7	2011	3	3	2	4	5	3	1	1	1
J0862204	2005.74276740959	1	1	2	7	2011	1	1	1	4	5	3	1	5	-9
J0862301	769.453928995143	1	1	2	8	2011	1	1	1	4	5	3	1	3	-9
J0862302	923.258619510954	1	1	2	8	2011	4	4	2	4	5	3	1	3	2
J0862304	919.227392406906	1	1	2	8	2011	4	4	2	4	5	3	1	2	2
J0862307	1516.91327854707	1	1	2	8	2011	1	1	1	4	5	3	1	4	-9
J0862308	1896.51025698553	0	4	2	8	2011	2	2	1	4	5	3	1	6	3
J0862309	1088.51445067626	0	4	2	8	2011	3	3	2	4	5	3	1	1	1
J0862402	3539.44657159204	1	1	2	8	2011	1	1	1	4	5	3	1	2	-9
J0862403	893.08640181208	0	5	2	8	2011	1	1	1	4	5	3	1	2	-9
J0862405	2739.11597557375	1	1	2	8	2011	2	2	1	4	5	3	1	8	3
J0862406	964.368895167253	1	1	2	8	2011	3	3	2	4	5	3	1	4	1
J0862407	4298.5028894862	0	5	2	8	2011	1	1	1	4	5	3	1	9	-9
J0862408	1622.54165563911	0	4	2	8	2011	3	3	2	4	5	3	1	2	1
J0862409	1389.26145846435	1	1	2	8	2011	4	4	2	4	5	3	1	2	2
J0863101	1096.32547771333	1	1	3	10	2011	3	3	2	4	5	3	1	1	1
J0863103	1810.05601462051	1	1	3	10	2011	2	2	1	4	5	3	1	4	3
J0863104	2170.391986823	0	5	3	10	2011	1	1	1	4	5	3	1	5	-9
J0863105	1650.90584834852	1	1	3	10	2011	1	1	1	4	5	3	1	3	-9
J0863106	923.83365499287	0	5	3	10	2011	3	3	2	4	5	3	1	1	1
J0863108	1781.63292962257	0	5	3	10	2011	1	1	1	4	5	3	1	1	-9
J0863202	635.262709285523	1	1	3	10	2011	3	3	2	4	5	3	1	1	1
J0863203	1152.29449761611	1	1	3	10	2011	1	1	1	4	5	3	1	3	-9
J0863204	1951.20004212396	0	5	3	10	2011	1	1	1	4	5	3	1	3	-9
J0863206	1353.45224317824	1	1	3	10	2011	1	1	1	4	5	3	1	6	-9
J0863207	1325.67666314756	1	1	3	10	2011	2	2	1	4	5	3	1	4	3
J0863210	724.063363138778	0	5	3	10	2011	3	3	2	4	5	3	1	1	1
J0863211	900.084697103315	1	1	3	10	2011	1	1	1	4	5	3	1	1	-9
J0863302	826.378076087252	1	1	3	11	2011	3	3	2	4	5	3	1	1	1
J0863303	1357.10709772436	0	4	3	11	2011	3	3	2	4	5	3	1	1	1
J0863304	1262.46766843222	1	1	3	11	2011	1	1	1	4	5	3	1	1	-9
J0863305	767.583328601638	1	1	3	11	2011	3	3	2	4	5	3	1	1	1
J0863307	1549.27334018712	0	5	3	11	2011	1	1	1	4	5	3	1	1	-9
J0863309	840.140705586929	1	1	3	11	2011	3	3	2	4	5	3	1	1	1
J0863310	1748.56717579742	1	1	3	11	2011	2	2	1	4	5	3	1	3	3
J0863311	1736.14447034657	1	1	3	11	2011	3	3	2	4	5	3	1	1	1
J0863312	3548.89736052291	0	5	3	11	2011	1	1	1	4	5	3	1	1	-9
J0863401	2314.44728657975	1	1	3	11	2011	1	1	1	4	5	3	1	6	-9
J0863402	958.14254661326	0	5	3	11	2011	1	1	1	4	5	3	1	2	-9
J0863403	2819.75275786841	1	1	3	11	2011	1	1	1	4	5	3	1	7	-9
J0863406	905.572750527718	1	1	3	11	2011	3	3	2	4	5	3	1	1	1
J0863407	910.024401342147	0	5	3	11	2011	3	3	2	4	5	3	1	2	1
J0863408	1220.30621027995	1	1	3	11	2011	4	4	2	4	5	3	1	1	2
J0863410	780.927232379101	1	1	3	11	2011	3	3	2	4	5	3	1	1	1
J0864102	737.678953279809	1	1	4	1	2012	4	4	2	4	5	3	1	2	2
J0864105	670.907284925421	0	4	4	1	2012	3	3	2	4	5	3	1	1	1
J0864107	1398.84585885337	0	5	4	1	2012	1	1	1	4	5	3	1	3	-9
J0864108	1340.95629859975	1	1	4	1	2012	1	1	1	4	5	3	1	4	-9
J0864109	1627.13336663898	0	5	4	1	2012	1	1	1	4	5	3	1	5	-9
J0864203	5456.37417384923	1	1	4	1	2012	2	2	1	4	5	3	1	1	3
J0864204	724.555894895349	1	1	4	1	2012	3	3	2	4	5	3	1	1	1
J0864205	4160.57093111172	1	1	4	1	2012	4	4	2	4	5	3	1	3	2
J0864206	1443.417249393	0	5	4	1	2012	1	1	1	4	5	3	1	2	-9
J0864207	1441.49273349271	0	4	4	1	2012	1	1	1	4	5	3	1	3	-9
J0864208	1257.06240765467	0	5	4	1	2012	1	1	1	4	5	3	1	2	-9
J0864306	1924.89259085644	0	4	4	2	2012	2	2	1	4	5	3	1	2	3
J0864307	5905.96624893506	0	4	4	2	2012	4	4	2	4	5	3	1	2	2
J0864308	1580.12940835231	0	5	4	2	2012	1	1	1	4	5	3	1	2	-9
J0864309	2553.94846121027	1	1	4	2	2012	3	3	2	4	5	3	1	2	1
J0864401	1703.84259265744	0	4	4	2	2012	2	2	1	4	5	3	1	2	4
J0864403	1314.20886167799	1	1	4	2	2012	2	2	1	4	5	3	1	2	3
J0864405	742.648106019505	0	5	4	2	2012	3	3	2	4	5	3	1	1	1
J0864408	1413.81616892656	1	1	4	2	2012	1	1	1	4	5	3	1	4	-9
J0871101	1094.1098815144	1	1	1	4	2011	3	3	2	5	6	3	1	2	1
J0871102	1513.84445459027	1	1	1	4	2011	1	1	1	5	6	3	1	9	-9
J0871104	988.790719448797	1	1	1	4	2011	3	3	2	5	6	3	1	8	1
J0871105	1284.29801038835	0	5	1	4	2011	1	1	1	5	6	3	1	8	-9
J0871106	1393.39780925537	1	1	1	4	2011	1	1	1	5	6	3	1	8	-9
J0871107	1661.59282949845	1	1	1	4	2011	3	3	2	5	6	3	1	5	1
J0871201	1566.2957701435	0	4	1	4	2011	1	1	1	5	6	3	2	7	-9
J0871202	1309.33743874095	0	4	1	4	2011	1	1	1	5	6	3	3	4	-9
J0871203	1408.06991062059	1	1	1	4	2011	3	3	2	5	6	3	2	5	1
J0871301	1732.45718224456	1	1	1	5	2011	1	1	1	5	6	3	1	6	-9
J0871303	2111.08622014575	1	1	1	5	2011	1	1	1	5	6	3	1	7	-9
J0871304	2781.0906986453	1	1	1	5	2011	3	3	2	5	6	3	1	6	1
J0871305	2078.70872941278	0	4	1	5	2011	1	1	1	5	6	3	1	6	-9
J0871401	3381.29458634587	0	5	1	5	2011	1	1	1	5	6	3	1	6	-9
J0871402	3453.58229125034	0	4	1	5	2011	1	1	1	5	6	3	1	7	-9
J0871406	1827.81106500533	0	5	1	5	2011	1	1	1	5	6	3	1	4	-9
J0871407	1056.9935787716	1	1	1	5	2011	3	3	2	5	6	3	1	5	1
J0872101	2453.42752311769	1	1	2	7	2011	3	3	2	5	6	3	1	2	1
J0872103	1329.16480466337	1	1	2	7	2011	3	3	2	5	6	3	1	5	1
J0872104	1619.579400546	0	4	2	7	2011	4	4	2	5	6	3	1	5	2
J0872105	1679.71366329625	0	5	2	7	2011	1	1	1	5	6	3	1	3	-9
J0872106	1091.41223707225	1	1	2	7	2011	3	3	2	5	6	3	1	3	1
J0872107	1852.9691749454	0	5	2	7	2011	1	1	1	5	6	3	1	5	-9
J0872108	1326.47762440223	0	4	2	7	2011	1	1	1	5	6	3	1	10	-9
J0872202	1611.93421417642	1	1	2	7	2011	1	1	1	5	6	3	1	7	-9
J0872203	3889.87499704783	0	5	2	7	2011	1	1	1	5	6	3	1	7	-9
J0872204	1611.93421417642	1	1	2	7	2011	1	1	1	5	6	3	1	7	-9
J0872205	1816.12646724711	0	5	2	7	2011	1	1	1	5	6	3	1	3	-9
J0872206	1378.57276232802	0	5	2	7	2011	1	1	1	5	6	3	1	10	-9
J0872302	922.903728207991	1	1	2	8	2011	4	4	2	5	6	3	1	1	2
J0872303	1223.27261936717	0	4	2	8	2011	3	3	2	5	6	3	1	2	1
J0872305	1195.10005543837	0	5	2	8	2011	1	1	1	5	6	3	1	2	-9
J0872306	731.484859380005	0	4	2	8	2011	4	4	2	5	6	3	1	1	2
J0872307	897.734887030382	1	1	2	8	2011	3	3	2	5	6	3	1	2	1
J0872308	1241.18916607002	0	4	2	8	2011	1	1	1	5	6	3	1	4	-9
J0872403	1739.26988225493	0	4	2	8	2011	2	2	1	5	6	3	2	4	3
J0872404	863.907828067168	1	1	2	8	2011	3	3	2	5	6	3	2	4	1
J0872405	1579.78769251806	0	4	2	8	2011	1	1	1	5	6	3	3	6	-9
J0873101	1778.83959557425	0	5	3	10	2011	1	1	1	5	6	3	1	4	-9
J0873103	1152.78201047128	0	4	3	10	2011	3	3	2	5	6	3	1	2	1
J0873104	2884.19199152322	0	5	3	10	2011	1	1	1	5	6	3	1	8	-9
J0873106	1273.06599372437	0	4	3	10	2011	2	2	1	5	6	3	4	6	3
J0873202	1893.54146434322	0	5	3	10	2011	1	1	1	4	5	3	2	10	-9
J0873204	1343.6923643447	1	1	3	10	2011	1	1	1	4	5	3	1	8	-9
J0873301	1688.85335028964	1	1	3	11	2011	1	1	1	4	5	3	2	7	-9
J0873302	1405.78084315716	0	5	3	11	2011	1	1	1	4	5	3	3	7	-9
J0873303	1397.02026328588	1	1	3	11	2011	1	1	1	4	5	3	1	9	-9
J0873305	1789.67126066689	0	5	3	11	2011	1	1	1	4	5	3	3	6	-9
J0873306	1548.30638613871	1	1	3	11	2011	1	1	1	4	5	3	3	9	-9
J0873307	1780.03421010994	0	5	3	11	2011	1	1	1	4	5	3	2	8	-9
J0873308	1418.39989270861	1	1	3	11	2011	1	1	1	4	5	3	2	10	-9
J0873401	1446.49012616252	0	5	3	11	2011	1	1	1	4	5	3	1	7	-9
J0873402	1603.14334400278	1	1	3	11	2011	1	1	1	4	5	3	1	10	-9
J0873404	1505.90746156956	1	1	3	11	2011	1	1	1	4	5	3	2	9	-9
J0873406	1284.40018674271	1	1	3	11	2011	3	3	2	4	5	3	2	7	1
J0874101	1132.96909272895	1	1	4	1	2012	2	2	1	4	5	3	1	5	3
J0874103	1567.68011899317	0	5	4	1	2012	1	1	1	4	5	3	1	9	-9
J0874107	1790.62917013802	0	5	4	1	2012	1	1	1	4	5	3	1	8	-9
J0874202	1797.94700613247	0	4	4	1	2012	1	1	1	4	5	3	1	8	-9
J0874301	1249.22987067046	0	5	4	2	2012	1	1	1	4	5	3	1	8	-9
J0874303	978.517106395367	0	4	4	2	2012	2	2	1	4	5	3	1	3	5
J0874304	1570.00264137322	0	4	4	2	2012	1	1	1	4	5	3	1	8	-9
J0874306	1227.15638920397	0	5	4	2	2012	1	1	1	4	5	3	1	8	-9
J0874307	1618.73634176798	1	1	4	2	2012	2	2	1	4	5	3	1	8	3
J0874403	1348.71786541771	0	5	4	2	2012	1	1	1	4	5	3	1	9	-9
J0874404	1516.25220722255	0	5	4	2	2012	1	1	1	4	5	3	1	10	-9
J0874406	679.12247465268	1	1	4	2	2012	3	3	2	4	5	3	1	4	1
J0874407	1553.48760343631	0	4	4	2	2012	2	2	1	4	5	3	1	9	3
J0881101	749.284015360246	1	1	1	4	2011	1	1	1	5	6	3	1	4	-9
J0881102	1378.81271801016	0	5	1	4	2011	1	1	1	5	6	3	1	10	-9
J0881104	1452.37162694523	0	5	1	4	2011	1	1	1	5	6	3	1	10	-9
J0881105	1910.42835261439	0	4	1	4	2011	1	1	1	5	6	3	1	8	-9
J0881106	3075.01921611972	0	5	1	4	2011	1	1	1	5	6	3	1	10	-9
J0881107	1386.44149744886	1	1	1	4	2011	1	1	1	5	6	3	1	9	-9
J0881202	1791.02995627133	0	4	1	4	2011	4	4	2	5	6	3	1	3	2
J0881203	2183.15499133963	0	5	1	4	2011	1	1	1	5	6	3	1	3	-9
J0881204	2442.61915428486	0	4	1	4	2011	1	1	1	5	6	3	1	7	-9
J0881209	1042.30481145066	0	4	1	4	2011	4	4	2	5	6	3	1	1	2
J0881210	3986.00206954888	0	4	1	4	2011	2	2	1	5	6	3	1	4	5
J0881301	1516.39274423118	0	5	1	5	2011	1	1	1	5	6	3	1	3	-9
J0881302	1024.90096201204	1	1	1	5	2011	1	1	1	5	6	3	1	3	-9
J0881303	763.345877855052	1	1	1	5	2011	2	2	1	5	6	3	1	2	3
J0881306	1522.7497469877	1	1	1	5	2011	4	4	2	5	6	3	1	3	2
J0881307	1212.32874870728	0	5	1	5	2011	1	1	1	5	6	3	1	1	-9
J0881308	1492.33372874056	1	1	1	5	2011	1	1	1	5	6	3	1	3	-9
J0881309	1816.12820378422	1	1	1	5	2011	2	2	1	5	6	3	1	3	3
J0881402	3774.02808442825	1	1	1	5	2011	1	1	1	5	6	3	1	6	-9
J0881404	898.235731049355	1	1	1	5	2011	1	1	1	5	6	3	1	3	-9
J0881405	1722.45244347692	0	5	1	5	2011	1	1	1	5	6	3	1	6	-9
J0881408	1807.72714213194	1	1	1	5	2011	1	1	1	5	6	3	1	7	-9
J0881409	3339.00902654863	0	5	1	5	2011	1	1	1	5	6	3	1	7	-9
J0882101	3574.92657346498	0	4	2	7	2011	1	1	1	5	6	3	1	7	-9
J0882102	3810.99906053253	0	5	2	7	2011	1	1	1	5	6	3	1	3	-9
J0882106	1573.28298161094	0	5	2	7	2011	1	1	1	5	6	3	1	7	-9
J0882110	901.452047511573	0	4	2	7	2011	4	4	2	5	6	3	1	4	2
J0882201	1999.36793573104	0	4	2	7	2011	4	4	2	5	6	3	1	1	2
J0882205	1782.845434347	0	5	2	7	2011	1	1	1	5	6	3	1	10	-9
J0882206	4504.4192560536	0	4	2	7	2011	2	2	1	5	6	3	1	9	3
J0882301	1759.00475659802	0	4	2	8	2011	1	1	1	5	6	3	1	6	-9
J0882302	1572.4633356109	0	5	2	8	2011	1	1	1	5	6	3	1	8	-9
J0882304	2137.23090063005	0	5	2	8	2011	1	1	1	5	6	3	1	7	-9
J0882305	1436.13672222053	1	1	2	8	2011	1	1	1	5	6	3	1	8	-9
J0882401	925.79557959766	1	1	2	8	2011	4	4	2	5	6	3	1	4	2
J0882402	3137.8924817802	1	1	2	8	2011	1	1	1	5	6	3	1	1	-9
J0882404	968.080073124998	1	1	2	8	2011	2	2	1	5	6	3	1	1	3
J0882405	1017.07237520788	0	5	2	8	2011	1	1	1	5	6	3	1	2	-9
J0882408	3966.46160100453	0	5	2	8	2011	1	1	1	5	6	3	1	5	-9
J0883102	1063.89560400066	1	1	3	10	2011	2	2	1	5	6	3	1	1	3
J0883104	932.263363335885	1	1	3	10	2011	2	2	1	5	6	3	1	1	3
J0883106	624.763659819204	0	5	3	10	2011	4	4	2	5	6	3	1	1	2
J0883112	1285.69183749977	1	1	3	10	2011	1	1	1	5	6	3	1	2	-9
J0883201	1755.02331355363	0	5	3	10	2011	1	1	1	5	6	3	1	4	-9
J0883208	718.093559422796	0	5	3	10	2011	4	4	2	5	6	3	1	1	2
J0883301	2016.43691466462	1	1	3	11	2011	2	2	1	5	6	3	1	4	3
J0883302	2245.63527823042	0	5	3	11	2011	1	1	1	5	6	3	1	4	-9
J0883303	1989.74446584168	0	4	3	11	2011	1	1	1	5	6	3	1	6	-9
J0883305	1066.43756324862	1	1	3	11	2011	4	4	2	5	6	3	1	1	2
J0883307	1511.66162682262	0	5	3	11	2011	1	1	1	5	6	3	1	8	-9
J0883401	847.256970644108	0	5	3	11	2011	4	4	2	5	6	3	1	1	2
J0883403	651.010452745861	1	1	3	11	2011	4	4	2	5	6	3	1	1	2
J0883404	2262.94523528276	1	1	3	11	2011	2	2	1	5	6	3	1	5	3
J0883405	3280.96049224985	1	1	3	11	2011	2	2	1	5	6	3	1	6	3
J0883406	1349.36524471769	0	5	3	11	2011	1	1	1	5	6	3	1	5	-9
J0883407	1445.19403083422	0	5	3	11	2011	1	1	1	5	6	3	1	7	-9
J0883408	1875.09485952232	0	4	3	11	2011	1	1	1	5	6	3	1	4	-9
J0883409	1549.00656528342	1	1	3	11	2011	2	2	1	5	6	3	1	5	3
J0884103	1291.16725760138	0	5	4	1	2012	1	1	1	5	6	3	1	4	-9
J0884104	2056.16612708799	1	1	4	1	2012	2	2	1	5	6	3	1	1	3
J0884105	1291.78991884487	0	5	4	1	2012	1	1	1	5	6	3	1	1	-9
J0884106	2824.35238339061	0	4	4	1	2012	2	2	1	5	6	3	1	3	3
J0884204	1666.26026444458	0	5	4	1	2012	1	1	1	5	6	3	1	1	-9
J0884206	2866.50363936965	0	4	4	1	2012	2	2	1	5	6	3	1	2	3
J0884209	1231.66212350356	1	1	4	1	2012	4	4	2	5	6	3	1	2	2
J0884301	2427.73791522739	0	5	4	2	2012	1	1	1	5	6	3	1	5	-9
J0884302	1773.78589816289	0	5	4	2	2012	2	2	1	5	6	3	1	3	3
J0884303	1572.25448565255	0	4	4	2	2012	1	1	1	5	6	3	1	4	-9
J0884307	1672.48861547045	0	5	4	2	2012	1	1	1	5	6	3	1	5	-9
J0884308	3481.82726821635	1	1	4	2	2012	4	4	2	5	6	3	1	4	2
J0884401	2516.31619052537	0	4	4	2	2012	1	1	1	5	6	3	1	6	-9
J0884402	1704.25909021358	0	5	4	2	2012	1	1	1	5	6	3	1	8	-9
J0891101	1511.08457030033	1	1	1	4	2011	3	3	2	5	6	3	2	9	1
J0891103	3217.50715495328	1	1	1	4	2011	1	1	1	5	6	3	3	7	-9
J0891104	1944.98583847416	0	5	1	4	2011	1	1	1	5	6	3	2	10	-9
J0891105	1406.48617917439	1	1	1	4	2011	1	1	1	5	6	3	2	7	-9
J0891107	1502.6254134321	1	1	1	4	2011	1	1	1	5	6	3	3	7	-9
J0891201	3180.27180441136	0	5	1	4	2011	1	1	1	5	6	3	1	9	-9
J0891205	2091.20795361562	0	4	1	4	2011	1	1	1	5	6	3	1	10	-9
J0891206	3555.37108904915	0	5	1	4	2011	1	1	1	5	6	3	1	10	-9
J0891207	3226.00772217228	0	4	1	4	2011	1	1	1	5	6	3	1	10	-9
J0891301	1429.71461038455	1	1	1	5	2011	1	1	1	5	6	3	3	10	-9
J0891302	1143.67210454622	1	1	1	5	2011	3	3	2	5	6	3	1	7	1
J0891303	1474.03057279266	0	5	1	5	2011	1	1	1	5	6	3	1	7	-9
J0891304	3677.00686947904	1	1	1	5	2011	1	1	1	5	6	3	1	7	-9
J0891306	1576.803837938	1	1	1	5	2011	1	1	1	5	6	3	1	10	-9
J0891307	1457.74738140492	0	5	1	5	2011	1	1	1	5	6	3	1	10	-9
J0891308	1523.60933235261	1	1	1	5	2011	1	1	1	5	6	3	1	10	-9
J0891401	3002.88679869013	0	4	1	5	2011	2	2	1	5	6	3	1	9	3
J0891404	1913.27656951877	1	1	1	5	2011	1	1	1	5	6	3	1	10	-9
J0891405	2448.42761306604	0	4	1	5	2011	2	2	1	5	6	3	1	10	5
J0891406	1690.67942366563	1	1	1	5	2011	1	1	1	5	6	3	1	7	-9
J0891407	3130.62265100396	1	1	1	5	2011	2	2	1	5	6	3	1	9	5
J0891408	1612.4245899494	1	1	1	5	2011	1	1	1	5	6	3	1	10	-9
J0892101	1649.69322895704	0	5	2	7	2011	1	1	1	5	6	3	4	7	-9
J0892102	972.95410371438	0	5	2	7	2011	1	1	1	5	6	3	1	5	-9
J0892104	1927.50278949748	0	5	2	7	2011	1	1	1	5	6	3	1	10	-9
J0892106	1394.54414977024	0	5	2	7	2011	1	1	1	5	6	3	4	8	-9
J0892107	2855.34318193081	1	1	2	7	2011	4	4	2	5	6	3	1	8	2
J0892108	2375.76498207276	1	1	2	7	2011	2	2	1	5	6	3	1	8	3
J0892201	1520.51470989314	1	1	2	7	2011	1	1	1	5	6	3	1	3	-9
J0892202	908.059038158925	0	4	2	7	2011	4	4	2	5	6	3	1	3	2
J0892203	919.872116859105	1	1	2	7	2011	1	1	1	5	6	3	1	3	-9
J0892204	1874.98851606571	0	5	2	7	2011	1	1	1	5	6	3	1	9	-9
J0892205	731.428958820212	0	5	2	7	2011	1	1	1	5	6	3	1	3	-9
J0892206	1412.5511923692	1	1	2	7	2011	1	1	1	5	6	3	1	6	-9
J0892208	1293.16501352626	1	1	2	7	2011	1	1	1	5	6	3	1	3	-9
J0892301	2197.27590828806	1	1	2	8	2011	1	1	1	5	6	3	1	10	-9
J0892302	1445.16534313442	0	5	2	8	2011	1	1	1	5	6	3	4	10	-9
J0892304	1436.09072203971	0	5	2	8	2011	1	1	1	5	6	3	1	10	-9
J0892305	1299.75383976249	1	1	2	8	2011	1	1	1	5	6	3	1	7	-9
J0892308	1661.07208529276	0	5	2	8	2011	1	1	1	5	6	3	1	6	-9
J0892402	2275.10174591287	1	1	2	8	2011	3	3	2	5	6	3	1	1	1
J0892403	1392.92191285383	0	4	2	8	2011	3	3	2	5	6	3	1	1	1
J0893101	1564.93189474113	1	1	3	10	2011	1	1	1	5	6	3	1	4	-9
J0893102	2594.47699976598	0	5	3	10	2011	1	1	1	5	6	3	1	7	-9
J0893103	1711.62315983264	1	1	3	10	2011	1	1	1	5	6	3	1	7	-9
J0893104	1506.08791920236	0	5	3	10	2011	1	1	1	5	6	3	1	8	-9
J0893105	1537.43839200573	0	5	3	10	2011	1	1	1	5	6	3	1	2	-9
J0893201	874.2302208628	1	1	3	10	2011	4	4	2	5	6	3	1	3	2
J0893203	2424.92567261828	1	1	3	10	2011	3	3	2	5	6	3	1	1	1
J0893204	1184.53512678389	0	4	3	10	2011	1	1	1	5	6	3	1	7	-9
J0893205	1621.04747311597	0	5	3	10	2011	1	1	1	5	6	3	1	10	-9
J0893206	1537.69405998539	1	1	3	10	2011	2	2	1	5	6	3	1	10	5
J0893207	1665.96894985102	0	5	3	10	2011	1	1	1	5	6	3	1	9	-9
J0893301	3055.26551411675	1	1	3	11	2011	1	1	1	5	6	3	1	6	-9
J0893302	1470.13896241139	0	5	3	11	2011	1	1	1	5	6	3	1	5	-9
J0893304	1414.19743970763	1	1	3	11	2011	1	1	1	5	6	3	1	7	-9
J0893306	1554.68807593424	1	1	3	11	2011	1	1	1	5	6	3	1	8	-9
J0893308	2248.85820160748	0	5	3	11	2011	1	1	1	5	6	3	1	9	-9
J0893309	1720.20303959591	1	1	3	11	2011	3	3	2	5	6	3	1	3	1
J0893401	1204.22945390226	0	4	3	11	2011	3	3	2	5	6	3	1	1	1
J0893402	872.838851770613	1	1	3	11	2011	1	1	1	5	6	3	1	6	-9
J0893404	1323.88627908308	0	5	3	11	2011	1	1	1	5	6	3	1	8	-9
J0893406	730.957124331265	1	1	3	11	2011	4	4	2	5	6	3	2	8	2
J0893407	1109.69123544915	1	1	3	11	2011	1	1	1	5	6	3	2	6	-9
J0894101	1437.853684702	1	1	4	1	2012	1	1	1	5	6	3	1	7	-9
J0894102	1447.50022028178	0	5	4	1	2012	1	1	1	5	6	3	1	3	-9
J0894103	1365.21265582298	1	1	4	1	2012	1	1	1	5	6	3	1	2	-9
J0894105	1782.44242148622	0	5	4	1	2012	1	1	1	5	6	3	1	7	-9
J0894109	1636.83643524191	0	5	4	1	2012	1	1	1	5	6	3	1	7	-9
J0894202	932.082712609556	1	1	4	1	2012	3	3	2	5	6	3	1	3	1
J0894205	1607.63352451836	1	1	4	1	2012	3	3	2	5	6	3	1	1	1
J0894302	1568.74355151757	1	1	4	2	2012	3	3	2	5	6	3	1	3	1
J0894304	791.494354352422	1	1	4	2	2012	2	2	1	5	6	3	1	2	3
J0894306	777.182124662435	0	4	4	2	2012	3	3	2	5	6	3	1	1	1
J0894307	1561.22069357896	0	5	4	2	2012	3	3	2	5	6	3	1	1	1
J0894308	782.807260569004	1	1	4	2	2012	1	1	1	5	6	3	1	1	-9
J0894402	1380.88593138385	0	5	4	2	2012	1	1	1	5	6	3	1	6	-9
J0894403	1406.4837130626	1	1	4	2	2012	4	4	2	5	6	3	1	5	2
J0894404	1374.75232839336	1	1	4	2	2012	1	1	1	5	6	3	1	10	-9
J0894405	1502.40454967232	0	5	4	2	2012	1	1	1	5	6	3	1	6	-9
J0894406	1251.18253128508	0	4	4	2	2012	1	1	1	5	6	3	1	7	-9
J0894409	1545.69106214209	1	1	4	2	2012	1	1	1	5	6	3	1	6	-9
J0901103	1683.04694424224	0	5	1	4	2011	1	1	1	5	6	3	1	2	-9
J0901105	898.716684853363	1	1	1	4	2011	4	4	2	5	6	3	1	2	2
J0901107	1552.15145869783	0	5	1	4	2011	1	1	1	5	6	3	1	4	-9
J0901110	818.700712485246	0	5	1	4	2011	1	1	1	5	6	3	1	1	-9
J0901111	549.487428604936	1	1	1	4	2011	3	3	2	5	6	3	1	5	1
J0901112	989.072310751657	0	5	1	4	2011	1	1	1	5	6	3	1	1	-9
J0901115	1563.98626797479	1	1	1	4	2011	1	1	1	5	6	3	1	3	-9
J0901203	935.308482154801	1	1	1	4	2011	3	3	2	5	6	3	1	1	1
J0901205	1399.78691567044	1	1	1	4	2011	2	2	1	5	6	3	1	5	3
J0901206	979.816532787177	0	5	1	4	2011	1	1	1	5	6	3	1	6	-9
J0901207	1480.20945877463	1	1	1	4	2011	2	2	1	5	6	3	1	6	3
J0901209	913.925702675004	1	1	1	4	2011	1	1	1	5	6	3	1	1	-9
J0901210	1325.17028458205	1	1	1	4	2011	2	2	1	5	6	3	1	2	3
J0901211	805.841219729447	0	4	1	4	2011	4	4	2	5	6	3	1	3	2
J0901215	841.588814868164	1	1	1	4	2011	3	3	2	5	6	3	1	1	1
J0901217	1484.43480533129	0	5	1	4	2011	1	1	1	5	6	3	1	3	-9
J0901301	2133.26710762097	1	1	1	5	2011	2	2	1	5	6	3	1	2	3
J0901303	992.097058774025	1	1	1	5	2011	1	1	1	5	6	3	1	1	-9
J0901304	1884.84904695884	0	5	1	5	2011	1	1	1	5	6	3	1	3	-9
J0901307	1433.00087864719	1	1	1	5	2011	4	4	2	5	6	3	1	3	2
J0901308	1460.26297856113	1	1	1	5	2011	1	1	1	5	6	3	1	3	-9
J0901309	1692.67372882663	0	5	1	5	2011	1	1	1	5	6	3	1	3	-9
J0901311	1396.54766905191	1	1	1	5	2011	3	3	2	5	6	3	1	1	1
J0901312	866.500006893361	1	1	1	5	2011	2	2	1	5	6	3	1	1	3
J0901401	1654.69902202604	1	1	1	5	2011	1	1	1	5	6	3	1	2	-9
J0901403	4345.0306763583	0	4	1	5	2011	1	1	1	5	6	3	1	2	-9
J0901404	1732.85662481392	1	1	1	5	2011	2	2	1	5	6	3	1	6	3
J0901406	972.804097088337	1	1	1	5	2011	2	2	1	5	6	3	1	1	3
J0901407	777.185880214283	1	1	1	5	2011	3	3	2	5	6	3	1	1	1
J0901408	822.048985664319	1	1	1	5	2011	1	1	1	5	6	3	1	2	-9
J0901409	843.6875036273	0	4	1	5	2011	4	4	2	5	6	3	1	2	2
J0901410	1706.24177917145	1	1	1	5	2011	3	3	2	5	6	3	1	2	1
J0901411	1677.94469842403	1	1	1	5	2011	3	3	2	5	6	3	1	3	1
J0901412	1232.60313011676	1	1	1	5	2011	3	3	2	5	6	3	1	2	1
J0902102	2531.18949673535	1	1	2	7	2011	3	3	2	5	6	3	1	1	1
J0902103	3436.35056905497	1	1	2	7	2011	4	4	2	5	6	3	1	2	2
J0902105	815.068651901367	1	1	2	7	2011	3	3	2	5	6	3	1	1	1
J0902107	832.804016089396	1	1	2	7	2011	1	1	1	5	6	3	1	1	-9
J0902109	893.248524223514	1	1	2	7	2011	1	1	1	5	6	3	1	1	-9
J0902110	761.180560419986	0	5	2	7	2011	1	1	1	5	6	3	1	1	-9
J0902111	1812.03167922728	1	1	2	7	2011	4	4	2	5	6	3	1	1	2
J0902112	1394.78420113002	0	5	2	7	2011	1	1	1	5	6	3	1	1	-9
J0902205	1143.76067984018	0	5	2	7	2011	1	1	1	5	6	3	1	1	-9
J0902206	2959.0058912624	0	4	2	7	2011	3	3	2	5	6	3	1	3	1
J0902207	2756.79531088059	0	5	2	7	2011	1	1	1	5	6	3	1	6	-9
J0902209	2060.57398465605	1	1	2	7	2011	3	3	2	5	6	3	1	5	1
J0902210	1817.44564256407	0	4	2	7	2011	2	2	1	5	6	3	1	4	3
J0902211	2338.82404113304	0	4	2	7	2011	2	2	1	5	6	3	1	4	3
J0902212	2277.23987609492	0	4	2	7	2011	2	2	1	5	6	3	1	6	3
J0902213	1736.49754249857	0	4	2	7	2011	2	2	1	5	6	3	1	6	3
J0902214	3996.79354341757	0	4	2	7	2011	4	4	2	5	6	3	1	5	2
J0902215	4062.27722098531	0	4	2	7	2011	1	1	1	5	6	3	1	5	-9
J0902216	3159.59143537314	0	4	2	7	2011	2	2	1	5	6	3	1	5	3
J0902302	1985.35385031339	0	5	2	8	2011	1	1	1	5	6	3	1	4	-9
J0902303	2284.55273337056	1	1	2	8	2011	2	2	1	5	6	3	1	1	3
J0902304	891.689862269153	0	4	2	8	2011	3	3	2	5	6	3	1	1	1
J0902306	2138.74990956175	0	5	2	8	2011	1	1	1	5	6	3	1	3	-9
J0902307	854.78759859583	0	4	2	8	2011	1	1	1	5	6	3	1	3	-9
J0902310	1004.36025585974	1	1	2	8	2011	3	3	2	5	6	3	1	4	1
J0902311	4017.31837668003	0	5	2	8	2011	1	1	1	5	6	3	1	5	-9
J0902312	745.882461306177	1	1	2	8	2011	1	1	1	5	6	3	1	2	-9
J0902314	1853.21193683985	1	1	2	8	2011	1	1	1	5	6	3	1	5	-9
J0902315	1468.38145888933	0	5	2	8	2011	1	1	1	5	6	3	1	5	-9
J0902316	2426.18401642312	1	1	2	8	2011	1	1	1	5	6	3	1	5	-9
J0902401	1565.76937743349	0	4	2	8	2011	2	2	1	5	6	3	1	1	3
J0902404	3433.03695322492	0	5	2	8	2011	1	1	1	5	6	3	1	1	-9
J0902407	3529.29554189783	0	4	2	8	2011	2	2	1	5	6	3	1	7	5
J0902410	3341.33607311311	0	5	2	8	2011	1	1	1	5	6	3	1	5	-9
J0903104	1415.00688451191	0	5	3	10	2011	1	1	1	5	6	3	1	2	-9
J0903108	776.490852271041	1	1	3	10	2011	4	4	2	5	6	3	1	5	2
J0903111	691.502635642191	1	1	3	10	2011	4	4	2	5	6	3	1	5	2
J0903112	1131.89629482768	1	1	3	10	2011	1	1	1	5	6	3	1	3	-9
J0903114	1343.18490334233	1	1	3	10	2011	2	2	1	5	6	3	1	6	3
J0903115	2803.70874437512	0	4	3	10	2011	1	1	1	5	6	3	1	4	-9
J0903117	954.374292085356	1	1	3	10	2011	2	2	1	5	6	3	1	2	3
J0903202	1779.82566155334	0	5	3	10	2011	1	1	1	5	6	3	1	3	-9
J0903203	1721.00820805047	0	4	3	10	2011	3	3	2	5	6	3	1	1	1
J0903204	674.904762622796	0	4	3	10	2011	3	3	2	5	6	3	1	2	1
J0903205	3060.48539713555	1	1	3	10	2011	1	1	1	5	6	3	1	6	-9
J0903206	1890.99426513217	1	1	3	10	2011	2	2	1	5	6	3	1	1	3
J0903207	2085.64278125141	1	1	3	10	2011	2	2	1	5	6	3	1	2	3
J0903210	2465.8542298136	0	4	3	10	2011	3	3	2	5	6	3	1	1	1
J0903212	3799.74057594846	0	5	3	10	2011	1	1	1	5	6	3	1	6	-9
J0903301	778.540837531777	0	5	3	11	2011	3	3	2	5	6	3	1	2	1
J0903304	1783.70616462994	1	1	3	11	2011	1	1	1	5	6	3	1	4	-9
J0903306	1103.19357665696	0	4	3	11	2011	3	3	2	5	6	3	1	1	1
J0903307	2886.73561819968	1	1	3	11	2011	1	1	1	5	6	3	1	4	-9
J0903311	3353.65072207673	0	5	3	11	2011	1	1	1	5	6	3	1	5	-9
J0903315	1419.85107857472	0	5	3	11	2011	1	1	1	5	6	3	1	1	-9
J0903402	2798.42035409095	1	1	3	11	2011	2	2	1	5	6	3	1	2	3
J0903404	982.313322907516	1	1	3	11	2011	2	2	1	5	6	3	1	3	3
J0903406	1523.77087691127	1	1	3	11	2011	1	1	1	5	6	3	1	4	-9
J0903407	1126.55085333343	0	5	3	11	2011	1	1	1	5	6	3	1	2	-9
J0903408	1811.04221544988	0	4	3	11	2011	1	1	1	5	6	3	1	7	-9
J0903409	1414.70689987617	0	5	3	11	2011	1	1	1	5	6	3	1	7	-9
J0903410	1743.46370798192	0	5	3	11	2011	1	1	1	5	6	3	1	6	-9
J0903411	1895.15634560123	1	1	3	11	2011	1	1	1	5	6	3	1	6	-9
J0903414	991.586054066261	1	1	3	11	2011	2	2	1	5	6	3	1	2	3
J0904101	1625.20420283517	0	5	4	1	2012	1	1	1	5	6	3	1	5	-9
J0904104	1118.76700800135	1	1	4	1	2012	2	2	1	5	6	3	1	2	3
J0904106	1650.64041758036	0	5	4	1	2012	1	1	1	5	6	3	1	5	-9
J0904107	1785.93459855822	0	4	4	1	2012	1	1	1	5	6	3	1	1	-9
J0904108	1853.61263150346	0	5	4	1	2012	1	1	1	5	6	3	1	3	-9
J0904110	1762.30505430323	0	5	4	1	2012	1	1	1	5	6	3	1	6	-9
J0904111	1821.03773638192	0	5	4	1	2012	1	1	1	5	6	3	1	6	-9
J0904112	1717.19046566688	0	4	4	1	2012	2	2	1	5	6	3	1	2	3
J0904201	1311.03949896897	1	1	4	1	2012	2	2	1	5	6	3	1	1	4
J0904203	1663.86174958178	0	5	4	1	2012	1	1	1	5	6	3	1	1	-9
J0904206	1670.19399479037	1	1	4	1	2012	2	2	1	5	6	3	1	1	5
J0904208	1395.62285639659	0	5	4	1	2012	1	1	1	5	6	3	1	1	-9
J0904213	3176.33203584261	1	1	4	1	2012	2	2	1	5	6	3	1	1	5
J0904303	2976.9151198459	1	1	4	2	2012	2	2	1	5	6	3	1	2	5
J0904306	2726.34230454203	0	5	4	2	2012	1	1	1	5	6	3	1	2	-9
J0904308	975.394327331648	0	5	4	2	2012	1	1	1	5	6	3	1	4	-9
J0904309	1962.11559478932	0	5	4	2	2012	1	1	1	5	6	3	1	3	-9
J0904311	1473.10811087767	0	5	4	2	2012	1	1	1	5	6	3	1	2	-9
J0904402	1644.83243984126	0	5	4	2	2012	1	1	1	5	6	3	1	1	-9
J0904403	799.524485283469	1	1	4	2	2012	4	4	2	5	6	3	1	1	2
J0904404	1264.02907530749	0	4	4	2	2012	1	1	1	5	6	3	1	1	-9
J0904405	1578.61428304353	1	1	4	2	2012	2	2	1	5	6	3	1	1	5
J0904406	680.177269718973	1	1	4	2	2012	4	4	2	5	6	3	1	1	2
J0904408	1287.56322994584	0	5	4	2	2012	1	1	1	5	6	3	1	1	-9
J0904409	1982.4130473565	1	1	4	2	2012	4	4	2	5	6	3	1	1	2
J0904412	707.040730145677	0	5	4	2	2012	1	1	1	5	6	3	1	1	-9
J0904416	824.174400890796	1	1	4	2	2012	1	1	1	5	6	3	1	1	-9
J0904418	1073.04895940832	0	5	4	2	2012	1	1	1	5	6	3	1	1	-9
J0911101	2716.62453092637	0	4	1	4	2011	2	2	1	5	6	3	1	2	3
J0911103	1381.11705457131	0	4	1	4	2011	1	1	1	5	6	3	1	5	-9
J0911104	2199.11873371526	1	1	1	4	2011	2	2	1	5	6	3	1	2	5
J0911105	1999.47066315017	1	1	1	4	2011	2	2	1	5	6	3	1	1	5
J0911110	1956.13435783746	0	4	1	4	2011	1	1	1	5	6	3	1	1	-9
J0911112	1542.12499441675	1	1	1	4	2011	1	1	1	5	6	3	1	3	-9
J0911201	1839.91952601699	1	1	1	4	2011	1	1	1	5	6	3	1	3	-9
J0911202	1883.2453405087	1	1	1	4	2011	2	2	1	5	6	3	1	2	3
J0911203	1896.75066716729	1	1	1	4	2011	2	2	1	5	6	3	1	2	3
J0911204	1232.67126104929	1	1	1	4	2011	2	2	1	5	6	3	1	1	3
J0911205	1888.22560657974	0	4	1	4	2011	2	2	1	5	6	3	1	4	5
J0911207	1599.69028954221	0	5	1	4	2011	1	1	1	5	6	3	1	3	-9
J0911208	1612.2152987314	1	1	1	4	2011	1	1	1	5	6	3	1	5	-9
J0911209	3091.28417345757	0	5	1	4	2011	1	1	1	5	6	3	1	4	-9
J0911210	1487.02627528648	1	1	1	4	2011	1	1	1	5	6	3	1	2	-9
J0911302	1447.03795586515	0	5	1	5	2011	1	1	1	5	6	3	1	1	-9
J0911303	1704.36597920101	1	1	1	5	2011	1	1	1	5	6	3	1	1	-9
J0911305	3392.37676965593	1	1	1	5	2011	1	1	1	5	6	3	1	3	-9
J0911308	1373.39376012853	0	4	1	5	2011	3	3	2	5	6	3	1	1	1
J0911309	908.382772944469	1	1	1	5	2011	3	3	2	5	6	3	1	1	1
J0911314	1902.05156151331	0	4	1	5	2011	1	1	1	5	6	3	1	5	-9
J0911402	614.078827605072	1	1	1	5	2011	3	3	2	5	6	3	1	1	1
J0911404	721.803277193834	1	1	1	5	2011	3	3	2	5	6	3	1	1	1
J0911406	2161.45040476138	0	5	1	5	2011	1	1	1	5	6	3	1	2	-9
J0911407	1540.69503032017	0	4	1	5	2011	1	1	1	5	6	3	1	1	-9
J0911408	1365.73064330254	1	1	1	5	2011	1	1	1	5	6	3	1	3	-9
J0911413	1482.31675847391	0	5	1	5	2011	1	1	1	5	6	3	1	9	-9
J0912101	998.099860591564	1	1	2	7	2011	2	2	1	5	6	3	1	2	3
J0912102	918.559780142716	1	1	2	7	2011	2	2	1	5	6	3	1	2	3
J0912105	739.596216477899	1	1	2	7	2011	3	3	2	5	6	3	1	3	1
J0912109	708.979948697698	0	4	2	7	2011	4	4	2	5	6	3	1	1	2
J0912111	976.729870853698	0	4	2	7	2011	2	2	1	5	6	3	1	1	3
J0912112	1116.40560098781	0	5	2	7	2011	1	1	1	5	6	3	1	7	-9
J0912115	1836.91950998592	0	5	2	7	2011	1	1	1	5	6	3	1	8	-9
J0912116	1542.29710397838	1	1	2	7	2011	1	1	1	5	6	3	1	9	-9
J0912117	1606.9515665088	1	1	2	7	2011	2	2	1	5	6	3	1	2	3
J0912119	1625.6082326252	1	1	2	7	2011	2	2	1	5	6	3	1	2	3
J0912120	1016.09723448059	1	1	2	7	2011	1	1	1	5	6	3	1	2	-9
J0912201	976.364021173929	1	1	2	7	2011	4	4	2	5	6	3	1	1	2
J0912202	2049.03749594082	0	5	2	7	2011	1	1	1	5	6	3	1	1	-9
J0912203	2311.37776415151	1	1	2	7	2011	1	1	1	5	6	3	1	3	-9
J0912205	1243.89584477842	0	4	2	7	2011	4	4	2	5	6	3	1	1	2
J0912206	1614.17708686877	0	5	2	7	2011	1	1	1	5	6	3	1	1	-9
J0912213	2040.41973251204	0	5	2	7	2011	1	1	1	5	6	3	1	3	-9
J0912301	1581.01427580439	0	4	2	8	2011	2	2	1	5	6	3	1	4	4
J0912306	1660.53542972301	1	1	2	8	2011	3	3	2	5	6	3	1	1	1
J0912321	759.601593103925	1	1	2	8	2011	3	3	2	5	6	3	1	1	1
J0912322	1523.05097134637	0	4	2	8	2011	2	2	1	5	6	3	1	1	5
J0912324	1006.21974598595	1	1	2	8	2011	3	3	2	5	6	3	1	1	1
J0912402	1361.95331271549	1	1	2	8	2011	4	4	2	5	6	3	1	1	2
J0912403	737.738897945574	1	1	2	8	2011	1	1	1	5	6	3	1	1	-9
J0912405	779.734364482835	1	1	2	8	2011	1	1	1	5	6	3	1	1	-9
J0912408	2143.64398146302	1	1	2	8	2011	2	2	1	5	6	3	1	1	3
J0912409	1059.46262380648	0	5	2	8	2011	1	1	1	5	6	3	1	1	-9
J0912410	1073.41643650243	0	4	2	8	2011	2	2	1	5	6	3	1	1	4
J0912411	703.663257469751	1	1	2	8	2011	4	4	2	5	6	3	1	1	2
J0912414	1468.12858428394	1	1	2	8	2011	3	3	2	5	6	3	1	1	1
J0912415	2340.6649399225	0	4	2	8	2011	4	4	2	5	6	3	1	1	2
J0912416	1155.40547389833	0	4	2	8	2011	3	3	2	5	6	3	1	1	1
J0913102	1373.62088747838	0	5	3	10	2011	1	1	1	5	6	3	1	4	-9
J0913103	3368.24749230971	0	4	3	10	2011	1	1	1	5	6	3	1	2	-9
J0913105	1277.077110027	1	1	3	10	2011	3	3	2	5	6	3	1	1	1
J0913109	793.655716660489	1	1	3	10	2011	4	4	2	5	6	3	1	3	2
J0913111	946.747954658968	1	1	3	10	2011	3	3	2	5	6	3	1	1	1
J0913114	1000.61786743701	0	5	3	10	2011	1	1	1	5	6	3	1	1	-9
J0913115	3912.84117366265	1	1	3	10	2011	4	4	2	5	6	3	1	2	2
J0913117	757.881370540666	0	4	3	10	2011	4	4	2	5	6	3	1	1	2
J0913201	1089.37726835214	1	1	3	10	2011	1	1	1	5	6	3	1	3	-9
J0913202	3089.61069793226	0	5	3	10	2011	1	1	1	5	6	3	1	1	-9
J0913203	644.590900554884	0	5	3	10	2011	3	3	2	5	6	3	1	1	1
J0913204	1662.59744534264	0	4	3	10	2011	1	1	1	5	6	3	1	1	-9
J0913205	2263.37489501767	0	5	3	10	2011	1	1	1	5	6	3	1	1	-9
J0913206	1409.32696603507	1	1	3	10	2011	2	2	1	5	6	3	1	2	3
J0913207	1215.64403581513	1	1	3	10	2011	3	3	2	5	6	3	1	1	1
J0913208	1528.03581867559	1	1	3	10	2011	2	2	1	5	6	3	1	1	5
J0913213	1613.02906688195	0	5	3	10	2011	2	2	1	5	6	3	1	1	5
J0913214	1455.37973283637	0	4	3	10	2011	1	1	1	5	6	3	1	1	-9
J0913302	1850.29187183206	1	1	3	11	2011	1	1	1	5	6	3	1	2	-9
J0913310	2351.00981910225	1	1	3	11	2011	3	3	2	5	6	3	1	1	1
J0913313	931.08857549401	1	1	3	11	2011	3	3	2	5	6	3	1	1	1
J0913314	926.698653129666	1	1	3	11	2011	3	3	2	5	6	3	1	1	1
J0913405	2170.24409613298	0	4	3	11	2011	2	2	1	5	6	3	1	2	3
J0913408	3995.56946480666	0	5	3	11	2011	1	1	1	5	6	3	1	2	-9
J0913411	2205.94357460449	1	1	3	11	2011	4	4	2	5	6	3	1	2	2
J0913412	1860.5742757403	1	1	3	11	2011	3	3	2	5	6	3	1	1	1
J0913414	1122.19067674399	0	4	3	11	2011	1	1	1	5	6	3	1	4	-9
J0914101	1292.32827034292	0	5	4	1	2012	1	1	1	5	6	3	1	9	-9
J0914103	882.811404367735	1	1	4	1	2012	4	4	2	5	6	3	1	6	2
J0914105	2045.18844040207	1	1	4	1	2012	2	2	1	5	6	3	1	8	3
J0914106	1349.19415403248	0	5	4	1	2012	1	1	1	5	6	3	1	6	-9
J0914107	3338.31149367828	1	1	4	1	2012	2	2	1	5	6	3	1	8	3
J0914110	1929.97945385331	1	1	4	1	2012	2	2	1	5	6	3	1	9	3
J0914112	1557.3360051897	1	1	4	1	2012	1	1	1	5	6	3	1	10	-9
J0914204	763.148683019395	1	1	4	1	2012	3	3	2	5	6	3	1	1	1
J0914205	1745.02782910096	1	1	4	1	2012	1	1	1	5	6	3	1	8	-9
J0914206	2217.5418075041	0	5	4	1	2012	1	1	1	5	6	3	1	10	-9
J0914207	1583.1204549587	1	1	4	1	2012	3	3	2	5	6	3	1	5	1
J0914209	2273.82783305017	0	5	4	1	2012	1	1	1	5	6	3	1	8	-9
J0914210	1410.07773509857	1	1	4	1	2012	1	1	1	5	6	3	1	8	-9
J0914211	3286.89293629473	0	5	4	1	2012	1	1	1	5	6	3	1	7	-9
J0914213	1581.49569050417	0	5	4	1	2012	1	1	1	5	6	3	1	8	-9
J0914301	1669.26217734983	1	1	4	2	2012	1	1	1	5	6	3	1	3	-9
J0914302	2620.35778043685	0	5	4	2	2012	1	1	1	5	6	3	1	10	-9
J0914304	1597.5274763932	0	5	4	2	2012	1	1	1	5	6	3	1	6	-9
J0914308	1275.96745403865	1	1	4	2	2012	1	1	1	5	6	3	1	10	-9
J0914309	2461.22714036363	0	5	4	2	2012	1	1	1	5	6	3	1	8	-9
J0914310	1414.81306952291	0	5	4	2	2012	1	1	1	5	6	3	1	9	-9
J0914311	1661.30695352688	0	4	4	2	2012	1	1	1	5	6	3	1	7	-9
J0914313	1625.13541677098	1	1	4	2	2012	1	1	1	5	6	3	1	3	-9
J0914402	744.694741466788	1	1	4	2	2012	3	3	2	5	6	3	1	1	1
J0914403	2220.40660149052	1	1	4	2	2012	2	2	1	5	6	3	1	5	5
J0914405	905.908768330283	0	4	4	2	2012	3	3	2	5	6	3	1	1	1
J0914407	1610.57197293862	0	5	4	2	2012	1	1	1	5	6	3	1	2	-9
J0914410	689.247423090733	0	4	4	2	2012	1	1	1	5	6	3	1	1	-9
J0914413	714.967274449239	1	1	4	2	2012	3	3	2	5	6	3	1	5	1
J0914415	5301.78460973988	0	4	4	2	2012	1	1	1	5	6	3	1	5	-9
J0921101	1820.63366797931	0	4	1	4	2011	2	2	1	5	6	3	1	2	4
J0921201	1584.05917898385	0	5	1	4	2011	1	1	1	5	6	3	1	2	-9
J0921205	1604.23771955261	0	5	1	4	2011	1	1	1	5	6	3	1	4	-9
J0921303	1516.50197860421	1	1	1	5	2011	1	1	1	5	6	3	1	8	-9
J0921305	1483.36481901706	1	1	1	5	2011	1	1	1	5	6	3	1	9	-9
J0921403	1668.49045581088	1	1	1	5	2011	2	2	1	5	6	3	1	9	3
J0921404	3216.63223707097	1	1	1	5	2011	2	2	1	5	6	3	1	10	3
J0921405	1523.67356035587	0	5	1	5	2011	1	1	1	5	6	3	1	7	-9
J0921407	1826.39282292946	0	5	1	5	2011	1	1	1	5	6	3	1	7	-9
J0922101	797.437617498875	1	1	2	7	2011	4	4	2	5	6	3	1	2	2
J0922102	1254.41098437613	0	5	2	7	2011	1	1	1	5	6	3	1	3	-9
J0922107	790.397191299242	1	1	2	7	2011	4	4	2	5	6	3	1	1	2
J0922201	3311.54228209333	0	5	2	7	2011	1	1	1	5	6	3	1	4	-9
J0922203	2989.85286128943	1	1	2	7	2011	1	1	1	5	6	3	1	4	-9
J0922204	843.627454410967	1	1	2	7	2011	4	4	2	5	6	3	1	2	2
J0922205	889.26298808555	1	1	2	7	2011	4	4	2	5	6	3	1	2	2
J0922207	1315.69652605058	1	1	2	7	2011	1	1	1	5	6	3	1	5	-9
J0922208	1858.54643310293	0	5	2	7	2011	1	1	1	5	6	3	1	2	-9
J0922209	901.381107295941	1	1	2	7	2011	1	1	1	5	6	3	1	3	-9
J0922210	1358.8175956835	0	5	2	7	2011	1	1	1	5	6	3	1	5	-9
J0922302	669.692174367157	0	4	2	8	2011	2	2	1	5	6	3	1	4	5
J0922303	1422.03745914109	1	1	2	8	2011	4	4	2	5	6	3	1	4	2
J0922304	1087.13146458621	0	4	2	8	2011	1	1	1	5	6	3	1	1	-9
J0922306	868.055682252362	1	1	2	8	2011	4	4	2	5	6	3	1	2	2
J0922405	1119.44604763616	0	4	2	8	2011	4	4	2	5	6	3	1	1	2
J0922411	999.288181836526	1	1	2	8	2011	4	4	2	5	6	3	1	1	2
J0923102	2751.01188519514	0	5	3	10	2011	1	1	1	5	6	3	1	5	-9
J0923103	698.164553458073	0	5	3	10	2011	1	1	1	5	6	3	1	2	-9
J0923104	2560.7906957218	1	1	3	10	2011	4	4	2	5	6	3	1	5	2
J0923201	2698.53941105261	0	5	3	10	2011	4	4	2	5	6	3	1	4	2
J0923301	1451.78129229716	1	1	3	11	2011	4	4	2	5	6	3	1	4	2
J0923302	1437.66716004584	0	5	3	11	2011	4	4	2	5	6	3	1	3	2
J0923401	1670.24461731852	0	5	3	11	2011	1	1	1	5	6	3	1	6	-9
J0923402	3396.6598497245	0	5	3	11	2011	1	1	1	5	6	3	1	9	-9
J0923403	1483.08315149401	1	1	3	11	2011	1	1	1	5	6	3	1	5	-9
J0923404	1148.88710144102	0	5	3	11	2011	1	1	1	5	6	3	1	9	-9
J0924101	1216.75862595034	1	1	4	1	2012	1	1	1	5	6	3	1	1	-9
J0924102	1590.63965279132	1	1	4	1	2012	4	4	2	5	6	3	1	1	2
J0924103	758.364432974068	1	1	4	1	2012	1	1	1	5	6	3	1	1	-9
J0924104	2306.72236899654	0	5	4	1	2012	1	1	1	5	6	3	1	5	-9
J0924105	868.443317978389	0	5	4	1	2012	4	4	2	5	6	3	1	3	2
J0924106	1355.16840031452	0	4	4	1	2012	2	2	1	5	6	3	1	10	3
J0924107	3958.47035664141	0	4	4	1	2012	2	2	1	5	6	3	1	10	5
J0924201	720.979937596041	1	1	4	1	2012	2	2	1	5	6	3	1	1	5
J0924203	2577.76635977179	1	1	4	1	2012	4	4	2	5	6	3	1	1	2
J0924204	1765.0603813193	0	4	4	1	2012	2	2	1	5	6	3	1	1	3
J0924205	3443.17889209492	0	5	4	1	2012	1	1	1	5	6	3	1	1	-9
J0924301	2154.40157058314	0	5	4	2	2012	1	1	1	5	6	3	1	6	-9
J0924303	1483.11933317365	1	1	4	2	2012	1	1	1	5	6	3	1	5	-9
J0924304	2409.68373556175	0	5	4	2	2012	1	1	1	5	6	3	1	1	-9
J0924305	730.529950211475	1	1	4	2	2012	1	1	1	5	6	3	1	3	-9
J0924307	1604.0091312498	0	4	4	2	2012	4	4	2	5	6	3	1	8	2
J0924403	1028.73988037509	0	4	4	2	2012	4	4	2	5	6	3	1	1	2
J0924404	1018.11840153671	0	5	4	2	2012	1	1	1	5	6	3	1	1	-9
J0924405	2082.79522598745	0	5	4	2	2012	1	1	1	5	6	3	1	5	-9
J0924406	1164.02266141152	0	4	4	2	2012	1	1	1	5	6	3	1	1	-9
J0924407	937.728044594059	0	5	4	2	2012	1	1	1	5	6	3	1	2	-9
J0924408	853.739893575367	1	1	4	2	2012	4	4	2	5	6	3	1	1	2
J0931106	1514.73456065547	0	4	1	4	2011	1	1	1	5	6	3	1	2	-9
J0931107	858.935026718038	0	5	1	4	2011	1	1	1	5	6	3	1	2	-9
J0931109	878.256758079047	0	4	1	4	2011	4	4	2	5	6	3	1	2	2
J0931110	1519.47923862613	1	1	1	4	2011	1	1	1	5	6	3	1	2	-9
J0931202	1084.15757429105	1	1	1	4	2011	3	3	2	5	6	3	1	1	1
J0931203	2151.8078651137	0	4	1	4	2011	2	2	1	5	6	3	1	1	3
J0931204	3707.47206441936	0	4	1	4	2011	1	1	1	5	6	3	1	2	-9
J0931208	1504.87049220293	1	1	1	4	2011	1	1	1	5	6	3	1	1	-9
J0931210	1798.0675492004	0	4	1	4	2011	3	3	2	5	6	3	1	1	1
J0931301	1566.46453320242	0	4	1	5	2011	2	2	1	5	6	3	1	1	5
J0931303	3348.88702766384	0	4	1	5	2011	1	1	1	5	6	3	1	3	-9
J0931305	2803.9721807342	0	4	1	5	2011	3	3	2	5	6	3	1	3	1
J0931307	2299.85883987762	0	5	1	5	2011	1	1	1	5	6	3	1	2	-9
J0931401	1470.48568781052	1	1	1	5	2011	1	1	1	5	6	3	1	3	-9
J0931407	2110.1782692231	1	1	1	5	2011	1	1	1	5	6	3	1	6	-9
J0931408	2051.49715379942	0	5	1	5	2011	1	1	1	5	6	3	1	4	-9
J0932101	751.57690398897	0	4	2	7	2011	3	3	2	5	6	3	1	1	1
J0932102	800.493494985422	1	1	2	7	2011	4	4	2	5	6	3	1	1	2
J0932104	986.537782046993	0	4	2	7	2011	1	1	1	5	6	3	1	1	-9
J0932106	1563.99661065934	0	4	2	7	2011	1	1	1	5	6	3	1	8	-9
J0932107	1653.39347835797	0	5	2	7	2011	1	1	1	5	6	3	1	1	-9
J0932201	1624.19642255881	0	5	2	7	2011	1	1	1	5	6	3	1	2	-9
J0932202	2968.9672554264	1	1	2	7	2011	1	1	1	5	6	3	1	2	-9
J0932205	1525.79085921456	1	1	2	7	2011	1	1	1	5	6	3	1	2	-9
J0932206	3201.89872832583	0	5	2	7	2011	1	1	1	5	6	3	1	4	-9
J0932301	1346.06924631662	0	5	2	8	2011	1	1	1	5	6	3	1	5	-9
J0932302	1326.5185853188	0	5	2	8	2011	1	1	1	5	6	3	1	5	-9
J0932303	1735.94181765089	0	4	2	8	2011	2	2	1	5	6	3	1	6	3
J0932305	1334.22259956343	0	4	2	8	2011	1	1	1	5	6	3	1	5	-9
J0932402	844.433433102355	1	1	2	8	2011	3	3	2	5	6	3	1	1	1
J0932403	1641.73027678911	1	1	2	8	2011	1	1	1	5	6	3	1	2	-9
J0932405	2648.61588865772	0	5	2	8	2011	1	1	1	5	6	3	1	2	-9
J0932406	2887.24578093006	1	1	2	8	2011	1	1	1	5	6	3	1	1	-9
J0932410	766.139646834915	1	1	2	8	2011	2	2	1	5	6	3	1	2	3
J0933104	1439.64724424188	0	5	3	10	2011	1	1	1	5	6	3	1	1	-9
J0933106	1570.71758002448	1	1	3	10	2011	2	2	1	5	6	3	1	1	3
J0933111	1119.19278083645	0	4	3	10	2011	3	3	2	5	6	3	1	2	1
J0933204	1527.47897993335	1	1	3	10	2011	1	1	1	5	6	3	1	3	-9
J0933206	2087.7690647817	0	4	3	10	2011	1	1	1	5	6	3	1	3	-9
J0933301	1683.58432819371	0	5	3	11	2011	1	1	1	5	6	3	1	1	-9
J0933302	1654.13800339013	0	5	3	11	2011	2	2	1	5	6	3	1	1	3
J0933304	3035.58559273961	0	5	3	11	2011	1	1	1	5	6	3	1	2	-9
J0933305	932.240716873173	0	4	3	11	2011	1	1	1	5	6	3	1	1	-9
J0933306	1703.37194062296	0	5	3	11	2011	1	1	1	5	6	3	1	2	-9
J0933307	722.752113717533	1	1	3	11	2011	3	3	2	5	6	3	1	1	1
J0933401	879.688010011606	0	4	3	11	2011	3	3	2	5	6	3	1	1	1
J0933402	948.859090727679	0	5	3	11	2011	1	1	1	5	6	3	1	1	-9
J0933404	3418.18735411084	1	1	3	11	2011	1	1	1	5	6	3	1	2	-9
J0933405	917.802834834999	0	4	3	11	2011	3	3	2	5	6	3	1	2	1
J0933409	2327.88400685029	1	1	3	11	2011	1	1	1	5	6	3	1	3	-9
J0934102	1261.40983661364	0	4	4	1	2012	3	3	2	5	6	3	1	3	1
J0934104	763.259775078025	1	1	4	1	2012	3	3	2	5	6	3	1	1	1
J0934106	1207.22575908017	0	5	4	1	2012	1	1	1	5	6	3	1	1	-9
J0934109	902.230768559677	0	5	4	1	2012	3	3	2	5	6	3	1	1	1
J0934110	3185.45025787039	1	1	4	1	2012	2	2	1	5	6	3	1	1	3
J0934202	1740.31427963862	0	4	4	1	2012	2	2	1	5	6	3	1	3	5
J0934203	1704.45232089996	0	5	4	1	2012	1	1	1	5	6	3	1	3	-9
J0934204	1308.91529830554	1	1	4	1	2012	2	2	1	5	6	3	1	3	5
J0934205	733.849024464796	1	1	4	1	2012	4	4	2	5	6	3	1	2	2
J0934207	1447.39827770949	1	1	4	1	2012	2	2	1	5	6	3	1	1	5
J0934208	961.197606862353	0	5	4	1	2012	3	3	2	5	6	3	1	1	1
J0934209	1527.88776944276	1	1	4	1	2012	3	3	2	5	6	3	1	1	1
J0934210	1237.48433506972	1	1	4	1	2012	3	3	2	5	6	3	1	2	1
J0934211	2162.30247962065	1	1	4	1	2012	2	2	1	5	6	3	1	3	4
J0934301	1807.96973406304	0	5	4	2	2012	1	1	1	5	6	3	1	1	-9
J0934303	2788.90969016909	0	5	4	2	2012	1	1	1	5	6	3	1	2	-9
J0934307	1830.11565856004	0	4	4	2	2012	1	1	1	5	6	3	1	2	-9
J0934402	1637.02389875825	1	1	4	2	2012	1	1	1	5	6	3	1	6	-9
J0934404	838.020508619855	0	4	4	2	2012	3	3	2	5	6	3	1	1	1
J0934405	1382.52861689014	0	5	4	2	2012	1	1	1	5	6	3	1	1	-9
J0934407	987.780724119901	0	5	4	2	2012	4	4	2	5	6	3	1	1	2
J0934410	814.438522362834	0	4	4	2	2012	2	2	1	5	6	3	1	1	3
J0934411	1145.08948591905	0	5	4	2	2012	1	1	1	5	6	3	1	3	-9
J0941101	1542.60095582815	1	1	1	4	2011	2	2	1	5	6	3	1	2	5
J0941102	890.555822575077	0	5	1	4	2011	1	1	1	5	6	3	1	3	-9
J0941103	1086.83512878076	1	1	1	4	2011	3	3	2	5	6	3	1	1	1
J0941104	898.136393071594	1	1	1	4	2011	3	3	2	5	6	3	1	1	1
J0941105	1627.75072886555	1	1	1	4	2011	2	2	1	5	6	3	1	1	3
J0941107	697.312306538774	1	1	1	4	2011	3	3	2	5	6	3	1	3	1
J0941108	810.990994369294	1	1	1	4	2011	3	3	2	5	6	3	1	2	1
J0941109	852.276721987272	1	1	1	4	2011	4	4	2	5	6	3	1	2	2
J0941201	1422.28046808981	0	5	1	4	2011	1	1	1	5	6	3	1	10	-9
J0941204	1513.37395224592	1	1	1	4	2011	3	3	2	5	6	3	1	3	1
J0941206	2198.63200745981	0	4	1	4	2011	1	1	1	5	6	3	1	4	-9
J0941207	3117.15809220135	0	5	1	4	2011	1	1	1	5	6	3	1	7	-9
J0941301	1544.49728279089	0	4	1	5	2011	1	1	1	5	6	3	1	10	-9
J0941302	2808.13923316343	1	1	1	5	2011	4	4	2	5	6	3	1	7	2
J0941303	3068.58012080803	0	5	1	5	2011	1	1	1	5	6	3	1	9	-9
J0941305	750.978830469367	1	1	1	5	2011	3	3	2	5	6	3	1	1	1
J0941308	1623.31989347152	0	4	1	5	2011	1	1	1	5	6	3	1	7	-9
J0941309	1469.41824199782	0	5	1	5	2011	1	1	1	5	6	3	1	7	-9
J0941311	945.704138715034	1	1	1	5	2011	2	2	1	5	6	3	1	1	3
J0941402	3771.60629576068	0	4	1	5	2011	1	1	1	5	6	3	1	6	-9
J0941403	3083.53930477652	0	5	1	5	2011	1	1	1	5	6	3	1	3	-9
J0941406	2404.86918894445	0	4	1	5	2011	2	2	1	5	6	3	1	2	5
J0941408	1015.21653484758	0	4	1	5	2011	1	1	1	5	6	3	1	5	-9
J0942102	1772.37286400571	0	4	2	7	2011	4	4	2	5	6	3	1	3	2
J0942103	1072.79720726352	0	5	2	7	2011	1	1	1	5	6	3	1	1	-9
J0942105	1543.26552125931	0	5	2	7	2011	1	1	1	5	6	3	1	10	-9
J0942106	2486.99637807258	0	5	2	7	2011	1	1	1	5	6	3	1	9	-9
J0942108	1282.31084627265	0	5	2	7	2011	1	1	1	5	6	3	1	9	-9
J0942201	1097.2097626771	0	5	2	7	2011	1	1	1	5	6	3	1	2	-9
J0942202	1106.32491709846	0	4	2	7	2011	2	2	1	5	6	3	1	5	3
J0942203	1649.85932287479	0	5	2	7	2011	1	1	1	5	6	3	1	6	-9
J0942204	1626.12325177092	1	1	2	7	2011	1	1	1	5	6	3	1	5	-9
J0942205	1584.74629642602	0	5	2	7	2011	1	1	1	5	6	3	1	8	-9
J0942206	2191.89786978597	1	1	2	7	2011	1	1	1	5	6	3	1	10	-9
J0942301	748.709848613013	1	1	2	8	2011	3	3	2	5	6	3	1	1	1
J0942302	1644.91348071791	0	4	2	8	2011	2	2	1	5	6	3	1	2	3
J0942303	871.867322539021	0	5	2	8	2011	1	1	1	5	6	3	1	2	-9
J0942404	882.412827158143	1	1	2	8	2011	3	3	2	5	6	3	1	1	1
J0942405	849.476293939512	0	5	2	8	2011	1	1	1	5	6	3	1	1	-9
J0942406	1618.59550385298	0	4	2	8	2011	1	1	1	5	6	3	1	4	-9
J0942408	2406.68124861216	0	5	2	8	2011	1	1	1	5	6	3	1	1	-9
J0942410	889.348087694724	1	1	2	8	2011	4	4	2	5	6	3	1	3	2
J0943103	1628.58219056242	0	5	3	10	2011	1	1	1	5	6	3	1	9	-9
J0943105	1854.66958021153	0	5	3	10	2011	1	1	1	5	6	3	1	5	-9
J0943106	2577.66323594963	0	4	3	10	2011	3	3	2	5	6	3	1	5	1
J0943109	2944.11757772251	1	1	3	10	2011	3	3	2	5	6	3	1	2	1
J0943201	1740.22276032784	0	4	3	10	2011	2	2	1	5	6	3	1	6	5
J0943203	1354.61135171634	0	5	3	10	2011	1	1	1	5	6	3	1	3	-9
J0943204	917.083992621885	0	4	3	10	2011	4	4	2	5	6	3	1	3	2
J0943206	1639.44009917241	0	5	3	10	2011	1	1	1	5	6	3	1	3	-9
J0943208	761.389589665471	1	1	3	10	2011	3	3	2	5	6	3	1	1	1
J0943305	1750.68227072803	0	5	3	11	2011	1	1	1	5	6	3	1	3	-9
J0943309	2929.45034331271	0	4	3	11	2011	2	2	1	5	6	3	1	3	3
J0943310	1308.52464299032	0	5	3	11	2011	1	1	1	5	6	3	1	9	-9
J0943405	850.121918526003	0	5	3	11	2011	1	1	1	5	6	3	1	1	-9
J0943407	852.540162113283	0	4	3	11	2011	4	4	2	5	6	3	1	2	2
J0943408	1482.99299474908	0	5	3	11	2011	1	1	1	5	6	3	1	4	-9
J0943409	1732.81522555045	0	4	3	11	2011	4	4	2	5	6	3	1	1	2
J0943411	821.698625349792	0	4	3	11	2011	3	3	2	5	6	3	1	2	1
J0944104	2520.36855361173	0	5	4	1	2012	1	1	1	5	6	3	1	8	-9
J0944106	1568.97750143986	0	5	4	1	2012	1	1	1	5	6	3	1	9	-9
J0944108	874.478209631333	0	4	4	1	2012	1	1	1	5	6	3	1	1	-9
J0944201	839.164747585114	0	5	4	1	2012	1	1	1	5	6	3	1	2	-9
J0944203	1625.7581635163	0	4	4	1	2012	1	1	1	5	6	3	1	5	-9
J0944204	1383.66542519215	0	5	4	1	2012	1	1	1	5	6	3	1	6	-9
J0944207	1648.36414976239	0	5	4	1	2012	1	1	1	5	6	3	1	3	-9
J0944208	2836.43707775358	0	4	4	1	2012	1	1	1	5	6	3	1	3	-9
J0944211	1831.67394040339	0	5	4	1	2012	1	1	1	5	6	3	1	5	-9
J0944301	1566.59923663825	0	5	4	2	2012	1	1	1	5	6	3	1	8	-9
J0944304	1432.04125601529	1	1	4	2	2012	1	1	1	5	6	3	1	8	-9
J0944306	1479.47092434373	0	5	4	2	2012	2	2	1	5	6	3	1	7	5
J0944307	2502.44017398883	1	1	4	2	2012	1	1	1	5	6	3	1	5	-9
J0944405	1459.45969149831	1	1	4	2	2012	1	1	1	5	6	3	1	9	-9
J0944406	958.651430904126	1	1	4	2	2012	3	3	2	5	6	3	1	3	1
J0944408	2135.44439657842	1	1	4	2	2012	3	3	2	5	6	3	1	3	1
J0944409	1109.16731960642	0	5	4	2	2012	3	3	2	5	6	3	1	2	1
J0951101	1535.39437124683	1	1	1	4	2011	3	3	2	5	6	3	1	4	1
J0951102	2412.41940697321	0	4	1	4	2011	1	1	1	5	6	3	1	4	-9
J0951104	1879.84955171972	0	5	1	4	2011	1	1	1	5	6	3	1	4	-9
J0951109	1525.44282598786	0	4	1	4	2011	1	1	1	5	6	3	1	7	-9
J0951202	2153.24640380372	1	1	1	4	2011	1	1	1	5	6	3	1	4	-9
J0951205	2184.89363847126	0	4	1	4	2011	1	1	1	5	6	3	1	7	-9
J0951301	1019.91774374451	0	4	1	5	2011	2	2	1	5	6	3	1	1	5
J0951305	1454.6532277156	1	1	1	5	2011	2	2	1	5	6	3	1	1	5
J0951306	2164.36847965219	1	1	1	5	2011	1	1	1	5	6	3	1	2	-9
J0951307	855.355139928558	1	1	1	5	2011	3	3	2	5	6	3	1	1	1
J0951309	1121.51879215973	0	5	1	5	2011	1	1	1	5	6	3	1	2	-9
J0951406	1498.0704173014	1	1	1	5	2011	3	3	2	5	6	3	1	1	1
J0951407	1197.16972619396	1	1	1	5	2011	2	2	1	5	6	3	1	2	5
J0952101	1780.56971406035	0	4	2	7	2011	1	1	1	5	6	3	1	6	-9
J0952104	1922.69803654225	0	5	2	7	2011	1	1	1	5	6	3	1	3	-9
J0952107	1729.9401524223	0	4	2	7	2011	2	2	1	5	6	3	1	2	3
J0952108	3507.34006876782	0	5	2	7	2011	1	1	1	5	6	3	1	2	-9
J0952201	838.798946947258	0	4	2	7	2011	3	3	2	5	6	3	1	2	1
J0952203	641.825884616394	1	1	2	7	2011	3	3	2	5	6	3	1	2	1
J0952205	1356.27076036961	0	5	2	7	2011	1	1	1	5	6	3	1	7	-9
J0952207	3589.78611569101	0	5	2	7	2011	1	1	1	5	6	3	1	7	-9
J0952303	2127.21397194265	0	5	2	8	2011	1	1	1	5	6	3	1	2	-9
J0952304	2147.85959853669	1	1	2	8	2011	3	3	2	5	6	3	1	1	1
J0952306	708.000945133246	0	4	2	8	2011	1	1	1	5	6	3	1	2	-9
J0952307	856.54010921935	1	1	2	8	2011	3	3	2	5	6	3	1	1	1
J0952308	732.841678927161	0	5	2	8	2011	1	1	1	5	6	3	1	2	-9
J0952403	1762.8822127403	1	1	2	8	2011	2	2	1	5	6	3	1	4	3
J0952404	1110.15965424895	1	1	2	8	2011	3	3	2	5	6	3	1	1	1
J0952406	1677.99524073931	0	4	2	8	2011	1	1	1	5	6	3	1	2	-9
J0953102	744.025705472896	0	5	3	10	2011	1	1	1	5	6	3	1	1	-9
J0953104	1218.42345440943	0	4	3	10	2011	3	3	2	5	6	3	1	2	1
J0953108	915.517931746781	0	5	3	10	2011	1	1	1	5	6	3	1	3	-9
J0953109	2226.50220970432	0	4	3	10	2011	1	1	1	5	6	3	1	1	-9
J0953202	777.549914241011	1	1	3	10	2011	3	3	2	5	6	3	1	1	1
J0953204	2596.09844178935	0	5	3	10	2011	1	1	1	5	6	3	1	3	-9
J0953205	3772.69401089755	1	1	3	10	2011	1	1	1	5	6	3	1	2	-9
J0953206	1603.68212667989	1	1	3	10	2011	4	4	2	5	6	3	1	1	2
J0953207	1672.04944898814	1	1	3	10	2011	3	3	2	5	6	3	1	1	1
J0953209	874.582607209214	0	5	3	10	2011	4	4	2	5	6	3	1	1	2
J0953210	778.608688422375	1	1	3	10	2011	3	3	2	5	6	3	1	1	1
J0953301	823.091034931545	0	5	3	11	2011	1	1	1	5	6	3	1	2	-9
J0953303	1098.18180879118	1	1	3	11	2011	3	3	2	5	6	3	1	1	1
J0953305	869.478382403265	0	5	3	11	2011	1	1	1	5	6	3	1	1	-9
J0953307	1214.82558393087	0	4	3	11	2011	1	1	1	5	6	3	1	5	-9
J0953403	3596.24248737786	0	5	3	11	2011	1	1	1	5	6	3	1	7	-9
J0953405	1334.1713943197	0	4	3	11	2011	1	1	1	5	6	3	1	7	-9
J0954101	1630.67957451975	1	1	4	1	2012	4	4	2	5	6	3	1	4	2
J0954102	1581.28378659252	1	1	4	1	2012	1	1	1	5	6	3	1	4	-9
J0954103	1714.0909422233	0	5	4	1	2012	1	1	1	5	6	3	1	5	-9
J0954105	1611.90325500494	0	5	4	1	2012	1	1	1	5	6	3	1	6	-9
J0954107	1609.1753148565	1	1	4	1	2012	1	1	1	5	6	3	1	5	-9
J0954201	1700.65453323923	1	1	4	1	2012	1	1	1	5	6	3	1	3	-9
J0954203	1548.29615539603	0	5	4	1	2012	1	1	1	5	6	3	1	7	-9
J0954204	652.134506479612	1	1	4	1	2012	3	3	2	5	6	3	1	1	1
J0954205	1149.50605824139	0	5	4	1	2012	1	1	1	5	6	3	1	1	-9
J0954206	782.311263512553	0	4	4	1	2012	2	2	1	5	6	3	1	4	3
J0954208	1522.78470150976	0	5	4	1	2012	1	1	1	5	6	3	1	9	-9
J0954301	1386.73436793483	1	1	4	2	2012	2	2	1	5	6	3	1	2	5
J0954302	2379.9560082909	0	5	4	2	2012	1	1	1	5	6	3	1	5	-9
J0954303	945.123817545466	1	1	4	2	2012	1	1	1	5	6	3	1	3	-9
J0954304	899.13979013567	1	1	4	2	2012	3	3	2	5	6	3	1	1	1
J0954401	866.777041961898	0	4	4	2	2012	2	2	1	5	6	3	1	5	4
J0954402	1453.92845428237	0	4	4	2	2012	2	2	1	5	6	3	1	2	4
J0954403	1717.0027482424	0	5	4	2	2012	1	1	1	5	6	3	1	5	-9
J0954404	923.755465201777	0	5	4	2	2012	1	1	1	5	6	3	1	1	-9
J0954408	1967.5603291987	0	4	4	2	2012	2	2	1	5	6	3	1	2	3
J0954409	1385.24218685774	1	1	4	2	2012	3	3	2	5	6	3	1	1	1
J0954410	1890.55448711586	0	4	4	2	2012	4	4	2	5	6	3	1	1	2
J0961101	2549.22714798133	0	5	1	4	2011	1	1	1	5	6	3	1	7	-9
J0961102	807.272629196522	1	1	1	4	2011	4	4	2	5	6	3	1	4	2
J0961106	1567.68134728145	1	1	1	4	2011	1	1	1	5	6	3	2	8	-9
J0961108	1450.17625132616	0	4	1	4	2011	1	1	1	5	6	3	1	2	-9
J0961109	1403.06860851401	0	5	1	4	2011	1	1	1	5	6	3	1	6	-9
J0961201	891.420986263728	1	1	1	4	2011	1	1	1	5	6	3	1	3	-9
J0961202	1495.55517664472	1	1	1	4	2011	2	2	1	5	6	3	1	5	5
J0961206	1442.48040740724	0	5	1	4	2011	1	1	1	5	6	3	1	7	-9
J0961207	1829.50655450066	1	1	1	4	2011	1	1	1	5	6	3	1	8	-9
J0961209	2095.32454159806	1	1	1	4	2011	1	1	1	5	6	3	1	8	-9
J0961301	766.63973974918	1	1	1	5	2011	3	3	2	5	6	3	1	4	1
J0961305	1700.28371898597	0	4	1	5	2011	1	1	1	5	6	3	1	4	-9
J0961306	747.21865517382	0	5	1	5	2011	1	1	1	5	6	3	1	3	-9
J0961403	2016.55453590122	0	4	1	5	2011	1	1	1	5	6	3	1	1	-9
J0961404	888.205601160387	0	5	1	5	2011	1	1	1	5	6	3	1	3	-9
J0961405	4828.65161950386	1	1	1	5	2011	1	1	1	5	6	3	1	5	-9
J0961406	2182.09321912636	0	5	1	5	2011	1	1	1	5	6	3	1	4	-9
J0961407	844.671217802688	1	1	1	5	2011	1	1	1	5	6	3	1	4	-9
J0961408	1440.65052719513	1	1	1	5	2011	3	3	2	5	6	3	1	5	1
J0961409	844.954685390289	1	1	1	5	2011	3	3	2	5	6	3	1	3	1
J0962101	2670.82658636795	1	1	2	7	2011	1	1	1	5	6	3	1	8	-9
J0962104	2068.16674666834	1	1	2	7	2011	4	4	2	5	6	3	3	8	2
J0962105	1875.87816603868	0	5	2	7	2011	1	1	1	5	6	3	3	9	-9
J0962107	1723.33434062236	0	5	2	7	2011	1	1	1	5	6	3	1	9	-9
J0962201	1550.60874157959	1	1	2	7	2011	1	1	1	5	6	3	1	8	-9
J0962203	1343.77201935557	0	4	2	7	2011	1	1	1	5	6	3	4	6	-9
J0962205	1007.16481529191	1	1	2	7	2011	2	2	1	5	6	3	1	3	3
J0962210	1958.00495053848	0	4	2	7	2011	1	1	1	5	6	3	2	9	-9
J0962301	4354.41900535208	0	4	2	8	2011	2	2	1	5	6	3	1	9	5
J0962306	1435.3858896428	0	5	2	8	2011	1	1	1	5	6	3	1	6	-9
J0962403	1212.45788694294	1	1	2	8	2011	1	1	1	5	6	3	2	6	-9
J0962404	1671.87711235091	0	5	2	8	2011	1	1	1	5	6	3	2	6	-9
J0962405	1675.08750769071	0	5	2	8	2011	1	1	1	5	6	3	2	10	-9
J0962406	1152.23808314288	0	4	2	8	2011	4	4	2	5	6	3	2	8	2
J0962407	1353.19590333776	1	1	2	8	2011	2	2	1	5	6	3	2	8	5
J0963101	1553.03881111019	0	5	3	10	2011	1	1	1	5	6	3	1	10	-9
J0963102	1206.3442384996	1	1	3	10	2011	1	1	1	5	6	3	4	6	-9
J0963103	742.828037519371	1	1	3	10	2011	4	4	2	5	6	3	1	5	2
J0963105	1189.19568539984	1	1	3	10	2011	1	1	1	5	6	3	1	10	-9
J0963106	1349.96526103064	0	5	3	10	2011	4	4	2	5	6	3	1	7	2
J0963201	1475.52171310727	0	5	3	10	2011	1	1	1	5	6	3	1	6	-9
J0963202	1673.14171884893	1	1	3	10	2011	1	1	1	5	6	3	1	6	-9
J0963203	1042.68810630596	0	4	3	10	2011	4	4	2	5	6	3	1	4	2
J0963205	965.752320068919	0	5	3	10	2011	1	1	1	5	6	3	1	2	-9
J0963206	1493.08646708483	0	4	3	10	2011	2	2	1	5	6	3	1	8	3
J0963207	1962.26961284923	0	4	3	10	2011	2	2	1	5	6	3	1	4	5
J0963208	1435.09424881482	0	5	3	10	2011	1	1	1	5	6	3	1	8	-9
J0963301	1331.65577556656	0	5	3	11	2011	1	1	1	5	6	3	3	6	-9
J0963302	1430.19516715575	0	4	3	11	2011	3	3	2	5	6	3	1	5	1
J0963303	1251.22457050093	0	4	3	11	2011	4	4	2	5	6	3	3	6	2
J0963305	1378.21579586242	0	4	3	11	2011	1	1	1	5	6	3	1	6	-9
J0963306	2153.81147633001	0	5	3	11	2011	1	1	1	5	6	3	3	8	-9
J0963307	1394.49820807721	1	1	3	11	2011	1	1	1	5	6	3	1	7	-9
J0963308	4362.17929660694	1	1	3	11	2011	2	2	1	5	6	3	1	7	3
J0963402	1636.75078986012	0	5	3	11	2011	1	1	1	5	6	3	1	8	-9
J0963404	1074.84634009626	1	1	3	11	2011	2	2	1	5	6	3	1	2	5
J0963406	1783.65246800115	1	1	3	11	2011	2	2	1	5	6	3	3	7	3
J0963407	1369.2315725908	0	5	3	11	2011	1	1	1	5	6	3	3	7	-9
J0963408	1709.1838500069	1	1	3	11	2011	1	1	1	5	6	3	2	6	-9
J0964101	1512.24041218622	0	4	4	1	2012	2	2	1	5	6	3	1	8	5
J0964102	2934.82040060842	0	5	4	1	2012	1	1	1	5	6	3	1	8	-9
J0964104	2423.00023564069	0	5	4	1	2012	1	1	1	5	6	3	1	6	-9
J0964105	1367.3336658876	0	5	4	1	2012	1	1	1	5	6	3	1	8	-9
J0964107	1652.27289311261	0	5	4	1	2012	1	1	1	5	6	3	1	10	-9
J0964108	3436.28058228373	0	4	4	1	2012	1	1	1	5	6	3	1	5	-9
J0964201	1668.74355445272	1	1	4	1	2012	4	4	2	5	6	3	2	3	2
J0964202	1602.00062805325	0	5	4	1	2012	3	3	2	5	6	3	2	3	1
J0964204	1658.78196310182	0	5	4	1	2012	1	1	1	5	6	3	1	7	-9
J0964205	1617.95381753072	0	4	4	1	2012	4	4	2	5	6	3	1	5	2
J0964206	1571.60660687539	1	1	4	1	2012	4	4	2	5	6	3	1	4	2
J0964207	2552.83578159808	0	5	4	1	2012	1	1	1	5	6	3	1	6	-9
J0964208	1874.86392609464	1	1	4	1	2012	4	4	2	5	6	3	1	3	2
J0964301	1548.27163632092	0	5	4	2	2012	1	1	1	5	6	3	1	5	-9
J0964302	1563.79381580551	1	1	4	2	2012	1	1	1	5	6	3	1	6	-9
J0964303	1411.25427118852	1	1	4	2	2012	2	2	1	5	6	3	1	6	4
J0964304	4556.23501843831	0	5	4	2	2012	2	2	1	5	6	3	1	9	4
J0964305	1586.67398105747	0	4	4	2	2012	1	1	1	5	6	3	1	7	-9
J0964306	1816.21759925938	0	5	4	2	2012	1	1	1	5	6	3	1	4	-9
J0964402	842.693998822856	0	4	4	2	2012	1	1	1	5	6	3	3	2	-9
J0964404	1585.78507430367	1	1	4	2	2012	2	2	1	5	6	3	1	4	5
J0964405	3687.77185364274	0	5	4	2	2012	1	1	1	5	6	3	1	5	-9
J0964406	1515.36222393446	0	5	4	2	2012	1	1	1	5	6	3	1	8	-9
J0964407	1773.85431840775	0	4	4	2	2012	1	1	1	5	6	3	1	3	-9
J0964408	1457.55164037261	0	5	4	2	2012	1	1	1	5	6	3	1	3	-9
J0964409	1608.68585584611	1	1	4	2	2012	1	1	1	5	6	3	4	8	-9
J0971102	1445.48895531534	1	1	1	4	2011	1	1	1	5	6	3	1	8	-9
J0971103	3451.38435029993	1	1	1	4	2011	1	1	1	5	6	3	1	8	-9
J0971104	1256.92062428311	0	5	1	4	2011	1	1	1	5	6	3	1	4	-9
J0971105	3071.9101671513	1	1	1	4	2011	2	2	1	5	6	3	1	3	3
J0971106	1551.60695779212	0	5	1	4	2011	1	1	1	5	6	3	1	8	-9
J0971107	1357.21306587149	0	4	1	4	2011	1	1	1	5	6	3	1	4	-9
J0971109	1541.88714475098	1	1	1	4	2011	4	4	2	5	6	3	1	2	2
J0971201	3428.82502085317	0	4	1	4	2011	1	1	1	5	6	3	1	8	-9
J0971203	1496.23022115169	0	4	1	4	2011	1	1	1	5	6	3	3	8	-9
J0971204	1905.36754788803	0	4	1	4	2011	4	4	2	5	6	3	1	1	2
J0971207	1530.31551100256	0	5	1	4	2011	1	1	1	5	6	3	1	8	-9
J0971209	3622.0484416529	0	5	1	4	2011	1	1	1	5	6	3	2	8	-9
J0971210	874.693710256931	1	1	1	4	2011	4	4	2	5	6	3	3	5	2
J0971211	1627.37651125923	0	5	1	4	2011	1	1	1	5	6	3	3	6	-9
J0971303	1237.43058561095	0	5	1	5	2011	1	1	1	5	6	3	1	9	-9
J0971304	1979.81033306533	0	4	1	5	2011	1	1	1	5	6	3	1	10	-9
J0971307	1145.58923099697	0	5	1	5	2011	1	1	1	5	6	3	1	1	-9
J0971308	3395.21087190636	1	1	1	5	2011	1	1	1	5	6	3	1	7	-9
J0971309	3495.16447294885	0	5	1	5	2011	1	1	1	5	6	3	1	8	-9
J0971310	3360.31332296048	0	4	1	5	2011	4	4	2	5	6	3	1	4	2
J0971402	2515.90890456258	0	4	1	5	2011	1	1	1	5	6	3	1	1	-9
J0971403	1276.98156554227	1	1	1	5	2011	4	4	2	5	6	3	1	4	2
J0971404	755.591435562625	1	1	1	5	2011	4	4	2	5	6	3	1	2	2
J0971407	1051.84713030878	0	5	1	5	2011	1	1	1	5	6	3	1	1	-9
J0971408	1169.2156109345	0	4	1	5	2011	4	4	2	5	6	3	1	2	2
J0971409	2052.07689288143	0	5	1	5	2011	1	1	1	5	6	3	1	5	-9
J0971410	1696.70574073874	1	1	1	5	2011	1	1	1	5	6	3	1	9	-9
J0971411	685.501224344991	1	1	1	5	2011	4	4	2	5	6	3	1	4	2
J0971412	1058.65968993627	1	1	1	5	2011	1	1	1	5	6	3	1	3	-9
J0971413	1489.95642325653	0	4	1	5	2011	4	4	2	5	6	3	1	4	2
J0971414	4229.82105464497	1	1	1	5	2011	4	4	2	5	6	3	1	4	2
J0972101	1551.46261960238	0	4	2	7	2011	2	2	1	5	6	3	4	6	3
J0972102	1320.75406432149	1	1	2	7	2011	1	1	1	5	6	3	2	9	-9
J0972104	1612.27816512969	0	4	2	7	2011	1	1	1	5	6	3	4	5	-9
J0972106	929.197613996139	1	1	2	7	2011	4	4	2	5	6	3	2	5	2
J0972108	887.134403119405	0	5	2	7	2011	1	1	1	5	6	3	3	5	-9
J0972110	934.674628679986	0	4	2	7	2011	4	4	2	5	6	3	2	3	2
J0972112	801.016645350056	0	4	2	7	2011	4	4	2	5	6	3	2	5	2
J0972201	1775.49516689021	0	4	2	7	2011	1	1	1	5	6	3	4	5	-9
J0972202	1537.99950055801	0	4	2	7	2011	2	2	1	5	6	3	3	6	5
J0972203	1823.14414923841	0	4	2	7	2011	1	1	1	5	6	3	4	8	-9
J0972204	713.737951239957	1	1	2	7	2011	4	4	2	5	6	3	2	6	2
J0972205	2254.8510378088	0	5	2	7	2011	1	1	1	5	6	3	2	9	-9
J0972206	883.842782675079	0	4	2	7	2011	4	4	2	5	6	3	2	4	2
J0972209	1584.73929644572	0	5	2	7	2011	1	1	1	5	6	3	2	8	-9
J0972210	791.6537864884	1	1	2	7	2011	2	2	1	5	6	3	2	4	3
J0972211	1541.85673424886	0	5	2	7	2011	1	1	1	5	6	3	3	5	-9
J0972212	1740.92281971823	1	1	2	7	2011	4	4	2	5	6	3	2	7	2
J0972301	2230.72406440981	0	4	2	8	2011	2	2	1	5	6	3	3	4	3
J0972303	1483.00511622778	0	5	2	8	2011	1	1	1	5	6	3	2	8	-9
J0972307	1409.59849654268	1	1	2	8	2011	2	2	1	5	6	3	3	5	4
J0972309	1385.33501791781	0	4	2	8	2011	3	3	2	5	6	3	3	5	1
J0972310	1374.37380856549	0	5	2	8	2011	1	1	1	5	6	3	4	6	-9
J0972311	3524.61083710816	1	1	2	8	2011	2	2	1	5	6	3	4	7	5
J0972312	1344.85594080297	0	5	2	8	2011	1	1	1	5	6	3	2	9	-9
J0972401	938.44391002362	0	4	2	8	2011	3	3	2	5	6	3	1	5	1
J0972402	1373.11066296938	0	5	2	8	2011	1	1	1	5	6	3	1	5	-9
J0972403	1670.75294364022	0	5	2	8	2011	1	1	1	5	6	3	2	7	-9
J0972406	1367.79157338951	0	4	2	8	2011	1	1	1	5	6	3	1	6	-9
J0972409	5567.59114382421	0	5	2	8	2011	1	1	1	5	6	3	3	6	-9
J0973103	1483.22976488449	0	5	3	10	2011	2	2	1	5	6	3	1	4	3
J0973104	889.338525661389	0	4	3	10	2011	1	1	1	5	6	3	1	3	-9
J0973105	1775.54475449622	0	5	3	10	2011	1	1	1	5	6	3	1	9	-9
J0973106	1042.56831777582	0	4	3	10	2011	4	4	2	5	6	3	1	3	2
J0973107	1749.5382021593	0	5	3	10	2011	1	1	1	5	6	3	1	5	-9
J0973108	968.110775184272	1	1	3	10	2011	2	2	1	5	6	3	1	3	3
J0973110	1308.62017317282	0	5	3	10	2011	3	3	2	5	6	3	4	5	1
J0973111	943.554742259747	0	4	3	10	2011	3	3	2	5	6	3	2	3	1
J0973202	1501.43839416592	0	4	3	10	2011	2	2	1	5	6	3	4	6	5
J0973204	1379.77559704498	0	4	3	10	2011	1	1	1	5	6	3	1	6	-9
J0973205	2047.99914719509	0	5	3	10	2011	1	1	1	5	6	3	1	6	-9
J0973207	919.012593105649	1	1	3	10	2011	4	4	2	5	6	3	1	4	2
J0973302	1066.4895268281	0	5	3	11	2011	4	4	2	5	6	3	1	6	2
J0973304	1520.44080306639	0	5	3	11	2011	1	1	1	5	6	3	1	9	-9
J0973305	1470.30288724841	1	1	3	11	2011	2	2	1	5	6	3	1	6	5
J0973306	1526.47277166219	0	4	3	11	2011	2	2	1	5	6	3	1	6	5
J0973307	1668.94118919736	0	5	3	11	2011	1	1	1	5	6	3	1	7	-9
J0973308	1597.96042769768	0	4	3	11	2011	1	1	1	5	6	3	1	7	-9
J0973309	1969.64350424605	1	1	3	11	2011	2	2	1	5	6	3	1	5	3
J0973310	1070.11310381657	1	1	3	11	2011	2	2	1	5	6	3	1	5	3
J0973311	2662.21768828338	0	5	3	11	2011	1	1	1	5	6	3	1	10	-9
J0973313	2581.82607814901	0	4	3	11	2011	1	1	1	5	6	3	1	7	-9
J0973403	1109.61617676439	0	5	3	11	2011	1	1	1	5	6	3	1	3	-9
J0973405	1585.07474853828	1	1	3	11	2011	1	1	1	5	6	3	1	7	-9
J0973406	746.230402112612	1	1	3	11	2011	4	4	2	5	6	3	1	1	2
J0973407	2027.39673051253	1	1	3	11	2011	1	1	1	5	6	3	1	8	-9
J0973408	1349.00395818784	1	1	3	11	2011	4	4	2	5	6	3	1	6	2
J0973409	1492.46663044412	0	5	3	11	2011	1	1	1	5	6	3	1	4	-9
J0974101	1520.68941328576	0	5	4	1	2012	1	1	1	5	6	3	1	4	-9
J0974104	1042.56831777582	0	5	4	1	2012	4	4	2	5	6	3	1	4	2
J0974109	1720.98863323082	0	5	4	1	2012	1	1	1	5	6	3	1	3	-9
J0974110	2521.3076562418	1	1	4	1	2012	4	4	2	5	6	3	1	1	2
J0974111	2332.37588518323	0	4	4	1	2012	4	4	2	5	6	3	1	2	2
J0974201	1477.75388472496	0	5	4	1	2012	1	1	1	5	6	3	3	6	-9
J0974202	1353.6800005334	0	4	4	1	2012	1	1	1	5	6	3	1	7	-9
J0974204	829.201677173126	1	1	4	1	2012	4	4	2	5	6	3	1	1	2
J0974205	1613.55444766683	1	1	4	1	2012	2	2	1	5	6	3	1	1	3
J0974207	972.127354070113	1	1	4	1	2012	4	4	2	5	6	3	1	2	2
J0974209	1351.54822009574	1	1	4	1	2012	2	2	1	5	6	3	1	1	3
J0974211	1697.04301125041	0	5	4	1	2012	1	1	1	5	6	3	1	2	-9
J0974301	1899.13547617049	1	1	4	2	2012	1	1	1	5	6	3	1	5	-9
J0974303	889.837869814636	0	4	4	2	2012	4	4	2	5	6	3	1	5	2
J0974307	745.571397573722	0	5	4	2	2012	1	1	1	5	6	3	2	6	-9
J0974308	1626.08923995018	1	1	4	2	2012	4	4	2	5	6	3	2	4	2
J0974311	2193.17826864494	0	4	4	2	2012	1	1	1	5	6	3	2	10	-9
J0974312	1979.4946796096	0	5	4	2	2012	1	1	1	5	6	3	2	7	-9
J0974401	833.176828945431	1	1	4	2	2012	4	4	2	5	6	3	1	2	2
J0974405	1296.9439109987	1	1	4	2	2012	1	1	1	5	6	3	1	5	-9
J0974409	4471.10863968765	0	5	4	2	2012	1	1	1	5	6	3	1	3	-9
J0974411	1473.50594995155	0	4	4	2	2012	4	4	2	5	6	3	1	2	2
J0981101	939.34340076335	1	1	1	4	2011	1	1	1	5	6	3	2	4	-9
J0981102	1224.2267446838	0	5	1	4	2011	1	1	1	5	6	3	4	6	-9
J0981103	1405.75329372661	1	1	1	4	2011	1	1	1	5	6	3	4	6	-9
J0981106	1438.23572778087	1	1	1	4	2011	1	1	1	5	6	3	4	7	-9
J0981107	1478.95689115832	0	5	1	4	2011	1	1	1	5	6	3	2	8	-9
J0981108	1892.18794193525	1	1	1	4	2011	1	1	1	5	6	3	4	6	-9
J0981201	1450.79045047071	1	1	1	4	2011	4	4	2	5	6	3	3	5	2
J0981202	1577.42511345412	0	5	1	4	2011	1	1	1	5	6	3	2	8	-9
J0981203	1542.01847345198	1	1	1	4	2011	1	1	1	5	6	3	2	8	-9
J0981204	1333.40867726181	0	5	1	4	2011	1	1	1	5	6	3	1	6	-9
J0981205	1644.33821280773	1	1	1	4	2011	4	4	2	5	6	3	4	6	2
J0981206	1769.3134071994	0	4	1	4	2011	1	1	1	5	6	3	3	6	-9
J0981207	1172.39706530503	0	5	1	4	2011	1	1	1	5	6	3	3	6	-9
J0981208	1107.76799653489	1	1	1	4	2011	4	4	2	5	6	3	1	4	2
J0981209	1145.71061048171	1	1	1	4	2011	2	2	1	5	6	3	4	4	3
J0981303	2310.77034202579	1	1	1	5	2011	1	1	1	5	6	3	2	4	-9
J0981304	2988.68099802132	0	5	1	5	2011	1	1	1	5	6	3	2	3	-9
J0981306	1761.495672223	0	5	1	5	2011	1	1	1	5	6	3	3	5	-9
J0981401	1553.30849996558	0	4	1	5	2011	1	1	1	3	2	1	2	9	-9
J0981402	1283.31707119477	1	1	1	5	2011	1	1	1	3	2	1	2	9	-9
J0981403	1309.38175422459	0	5	1	5	2011	1	1	1	3	2	1	2	7	-9
J0981405	1639.71995108823	0	5	1	5	2011	1	1	1	3	2	1	1	5	-9
J0981406	1947.15236531384	1	1	1	5	2011	2	2	1	3	2	1	1	10	3
J0981408	1737.33228546665	1	1	1	5	2011	1	1	1	3	2	1	3	7	-9
J0982101	818.035648831804	0	4	2	7	2011	4	4	2	3	2	1	1	3	2
J0982102	5669.15511465378	1	1	2	7	2011	2	2	1	3	2	1	1	4	5
J0982103	1863.0421088159	0	5	2	7	2011	1	1	1	3	2	1	1	8	-9
J0982106	1117.98832410828	1	1	2	7	2011	1	1	1	3	2	1	1	9	-9
J0982108	5476.77752119537	1	1	2	7	2011	2	2	1	3	2	1	1	4	3
J0982201	1139.56467194493	0	5	2	7	2011	1	1	1	3	2	1	1	10	-9
J0982204	1816.4526225711	0	4	2	7	2011	4	4	2	3	2	1	1	6	2
J0982205	1738.72170170099	1	1	2	7	2011	4	4	2	3	2	1	1	2	2
J0982207	1245.06819026883	1	1	2	7	2011	4	4	2	3	2	1	1	4	2
J0982301	1362.01172746856	0	4	2	8	2011	2	2	1	3	2	1	1	5	3
J0982302	1507.74866278741	1	1	2	8	2011	4	4	2	3	2	1	1	2	2
J0982305	635.492789070008	1	1	2	8	2011	4	4	2	3	2	1	1	2	2
J0982308	1014.20561261161	0	4	2	8	2011	1	1	1	3	2	1	1	2	-9
J0982309	1054.34083532494	1	1	2	8	2011	4	4	2	3	2	1	2	6	2
J0982311	1531.51345657539	0	5	2	8	2011	1	1	1	3	2	1	1	10	-9
J0982401	1866.06700397267	1	1	2	8	2011	1	1	1	3	2	1	2	9	-9
J0982402	1146.17445648496	0	4	2	8	2011	2	2	1	3	2	1	1	7	5
J0982404	1294.64900752242	0	4	2	8	2011	2	2	1	3	2	1	3	6	4
J0982405	1448.06617488722	0	5	2	8	2011	1	1	1	3	2	1	1	10	-9
J0982407	1297.666291381	0	5	2	8	2011	1	1	1	3	2	1	4	10	-9
J0982408	1219.89532421076	0	4	2	8	2011	1	1	1	3	2	1	2	10	-9
J0983101	1412.60909682607	1	1	3	10	2011	1	1	1	3	2	1	2	10	-9
J0983105	1207.93263346909	0	5	3	10	2011	1	1	1	3	2	1	3	7	-9
J0983106	1598.02882364508	0	4	3	10	2011	2	2	1	3	2	1	1	1	3
J0983108	1053.73784723653	1	1	3	10	2011	1	1	1	3	2	1	1	10	-9
J0983201	1498.6261416031	0	5	3	10	2011	2	2	1	3	2	1	1	2	3
J0983202	1370.11286097146	1	1	3	10	2011	2	2	1	3	2	1	1	4	3
J0983204	705.744625261508	0	4	3	10	2011	2	2	1	3	2	1	1	2	3
J0983207	1435.77911461834	1	1	3	10	2011	1	1	1	3	2	1	1	10	-9
J0983208	1309.99170339333	0	5	3	10	2011	1	1	1	3	2	1	1	4	-9
J0983301	1245.20615047111	1	1	3	11	2011	1	1	1	3	2	1	1	1	-9
J0983302	903.327007454422	1	1	3	11	2011	4	4	2	3	2	1	1	1	2
J0983304	1118.95395647495	1	1	3	11	2011	1	1	1	3	2	1	1	3	-9
J0983401	827.62652538052	1	1	3	11	2011	1	1	1	3	2	1	2	2	-9
J0983404	650.754302519344	0	5	3	11	2011	4	4	2	3	2	1	1	2	2
J0983406	928.918668129037	1	1	3	11	2011	1	1	1	3	2	1	1	2	-9
J0983407	639.760646573936	1	1	3	11	2011	4	4	2	3	2	1	1	1	2
J0983409	4864.29416750866	0	5	3	11	2011	1	1	1	3	2	1	1	6	-9
J0984101	1675.47064037518	0	5	4	1	2012	1	1	1	3	2	1	1	6	-9
J0984102	927.685730028996	1	1	4	1	2012	4	4	2	3	2	1	1	6	2
J0984103	1874.12505100173	0	5	4	1	2012	1	1	1	3	2	1	1	4	-9
J0984104	1131.21776521127	0	5	4	1	2012	1	1	1	3	2	1	1	3	-9
J0984106	1258.08783636617	0	4	4	1	2012	2	2	1	3	2	1	4	6	3
J0984108	1179.70766558225	0	4	4	1	2012	2	2	1	3	2	1	1	8	5
J0984202	1373.18720304769	0	5	4	1	2012	1	1	1	3	2	1	4	8	-9
J0984204	1384.44818956762	0	5	4	1	2012	1	1	1	3	2	1	3	8	-9
J0984205	1380.4687096979	0	4	4	1	2012	2	2	1	3	2	1	3	8	3
J0984206	1192.61809923923	0	4	4	1	2012	1	1	1	3	2	1	4	6	-9
J0984207	1839.73381160416	0	5	4	1	2012	1	1	1	3	2	1	3	7	-9
J0984208	1123.67299687397	0	4	4	1	2012	4	4	2	3	2	1	2	6	2
J0984302	5722.3277319675	0	5	4	2	2012	1	1	1	3	2	1	1	3	-9
J0984303	2483.25229236432	0	4	4	2	2012	2	2	1	3	2	1	1	9	3
J0984401	1066.39089776872	0	5	4	2	2012	1	1	1	3	2	1	1	4	-9
J0984403	2021.64960450392	0	4	4	2	2012	1	1	1	3	2	1	1	10	-9
J0984404	2729.14285913769	0	5	4	2	2012	1	1	1	3	2	1	1	10	-9
J0984405	1657.08207300108	1	1	4	2	2012	1	1	1	3	2	1	1	10	-9
J0991101	1289.72108063846	1	1	1	4	2011	1	1	1	3	2	1	1	9	-9
J0991102	1903.76144095103	0	5	1	4	2011	1	1	1	3	2	1	1	4	-9
J0991103	1337.57872409842	0	4	1	4	2011	1	1	1	3	2	1	1	10	-9
J0991105	1083.7402688418	1	1	1	4	2011	1	1	1	3	2	1	1	9	-9
J0991106	1226.54760659102	0	5	1	4	2011	1	1	1	3	2	1	1	5	-9
J0991107	726.852910206298	1	1	1	4	2011	2	2	1	3	2	1	1	4	3
J0991108	2022.56162673627	1	1	1	4	2011	1	1	1	3	2	1	1	9	-9
J0991206	993.568068830085	0	4	1	4	2011	4	4	2	3	2	1	1	2	2
J0991208	1512.2034990079	0	4	1	4	2011	1	1	1	3	2	1	1	9	-9
J0991209	1278.20907292075	0	5	1	4	2011	1	1	1	3	2	1	1	9	-9
J0991210	1001.45154228461	1	1	1	4	2011	3	3	2	3	2	1	1	6	1
J0991301	1738.04941558363	0	4	1	5	2011	2	2	1	3	2	1	1	6	3
J0991303	1091.10256084777	0	5	1	5	2011	1	1	1	3	2	1	1	3	-9
J0991305	2561.01691652632	0	4	1	5	2011	1	1	1	3	2	1	1	10	-9
J0991307	595.503202387359	0	4	1	5	2011	3	3	2	3	2	1	1	1	1
J0991401	826.98076181826	1	1	1	5	2011	3	3	2	3	2	1	1	1	1
J0991404	683.925727952189	1	1	1	5	2011	3	3	2	3	2	1	1	2	1
J0991409	941.36910556323	1	1	1	5	2011	2	2	1	3	2	1	1	1	5
J0991410	788.895191375005	1	1	1	5	2011	2	2	1	3	2	1	1	2	3
J0992101	1195.79046184755	1	1	2	7	2011	1	1	1	3	2	1	1	3	-9
J0992102	1345.49189138607	0	5	2	7	2011	1	1	1	3	2	1	1	3	-9
J0992103	957.424433871899	1	1	2	7	2011	4	4	2	3	2	1	1	2	2
J0992104	1141.00575789307	0	5	2	7	2011	1	1	1	3	2	1	1	2	-9
J0992106	605.340024710114	0	4	2	7	2011	4	4	2	3	2	1	1	1	2
J0992107	863.63271745943	0	5	2	7	2011	1	1	1	3	2	1	1	1	-9
J0992108	863.962111027641	0	4	2	7	2011	1	1	1	3	2	1	1	4	-9
J0992109	1622.45083433475	0	5	2	7	2011	1	1	1	3	2	1	1	6	-9
J0992110	1550.98307640635	1	1	2	7	2011	1	1	1	3	2	1	1	4	-9
J0992111	2079.55824759974	0	5	2	7	2011	1	1	1	3	2	1	4	9	-9
J0992202	1186.16862684772	0	5	2	7	2011	1	1	1	3	2	1	1	7	-9
J0992205	1130.77881136103	0	5	2	7	2011	1	1	1	3	2	1	1	5	-9
J0992206	1323.01375023404	1	1	2	7	2011	2	2	1	3	2	1	1	7	3
J0992207	1753.43005208434	0	5	2	7	2011	1	1	1	3	2	1	1	2	-9
J0992208	2912.37545824822	1	1	2	7	2011	1	1	1	3	2	1	2	8	-9
J0992304	1245.01480431937	0	5	2	8	2011	1	1	1	3	2	1	1	5	-9
J0992306	1056.48370741681	0	5	2	8	2011	1	1	1	3	2	1	1	3	-9
J0992308	1149.56241514928	1	1	2	8	2011	4	4	2	3	2	1	1	7	2
J0992402	1782.87031726409	0	5	2	8	2011	1	1	1	3	2	1	1	10	-9
J0992403	1581.02418434142	1	1	2	8	2011	1	1	1	3	2	1	1	7	-9
J0992404	1993.68284484561	0	5	2	8	2011	1	1	1	3	2	1	4	10	-9
J0992406	1264.60474123066	0	5	2	8	2011	1	1	1	3	2	1	2	9	-9
J0992407	1426.81152247744	0	5	2	8	2011	1	1	1	3	2	1	3	8	-9
J0992408	1247.34219243664	1	1	2	8	2011	1	1	1	3	2	1	3	10	-9
J0993102	1261.99667074082	0	5	3	10	2011	1	1	1	3	2	1	1	8	-9
J0993103	1501.78789719418	0	5	3	10	2011	1	1	1	3	2	1	1	6	-9
J0993105	1611.00582214647	0	5	3	10	2011	1	1	1	3	2	1	1	10	-9
J0993107	2104.66454333365	0	5	3	10	2011	1	1	1	3	2	1	1	8	-9
J0993201	1543.83377800181	0	5	3	10	2011	1	1	1	3	2	1	1	4	-9
J0993203	1361.3538060872	0	5	3	10	2011	1	1	1	3	2	1	1	10	-9
J0993204	949.48567790849	0	4	3	10	2011	1	1	1	3	2	1	1	3	-9
J0993205	1811.62094676795	0	4	3	10	2011	2	2	1	3	2	1	1	9	5
J0993206	1375.74403486943	0	5	3	10	2011	1	1	1	3	2	1	1	9	-9
J0993208	1403.17495354335	0	5	3	10	2011	1	1	1	3	2	1	2	9	-9
J0993302	1176.84567102723	1	1	3	11	2011	1	1	1	3	2	1	3	7	-9
J0993304	738.694993614077	1	1	3	11	2011	4	4	2	3	2	1	1	5	2
J0993306	1368.96499568773	0	5	3	11	2011	1	1	1	3	2	1	1	10	-9
J0993309	1502.11204232316	0	5	3	11	2011	1	1	1	3	2	1	1	8	-9
J0993310	1703.72581678821	0	4	3	11	2011	1	1	1	3	2	1	2	9	-9
J0993402	1335.60522694047	1	1	3	11	2011	1	1	1	3	2	1	1	3	-9
J0993403	1318.85763011421	0	5	3	11	2011	1	1	1	3	2	1	1	8	-9
J0993405	1758.85869755918	1	1	3	11	2011	1	1	1	3	2	1	1	10	-9
J0993406	1668.8252565454	0	5	3	11	2011	1	1	1	3	2	1	1	10	-9
J0994102	1711.27336726877	0	5	4	1	2012	2	2	1	3	2	1	1	2	3
J0994103	1717.21403752362	1	1	4	1	2012	1	1	1	3	2	1	1	8	-9
J0994105	1665.40491778773	1	1	4	1	2012	1	1	1	3	2	1	2	10	-9
J0994106	4651.23481564067	1	1	4	1	2012	2	2	1	3	2	1	2	6	3
J0994107	1779.90575300475	0	5	4	1	2012	1	1	1	3	2	1	2	2	-9
J0994201	2050.39269890704	0	5	4	1	2012	1	1	1	3	2	1	1	7	-9
J0994204	1386.92857969331	0	5	4	1	2012	1	1	1	3	2	1	1	7	-9
J0994301	1404.92572599547	0	5	4	2	2012	1	1	1	3	2	1	3	8	-9
J0994302	1364.84392611316	0	4	4	2	2012	1	1	1	3	2	1	3	9	-9
J0994303	2228.60768938175	0	5	4	2	2012	1	1	1	3	2	1	2	10	-9
J0994304	1098.22274223818	0	5	4	2	2012	1	1	1	3	2	1	3	9	-9
J0994305	636.972027265935	1	1	4	2	2012	3	3	2	3	2	1	2	4	1
J0994307	1615.62897451362	1	1	4	2	2012	2	2	1	3	2	1	2	4	5
J0994401	1080.27778463085	0	5	4	2	2012	1	1	1	3	2	1	1	10	-9
J0994403	1296.92705594118	0	5	4	2	2012	1	1	1	3	2	1	1	10	-9
J0994406	709.021104675233	0	5	4	2	2012	1	1	1	3	2	1	2	6	-9
J0994407	1220.00305022311	1	1	4	2	2012	1	1	1	3	2	1	1	9	-9
J1001101	738.515920312111	1	1	1	4	2011	1	1	1	5	6	3	1	3	-9
J1001102	1369.57566858293	0	5	1	4	2011	1	1	1	5	6	3	1	3	-9
J1001103	1821.53808456679	1	1	1	4	2011	1	1	1	5	6	3	1	1	-9
J1001105	1073.48376571211	1	1	1	4	2011	1	1	1	5	6	3	1	1	-9
J1001106	701.225609973869	0	4	1	4	2011	3	3	2	5	6	3	1	2	1
J1001202	931.787132098166	1	1	1	4	2011	3	3	2	5	6	3	1	1	1
J1001207	1497.63047157571	1	1	1	4	2011	2	2	1	5	6	3	1	3	3
J1001208	723.295920945974	1	1	1	4	2011	3	3	2	5	6	3	1	1	1
J1001303	1557.39582451358	0	5	1	5	2011	1	1	1	5	6	3	1	3	-9
J1001305	633.279745348645	1	1	1	5	2011	3	3	2	5	6	3	1	1	1
J1001306	1622.49014033861	1	1	1	5	2011	1	1	1	5	6	3	1	3	-9
J1001307	956.950728833577	0	5	1	5	2011	1	1	1	5	6	3	1	1	-9
J1001401	1635.56150165801	0	5	1	5	2011	1	1	1	5	6	3	1	2	-9
J1001402	1189.53101755217	0	4	1	5	2011	1	1	1	5	6	3	1	2	-9
J1001403	570.478763323889	0	4	1	5	2011	3	3	2	5	6	3	1	1	1
J1001404	1303.48053693946	0	4	1	5	2011	3	3	2	5	6	3	1	5	1
J1001405	719.421624590491	1	1	1	5	2011	1	1	1	5	6	3	1	1	-9
J1002101	807.296567374887	1	1	2	7	2011	4	4	2	5	6	3	1	1	2
J1002102	1330.40308985042	1	1	2	7	2011	2	2	1	5	6	3	1	4	5
J1002103	1879.32252455289	1	1	2	7	2011	2	2	1	5	6	3	1	7	3
J1002106	1649.94071018977	1	1	2	7	2011	1	1	1	5	6	3	1	3	-9
J1002107	1270.5063944064	0	5	2	7	2011	1	1	1	5	6	3	1	9	-9
J1002202	867.116401247181	1	1	2	7	2011	2	2	1	5	6	3	1	1	3
J1002203	1045.18503653038	1	1	2	7	2011	4	4	2	5	6	3	1	1	2
J1002204	897.240552777198	1	1	2	7	2011	1	1	1	5	6	3	1	1	-9
J1002205	1068.18441264677	0	4	2	7	2011	4	4	2	5	6	3	1	2	2
J1002206	1403.99795009253	1	1	2	7	2011	1	1	1	5	6	3	1	4	-9
J1002208	2510.445561235	0	4	2	7	2011	1	1	1	5	6	3	1	2	-9
J1002302	1489.65853268188	0	4	2	8	2011	1	1	1	5	6	3	1	1	-9
J1002303	1471.10368054647	0	5	2	8	2011	1	1	1	5	6	3	1	3	-9
J1002304	2057.78695605867	1	1	2	8	2011	2	2	1	5	6	3	1	4	5
J1002305	1208.30023128119	0	5	2	8	2011	1	1	1	5	6	3	1	3	-9
J1002307	1494.03424627572	0	5	2	8	2011	1	1	1	5	6	3	1	2	-9
J1002308	942.67361954989	0	5	2	8	2011	1	1	1	5	6	3	1	2	-9
J1002401	1028.19520738342	0	4	2	8	2011	1	1	1	5	6	3	1	2	-9
J1002402	908.257776287298	0	5	2	8	2011	1	1	1	5	6	3	1	1	-9
J1002405	2683.04429619417	0	4	2	8	2011	1	1	1	5	6	3	1	8	-9
J1002406	1214.25947558412	0	5	2	8	2011	1	1	1	5	6	3	1	10	-9
J1002407	1284.43005953453	0	4	2	8	2011	1	1	1	5	6	3	1	6	-9
J1003103	1676.24795377361	0	5	3	10	2011	1	1	1	5	6	3	1	5	-9
J1003104	1011.58418255264	0	4	3	10	2011	2	2	1	5	6	3	1	1	3
J1003106	1522.4464014612	1	1	3	10	2011	1	1	1	5	6	3	1	1	-9
J1003107	757.227701185515	1	1	3	10	2011	4	4	2	5	6	3	1	1	2
J1003108	820.501963796399	0	5	3	10	2011	3	3	2	5	6	3	1	1	1
J1003109	1818.68631917242	1	1	3	10	2011	2	2	1	5	6	3	1	1	3
J1003203	978.655601241113	0	5	3	10	2011	1	1	1	5	6	3	1	1	-9
J1003204	1717.98016548275	0	5	3	10	2011	1	1	1	5	6	3	1	4	-9
J1003205	1449.11519778075	1	1	3	10	2011	1	1	1	5	6	3	1	9	-9
J1003206	716.673965549854	0	5	3	10	2011	3	3	2	5	6	3	1	1	1
J1003302	4077.15573567548	0	5	3	11	2011	1	1	1	5	6	3	1	2	-9
J1003304	891.790148902653	1	1	3	11	2011	1	1	1	5	6	3	1	1	-9
J1003306	1546.040157574	1	1	3	11	2011	1	1	1	5	6	3	1	1	-9
J1003308	1183.41220593287	1	1	3	11	2011	2	2	1	5	6	3	1	4	4
J1003403	1084.56242861678	1	1	3	11	2011	1	1	1	5	6	3	1	1	-9
J1003404	1783.42552196111	0	5	3	11	2011	1	1	1	5	6	3	1	2	-9
J1003406	1271.08433994106	0	4	3	11	2011	3	3	2	5	6	3	1	1	1
J1003407	810.282555639854	1	1	3	11	2011	3	3	2	5	6	3	1	1	1
J1003409	1421.33490529293	0	5	3	11	2011	3	3	2	5	6	3	1	1	1
J1003410	1775.85814554986	0	5	3	11	2011	1	1	1	5	6	3	1	2	-9
J1003411	1536.51995099991	1	1	3	11	2011	1	1	1	5	6	3	1	5	-9
J1004103	1715.35820026153	1	1	4	1	2012	3	3	2	5	6	3	1	1	1
J1004104	1416.02901561191	0	4	4	1	2012	1	1	1	5	6	3	1	9	-9
J1004203	3020.86036332839	1	1	4	1	2012	4	4	2	5	6	3	1	1	2
J1004205	3560.70474823765	0	5	4	1	2012	1	1	1	5	6	3	1	2	-9
J1004207	1477.39045125848	1	1	4	1	2012	3	3	2	5	6	3	1	4	1
J1004208	1566.43385192069	0	5	4	1	2012	1	1	1	5	6	3	1	2	-9
J1004301	1790.95889512037	0	5	4	2	2012	1	1	1	5	6	3	1	1	-9
J1004303	2743.4746845197	0	4	4	2	2012	2	2	1	5	6	3	1	1	5
J1004304	690.929254483111	1	1	4	2	2012	3	3	2	5	6	3	1	1	1
J1004401	1774.1074447338	0	4	4	2	2012	1	1	1	5	6	3	1	5	-9
J1004402	1869.37852294964	0	5	4	2	2012	1	1	1	5	6	3	1	5	-9
J1004407	1625.99550123732	0	5	4	2	2012	1	1	1	5	6	3	1	5	-9
J1011101	1467.71631713986	1	1	1	4	2011	1	1	1	5	6	3	1	4	-9
J1011103	1756.70370757395	1	1	1	4	2011	1	1	1	5	6	3	1	2	-9
J1011104	1345.4139703251	0	5	1	4	2011	1	1	1	5	6	3	1	5	-9
J1011105	2303.2382531805	0	4	1	4	2011	1	1	1	5	6	3	1	7	-9
J1011106	872.289336520563	0	4	1	4	2011	2	2	1	5	6	3	1	3	5
J1011107	1565.78119966423	0	5	1	4	2011	1	1	1	5	6	3	1	8	-9
J1011108	1404.80673837576	1	1	1	4	2011	1	1	1	5	6	3	1	6	-9
J1011109	1444.71413329016	0	5	1	4	2011	1	1	1	5	6	3	1	6	-9
J1011201	2204.87718661742	0	5	1	4	2011	1	1	1	5	6	3	1	6	-9
J1011202	776.548054465196	1	1	1	4	2011	4	4	2	5	6	3	1	1	2
J1011203	1890.37819361894	0	5	1	4	2011	1	1	1	5	6	3	1	1	-9
J1011204	790.163178824619	1	1	1	4	2011	1	1	1	5	6	3	1	2	-9
J1011206	4929.64699465396	1	1	1	4	2011	4	4	2	5	6	3	1	3	2
J1011211	1315.29422486684	0	4	1	4	2011	2	2	1	5	6	3	2	4	3
J1011212	1338.36580019053	1	1	1	4	2011	4	4	2	5	6	3	4	7	2
J1011213	1600.19601323069	1	1	1	4	2011	1	1	1	5	6	3	2	7	-9
J1011303	3323.58703742137	1	1	1	5	2011	2	2	1	5	6	3	1	3	3
J1011304	1403.99795009253	0	4	1	5	2011	1	1	1	5	6	3	1	6	-9
J1011305	1372.05695911034	1	1	1	5	2011	4	4	2	5	6	3	1	6	2
J1011401	1403.09230412953	1	1	1	5	2011	1	1	1	5	6	3	3	8	-9
J1011403	729.344889643739	1	1	1	5	2011	1	1	1	5	6	3	1	2	-9
J1011408	1578.86909864736	1	1	1	5	2011	4	4	2	5	6	3	1	3	2
J1011409	842.451508052791	0	4	1	5	2011	4	4	2	5	6	3	1	1	2
J1011411	817.359683351077	0	5	1	5	2011	1	1	1	5	6	3	1	4	-9
J1012102	1584.42950698322	1	1	2	7	2011	1	1	1	5	6	3	1	10	-9
J1012105	989.895981229532	1	1	2	7	2011	4	4	2	5	6	3	1	2	2
J1012108	1728.11985306864	1	1	2	7	2011	1	1	1	5	6	3	1	9	-9
J1012110	1069.1308044083	1	1	2	7	2011	4	4	2	5	6	3	1	4	2
J1012112	1769.63824557061	0	5	2	7	2011	1	1	1	5	6	3	1	7	-9
J1012203	877.498080151072	1	1	2	7	2011	4	4	2	5	6	3	1	2	2
J1012204	2060.73890831978	0	5	2	7	2011	1	1	1	5	6	3	1	9	-9
J1012205	1610.93537226922	1	1	2	7	2011	1	1	1	5	6	3	1	9	-9
J1012206	3527.39745826951	0	5	2	7	2011	1	1	1	5	6	3	1	10	-9
J1012207	1613.00375999784	1	1	2	7	2011	1	1	1	5	6	3	1	10	-9
J1012208	2334.13513718533	0	5	2	7	2011	1	1	1	5	6	3	1	10	-9
J1012209	1940.06092607013	0	5	2	7	2011	1	1	1	5	6	3	1	10	-9
J1012302	1731.20863907542	1	1	2	8	2011	1	1	1	5	6	3	1	6	-9
J1012303	1831.09486379669	0	5	2	8	2011	1	1	1	5	6	3	1	6	-9
J1012304	1985.71223148991	1	1	2	8	2011	4	4	2	5	6	3	1	6	2
J1012306	923.125545152349	1	1	2	8	2011	4	4	2	5	6	3	1	5	2
J1012308	1503.88169755274	0	5	2	8	2011	1	1	1	5	6	3	3	6	-9
J1012309	1613.00375999784	1	1	2	8	2011	1	1	1	5	6	3	1	10	-9
J1012310	1520.96960417502	0	5	2	8	2011	1	1	1	5	6	3	4	9	-9
J1012311	1318.42027408572	0	4	2	8	2011	1	1	1	5	6	3	4	9	-9
J1012403	1624.1244316458	0	5	2	8	2011	1	1	1	5	6	3	1	7	-9
J1012404	2697.67791506219	1	1	2	8	2011	1	1	1	5	6	3	2	5	-9
J1012406	952.658003617589	1	1	2	8	2011	1	1	1	5	6	3	1	4	-9
J1012407	1637.30916272697	1	1	2	8	2011	2	2	1	5	6	3	1	4	3
J1012409	1781.50933857113	0	5	2	8	2011	1	1	1	5	6	3	1	6	-9
J1013101	812.701573087536	1	1	3	10	2011	4	4	2	5	6	3	1	5	2
J1013103	1500.55996449044	0	4	3	10	2011	1	1	1	5	6	3	1	4	-9
J1013104	858.925734833384	1	1	3	10	2011	4	4	2	5	6	3	1	3	2
J1013105	2028.2497547154	1	1	3	10	2011	1	1	1	5	6	3	1	2	-9
J1013106	1436.53354284792	0	5	3	10	2011	1	1	1	5	6	3	1	9	-9
J1013109	1909.88676249667	1	1	3	10	2011	4	4	2	5	6	3	1	3	2
J1013111	694.418406304345	1	1	3	10	2011	4	4	2	5	6	3	1	1	2
J1013112	1759.05019232129	0	5	3	10	2011	2	2	1	5	6	3	1	4	3
J1013201	1752.21528147714	1	1	3	10	2011	1	1	1	5	6	3	3	8	-9
J1013203	1427.37023606443	1	1	3	10	2011	1	1	1	5	6	3	3	7	-9
J1013302	1342.70270168908	0	4	3	11	2011	1	1	1	5	6	3	2	10	-9
J1013304	1992.46797461708	0	5	3	11	2011	2	2	1	5	6	3	3	8	4
J1013306	1467.3052312205	0	5	3	11	2011	1	1	1	5	6	3	4	7	-9
J1013307	1342.70270168908	1	1	3	11	2011	1	1	1	5	6	3	2	10	-9
J1013310	1360.94391494068	1	1	3	11	2011	4	4	2	5	6	3	2	5	2
J1013401	1533.66999315844	1	1	3	11	2011	1	1	1	5	6	3	1	8	-9
J1013402	1626.32937121758	0	5	3	11	2011	1	1	1	5	6	3	1	3	-9
J1013403	910.808414092643	1	1	3	11	2011	4	4	2	5	6	3	1	3	2
J1013404	1769.97530386462	1	1	3	11	2011	4	4	2	5	6	3	1	8	2
J1013405	1548.06315244474	0	5	3	11	2011	1	1	1	5	6	3	1	8	-9
J1013406	1250.04645336583	1	1	3	11	2011	1	1	1	5	6	3	1	3	-9
J1013407	1389.23172764133	0	4	3	11	2011	2	2	1	5	6	3	1	3	5
J1013408	1381.02027811711	0	5	3	11	2011	1	1	1	5	6	3	1	6	-9
J1013410	1483.03456096577	0	5	3	11	2011	1	1	1	5	6	3	1	10	-9
J1013411	876.001432736634	1	1	3	11	2011	4	4	2	5	6	3	1	2	2
J1014101	1436.73570030364	1	1	4	1	2012	1	1	1	5	6	3	2	10	-9
J1014102	1301.64991140599	0	5	4	1	2012	1	1	1	5	6	3	3	10	-9
J1014103	1989.14896396367	0	5	4	1	2012	1	1	1	5	6	3	3	7	-9
J1014105	1522.1370838198	0	5	4	1	2012	1	1	1	5	6	3	2	8	-9
J1014106	1275.73439237343	0	4	4	1	2012	2	2	1	5	6	3	1	8	5
J1014107	1344.85594080297	0	5	4	1	2012	1	1	1	5	6	3	3	7	-9
J1014108	1524.70605710384	0	5	4	1	2012	1	1	1	5	6	3	3	10	-9
J1014202	2212.06662260405	1	1	4	1	2012	2	2	1	5	6	3	1	2	5
J1014203	1664.46874409882	1	1	4	1	2012	4	4	2	5	6	3	1	2	2
J1014204	3160.10923643244	0	5	4	1	2012	1	1	1	5	6	3	1	9	-9
J1014205	4459.95262266259	0	5	4	1	2012	2	2	1	5	6	3	1	3	3
J1014206	1457.38922054006	1	1	4	1	2012	4	4	2	5	6	3	1	2	2
J1014207	865.768115138526	1	1	4	1	2012	4	4	2	5	6	3	1	2	2
J1014208	2581.96785478722	1	1	4	1	2012	4	4	2	5	6	3	1	3	2
J1014302	1936.87562405479	0	5	4	2	2012	1	1	1	5	6	3	1	2	-9
J1014304	2023.39916621692	1	1	4	2	2012	2	2	1	5	6	3	1	3	3
J1014306	1959.27168812376	1	1	4	2	2012	1	1	1	5	6	3	1	7	-9
J1014403	2110.63911198259	0	5	4	2	2012	1	1	1	5	6	3	1	2	-9
J1014405	1438.82267345823	1	1	4	2	2012	1	1	1	5	6	3	1	8	-9
J1014407	1628.34857657306	0	4	4	2	2012	2	2	1	5	6	3	1	4	5
J1021103	1234.39838044635	1	1	1	4	2011	2	2	1	3	2	1	4	6	4
J1021105	1182.66238633767	1	1	1	4	2011	1	1	1	3	2	1	2	9	-9
J1021107	3376.17541250085	0	4	1	4	2011	1	1	1	3	2	1	1	8	-9
J1021108	1151.92387972748	0	5	1	4	2011	1	1	1	3	2	1	1	3	-9
J1021109	3414.48259626257	0	4	1	4	2011	1	1	1	3	2	1	1	10	-9
J1021206	1486.89320238715	0	4	1	4	2011	4	4	2	3	2	1	1	7	2
J1021209	4291.73660495758	0	4	1	4	2011	1	1	1	3	2	1	1	10	-9
J1021301	1367.24211674468	0	5	1	5	2011	1	1	1	3	2	1	2	9	-9
J1021302	1498.86803934532	0	4	1	5	2011	1	1	1	3	2	1	1	10	-9
J1021305	1300.6331897383	0	5	1	5	2011	1	1	1	3	2	1	1	10	-9
J1021307	1600.78905640855	0	4	1	5	2011	1	1	1	3	2	1	1	10	-9
J1021309	1344.11289737357	0	4	1	5	2011	4	4	2	3	2	1	3	5	2
J1021401	1792.0755103585	0	5	1	5	2011	1	1	1	3	2	1	1	4	-9
J1021403	701.989118942131	1	1	1	5	2011	4	4	2	3	2	1	1	4	2
J1021404	1277.60268640314	0	4	1	5	2011	1	1	1	3	2	1	1	9	-9
J1021405	1581.58132178815	0	5	1	5	2011	1	1	1	3	2	1	1	9	-9
J1021406	656.593520811839	0	4	1	5	2011	4	4	2	3	2	1	1	5	2
J1021407	1803.80666932314	1	1	1	5	2011	4	4	2	3	2	1	1	10	2
J1021408	1806.70858111379	1	1	1	5	2011	1	1	1	3	2	1	1	10	-9
J1022101	1277.56158351239	1	1	2	7	2011	2	2	1	3	2	1	1	9	3
J1022102	1077.44627794504	0	5	2	7	2011	1	1	1	3	2	1	1	10	-9
J1022103	1926.25383263342	0	4	2	7	2011	1	1	1	3	2	1	1	5	-9
J1022104	1427.94782373446	0	5	2	7	2011	1	1	1	3	2	1	1	10	-9
J1022106	1336.11024292879	0	5	2	7	2011	1	1	1	3	2	1	1	10	-9
J1022107	1919.34077571665	1	1	2	7	2011	1	1	1	3	2	1	2	9	-9
J1022109	1750.03083544256	1	1	2	7	2011	1	1	1	4	5	3	3	6	-9
J1022201	1299.49949511169	0	5	2	7	2011	1	1	1	3	2	1	1	6	-9
J1022202	2376.03004756305	0	5	2	7	2011	1	1	1	3	2	1	1	10	-9
J1022204	1429.82530868836	1	1	2	7	2011	4	4	2	3	2	1	1	3	2
J1022206	1677.31529856537	0	5	2	7	2011	1	1	1	3	2	1	4	8	-9
J1022209	1505.52295550803	1	1	2	7	2011	1	1	1	3	2	1	2	8	-9
J1022301	1655.28392724763	1	1	2	8	2011	4	4	2	3	2	1	3	8	2
J1022303	1276.08324188051	0	5	2	8	2011	1	1	1	3	2	1	1	9	-9
J1022304	1684.56723200319	1	1	2	8	2011	1	1	1	3	2	1	1	6	-9
J1022305	1371.22669649313	0	5	2	8	2011	1	1	1	3	2	1	1	10	-9
J1022306	2178.53664520886	0	4	2	8	2011	1	1	1	3	2	1	1	4	-9
J1022308	1191.60617327248	0	4	2	8	2011	4	4	2	3	2	1	1	5	2
J1022401	1238.4856341931	1	1	2	8	2011	1	1	1	3	2	1	3	7	-9
J1022402	1495.13291831339	0	5	2	8	2011	1	1	1	3	2	1	4	9	-9
J1022403	1680.93997715262	0	5	2	8	2011	1	1	1	5	6	3	4	5	-9
J1022405	1189.34171185417	0	5	2	8	2011	1	1	1	3	2	1	1	5	-9
J1022406	729.696397731416	1	1	2	8	2011	4	4	2	3	2	1	1	2	2
J1022407	1555.67075559644	1	1	2	8	2011	4	4	2	3	2	1	1	3	2
J1022408	1634.6587764883	1	1	2	8	2011	2	2	1	3	2	1	1	5	3
J1022409	685.957268165992	1	1	2	8	2011	4	4	2	5	6	3	1	3	2
J1023101	1362.6855542182	0	5	3	10	2011	1	1	1	4	5	3	3	7	-9
J1023102	1606.92380078702	0	4	3	10	2011	1	1	1	4	5	3	2	7	-9
J1023103	1143.0146711679	0	5	3	10	2011	1	1	1	4	5	3	3	6	-9
J1023104	838.311926519417	0	5	3	10	2011	1	1	1	4	5	3	2	6	-9
J1023105	1205.61610998829	0	4	3	10	2011	1	1	1	4	5	3	3	6	-9
J1023107	1393.18533401082	1	1	3	10	2011	1	1	1	5	6	3	1	8	-9
J1023108	1296.16499634678	0	5	3	10	2011	1	1	1	5	6	3	3	7	-9
J1023201	1819.6618962609	0	5	3	10	2011	1	1	1	4	5	3	2	9	-9
J1023203	1487.87667303095	0	5	3	10	2011	1	1	1	4	5	3	3	5	-9
J1023204	1734.19775408156	0	5	3	10	2011	1	1	1	4	5	3	2	5	-9
J1023205	1599.23745666492	1	1	3	10	2011	1	1	1	4	5	3	2	9	-9
J1023206	1719.90574096746	0	5	3	10	2011	1	1	1	4	5	3	3	7	-9
J1023207	2053.77974489281	1	1	3	10	2011	1	1	1	4	5	3	3	7	-9
J1023208	1012.61199452243	0	5	3	10	2011	1	1	1	4	5	3	4	8	-9
J1023301	1065.92220938765	0	5	3	11	2011	1	1	1	4	5	3	2	6	-9
J1023302	1511.51671805245	0	5	3	11	2011	2	2	1	4	5	3	3	7	5
J1023303	2191.9933882858	0	4	3	11	2011	1	1	1	4	5	3	2	6	-9
J1023304	1458.24284844829	0	5	3	11	2011	1	1	1	4	5	3	1	7	-9
J1023305	2366.7946301274	1	1	3	11	2011	1	1	1	4	5	3	1	2	-9
J1023306	1725.03271550203	0	5	3	11	2011	1	1	1	4	5	3	1	5	-9
J1023309	1597.54153958987	0	5	3	11	2011	1	1	1	4	5	3	1	7	-9
J1023401	1544.92428163351	1	1	3	11	2011	1	1	1	4	5	3	4	9	-9
J1023404	1540.65764247708	0	4	3	11	2011	1	1	1	4	5	3	3	10	-9
J1023405	1690.66442970376	0	5	3	11	2011	1	1	1	4	5	3	3	10	-9
J1023406	1307.59131673603	0	4	3	11	2011	2	2	1	4	5	3	3	8	4
J1024101	1729.04042913561	0	5	4	1	2012	1	1	1	5	6	3	4	8	-9
J1024105	1412.67602823	0	5	4	1	2012	1	1	1	5	6	3	1	2	-9
J1024106	1614.8847752933	0	5	4	1	2012	1	1	1	5	6	3	1	7	-9
J1024107	1821.86658464886	0	4	4	1	2012	1	1	1	5	6	3	1	6	-9
J1024108	2203.55384005984	0	5	4	1	2012	1	1	1	5	6	3	1	8	-9
J1024110	1676.48921907277	0	5	4	1	2012	1	1	1	5	6	3	1	9	-9
J1024202	1444.10278035305	1	1	4	1	2012	1	1	1	5	6	3	1	8	-9
J1024204	1698.3242606692	0	4	4	1	2012	1	1	1	5	6	3	1	6	-9
J1024206	1391.96336644382	0	5	4	1	2012	1	1	1	5	6	3	1	10	-9
J1024207	1571.15977461447	0	4	4	1	2012	1	1	1	5	6	3	1	10	-9
J1024303	1611.15179340791	0	5	4	2	2012	1	1	1	5	6	3	1	3	-9
J1024304	1514.2671474204	0	4	4	2	2012	1	1	1	5	6	3	1	3	-9
J1024306	1442.34841597163	0	4	4	2	2012	1	1	1	5	6	3	3	9	-9
J1024307	1717.59626777688	0	5	4	2	2012	1	1	1	5	6	3	1	7	-9
J1024308	992.911757673829	1	1	4	2	2012	4	4	2	5	6	3	1	5	2
J1024401	2572.43927382428	0	5	4	2	2012	1	1	1	5	6	3	3	5	-9
J1024403	1870.0539846551	0	5	4	2	2012	1	1	1	5	6	3	3	5	-9
J1024405	882.629445715182	1	1	4	2	2012	4	4	2	5	6	3	1	4	2
J1024406	1960.91338046512	0	4	4	2	2012	4	4	2	5	6	3	1	3	2
J1024408	1814.44774743723	0	5	4	2	2012	1	1	1	5	6	3	1	7	-9
J1024409	2205.3683734353	0	5	4	2	2012	1	1	1	5	6	3	1	4	-9
J1031102	1414.06581326561	1	1	1	4	2011	1	1	1	4	5	3	1	7	-9
J1031103	1481.09735093446	0	5	1	4	2011	1	1	1	4	5	3	1	2	-9
J1031104	1208.60054410995	1	1	1	4	2011	1	1	1	4	5	3	1	7	-9
J1031105	1488.30915877175	0	5	1	4	2011	1	1	1	4	5	3	4	6	-9
J1031202	1486.82311843065	1	1	1	4	2011	1	1	1	4	5	3	2	3	-9
J1031203	1219.03798494598	0	5	1	4	2011	1	1	1	4	5	3	2	6	-9
J1031205	907.800504328964	1	1	1	4	2011	3	3	2	4	5	3	2	2	1
J1031206	1209.52092558653	1	1	1	4	2011	1	1	1	4	5	3	1	8	-9
J1031211	1389.12236163451	0	5	1	4	2011	1	1	1	4	5	3	3	6	-9
J1031302	1707.60463552529	1	1	1	5	2011	1	1	1	4	5	3	3	6	-9
J1031304	1743.14542087875	0	4	1	5	2011	1	1	1	4	5	3	4	8	-9
J1031305	2609.58916778356	0	5	1	5	2011	1	1	1	4	5	3	1	4	-9
J1031306	786.651918509392	0	4	1	5	2011	3	3	2	4	5	3	1	2	1
J1031308	701.928911358671	0	4	1	5	2011	3	3	2	4	5	3	1	2	1
J1031401	812.003699613369	1	1	1	5	2011	1	1	1	4	5	3	1	3	-9
J1031405	1642.70415216806	0	5	1	5	2011	1	1	1	4	5	3	2	10	-9
J1032102	882.406859147277	0	5	2	7	2011	1	1	1	4	5	3	2	3	-9
J1032103	1834.95673251362	0	4	2	7	2011	1	1	1	4	5	3	2	9	-9
J1032104	1867.93912814088	0	4	2	7	2011	2	2	1	4	5	3	2	3	3
J1032106	1938.72878513902	0	5	2	7	2011	1	1	1	4	5	3	2	5	-9
J1032107	739.521687574275	0	4	2	7	2011	3	3	2	4	5	3	1	2	1
J1032108	1433.49730014886	0	4	2	7	2011	2	2	1	4	5	3	2	7	4
J1032201	1720.04212465734	0	5	2	7	2011	1	1	1	4	5	3	1	9	-9
J1032204	3929.69302386822	0	5	2	7	2011	1	1	1	4	5	3	2	5	-9
J1032207	1526.37343725904	0	4	2	7	2011	1	1	1	4	5	3	2	4	-9
J1032301	3546.22866588176	1	1	2	8	2011	1	1	1	4	5	3	1	4	-9
J1032302	1615.81053274272	0	5	2	8	2011	1	1	1	4	5	3	1	8	-9
J1032303	1649.43022158067	0	5	2	8	2011	1	1	1	4	5	3	1	5	-9
J1032306	1383.72769436712	0	4	2	8	2011	1	1	1	4	5	3	1	4	-9
J1032307	2517.993800305	0	5	2	8	2011	1	1	1	4	5	3	1	1	-9
J1032308	680.123098092804	1	1	2	8	2011	3	3	2	4	5	3	1	2	1
J1032309	1572.06022518225	0	4	2	8	2011	2	2	1	4	5	3	1	2	3
J1032310	715.671392179641	0	4	2	8	2011	4	4	2	4	5	3	1	4	2
J1032401	1520.95801773081	1	1	2	8	2011	3	3	2	4	5	3	1	7	1
J1032402	1184.62797650349	0	5	2	8	2011	1	1	1	4	5	3	1	5	-9
J1032403	2076.90154196651	0	4	2	8	2011	1	1	1	4	5	3	1	8	-9
J1032406	1427.09792050651	0	5	2	8	2011	1	1	1	4	5	3	1	5	-9
J1033101	2066.53526377257	1	1	3	10	2011	1	1	1	4	5	3	1	7	-9
J1033103	921.874901709931	0	4	3	10	2011	3	3	2	4	5	3	2	2	1
J1033104	1895.46737928747	0	4	3	10	2011	2	2	1	4	5	3	2	3	3
J1033105	1415.60851322326	0	5	3	10	2011	1	1	1	4	5	3	1	3	-9
J1033107	737.276718004733	1	1	3	10	2011	2	2	1	4	5	3	1	1	5
J1033202	928.792837079084	0	5	3	10	2011	1	1	1	4	5	3	1	2	-9
J1033203	1707.7000187818	0	5	3	10	2011	1	1	1	4	5	3	1	4	-9
J1033205	1539.32003221742	0	5	3	10	2011	1	1	1	4	5	3	1	2	-9
J1033301	1633.12018468654	0	4	3	11	2011	1	1	1	4	5	3	1	6	-9
J1033306	728.393768019462	1	1	3	11	2011	4	4	2	4	5	3	1	1	2
J1033307	4638.59023150915	0	5	3	11	2011	1	1	1	4	5	3	1	3	-9
J1033405	1372.82700742728	1	1	3	11	2011	1	1	1	4	5	3	2	3	-9
J1033406	2045.43427563178	0	5	3	11	2011	1	1	1	4	5	3	2	2	-9
J1033408	1546.15464694495	0	4	3	11	2011	1	1	1	4	5	3	2	7	-9
J1033409	848.693240044665	0	5	3	11	2011	1	1	1	4	5	3	3	3	-9
J1034102	4357.94760197674	0	4	4	1	2012	1	1	1	4	5	3	1	9	-9
J1034103	1102.91047928236	0	4	4	1	2012	3	3	2	4	5	3	1	2	1
J1034104	732.959720812134	0	5	4	1	2012	1	1	1	4	5	3	1	2	-9
J1034106	772.791879567802	0	5	4	1	2012	1	1	1	4	5	3	1	1	-9
J1034108	1498.78227326005	0	5	4	1	2012	1	1	1	4	5	3	1	9	-9
J1034110	1566.25211683558	1	1	4	1	2012	1	1	1	4	5	3	1	10	-9
J1034202	1624.60508159263	0	4	4	1	2012	4	4	2	4	5	3	1	7	2
J1034205	1501.38713526986	0	4	4	1	2012	1	1	1	4	5	3	1	7	-9
J1034209	759.480181864899	0	5	4	1	2012	3	3	2	4	5	3	1	2	1
J1034211	1376.23188297941	0	5	4	1	2012	1	1	1	4	5	3	1	10	-9
J1034301	766.02557814083	0	4	4	2	2012	3	3	2	4	5	3	1	3	1
J1034302	628.376854352775	0	4	4	2	2012	2	2	1	4	5	3	1	3	3
J1034303	1531.51160879136	0	5	4	2	2012	1	1	1	4	5	3	1	4	-9
J1034304	1693.29558628058	0	5	4	2	2012	2	2	1	4	5	3	1	2	3
J1034305	1505.1947625458	1	1	4	2	2012	2	2	1	4	5	3	1	2	3
J1034306	1345.29692884554	0	5	4	2	2012	1	1	1	4	5	3	1	9	-9
J1034401	1608.11956200565	0	5	4	2	2012	1	1	1	4	5	3	1	10	-9
J1034402	1884.64393828917	0	5	4	2	2012	1	1	1	4	5	3	1	10	-9
J1034403	1797.47364385667	1	1	4	2	2012	1	1	1	4	5	3	4	10	-9
J1034404	690.318374176908	1	1	4	2	2012	3	3	2	4	5	3	1	5	1
J1034405	2087.24308562743	1	1	4	2	2012	1	1	1	4	5	3	1	8	-9
J1034406	706.745689600187	1	1	4	2	2012	3	3	2	4	5	3	3	7	1
J1034407	1899.91718332839	0	5	4	2	2012	1	1	1	4	5	3	1	8	-9
J1041102	1628.51414561395	1	1	1	4	2011	2	2	1	4	5	3	1	6	5
J1041104	893.872004049031	1	1	1	4	2011	4	4	2	4	5	3	1	2	2
J1041106	1496.38789428436	1	1	1	4	2011	4	4	2	4	5	3	1	2	2
J1041107	1935.83157565933	0	5	1	4	2011	1	1	1	4	5	3	1	3	-9
J1041109	968.034822455072	0	5	1	4	2011	1	1	1	4	5	3	3	6	-9
J1041203	1677.11109267333	1	1	1	4	2011	1	1	1	4	5	3	1	7	-9
J1041205	1372.27012523564	0	4	1	4	2011	1	1	1	4	5	3	1	8	-9
J1041206	1541.59381745055	1	1	1	4	2011	1	1	1	4	5	3	1	6	-9
J1041207	727.255220357365	0	5	1	4	2011	1	1	1	4	5	3	3	5	-9
J1041209	1286.75992608055	0	5	1	4	2011	1	1	1	4	5	3	3	8	-9
J1041211	1659.52470823673	0	5	1	4	2011	1	1	1	4	5	3	1	8	-9
J1041301	1421.91095271908	1	1	1	5	2011	2	2	1	4	5	3	1	4	3
J1041302	1317.14461408504	0	5	1	5	2011	1	1	1	4	5	3	1	9	-9
J1041304	891.413860080865	0	4	1	5	2011	2	2	1	4	5	3	1	2	3
J1041305	927.722035306234	1	1	1	5	2011	4	4	2	4	5	3	1	6	2
J1041308	2076.32072515043	1	1	1	5	2011	1	1	1	4	5	3	1	6	-9
J1041310	1208.83808306348	1	1	1	5	2011	1	1	1	4	5	3	1	5	-9
J1041402	1422.47429041295	0	4	1	5	2011	1	1	1	4	5	3	1	3	-9
J1041403	1743.63167268808	0	5	1	5	2011	1	1	1	4	5	3	1	6	-9
J1041405	1716.57767202699	0	5	1	5	2011	1	1	1	4	5	3	1	2	-9
J1041407	1940.23387800297	0	5	1	5	2011	1	1	1	4	5	3	1	4	-9
J1041409	1847.42599659381	0	4	1	5	2011	1	1	1	4	5	3	1	6	-9
J1042102	732.274445301793	1	1	2	7	2011	4	4	2	4	5	3	1	3	2
J1042104	4456.37362876036	1	1	2	7	2011	1	1	1	4	5	3	1	5	-9
J1042107	1455.45032334441	1	1	2	7	2011	4	4	2	4	5	3	1	4	2
J1042108	1192.40072576671	0	5	2	7	2011	1	1	1	4	5	3	1	9	-9
J1042201	2407.86478402545	1	1	2	7	2011	2	2	1	4	5	3	1	6	4
J1042202	999.183185536693	1	1	2	7	2011	4	4	2	4	5	3	1	1	2
J1042205	1838.88463196665	0	5	2	7	2011	1	1	1	4	5	3	1	9	-9
J1042206	1465.56021664561	1	1	2	7	2011	1	1	1	4	5	3	1	9	-9
J1042207	4401.51013506925	0	5	2	7	2011	1	1	1	4	5	3	1	10	-9
J1042208	3531.54092729277	0	5	2	7	2011	1	1	1	4	5	3	1	10	-9
J1042210	2669.69175790052	0	5	2	7	2011	1	1	1	4	5	3	1	6	-9
J1042302	1376.48495458575	1	1	2	8	2011	2	2	1	4	5	3	1	7	3
J1042305	1873.92101522445	0	4	2	8	2011	4	4	2	4	5	3	1	4	2
J1042306	997.633166720123	1	1	2	8	2011	3	3	2	4	5	3	1	6	1
J1042307	1063.6425609981	1	1	2	8	2011	2	2	1	4	5	3	1	6	3
J1042310	1596.73263206588	0	5	2	8	2011	1	1	1	4	5	3	1	5	-9
J1042311	3553.35572802913	1	1	2	8	2011	1	1	1	4	5	3	1	7	-9
J1042407	1623.70154872894	1	1	2	8	2011	1	1	1	4	5	3	1	7	-9
J1043101	1270.62763007853	1	1	3	10	2011	1	1	1	4	5	3	1	3	-9
J1043102	924.456799464819	1	1	3	10	2011	4	4	2	4	5	3	1	3	2
J1043103	1571.21418046737	0	5	3	10	2011	1	1	1	4	5	3	1	8	-9
J1043107	775.591096680594	1	1	3	10	2011	3	3	2	4	5	3	1	5	1
J1043108	904.844079900204	1	1	3	10	2011	4	4	2	4	5	3	1	4	2
J1043109	1726.12969213729	1	1	3	10	2011	2	2	1	4	5	3	1	5	3
J1043110	1756.27926981537	0	5	3	10	2011	1	1	1	4	5	3	1	6	-9
J1043112	772.424053829199	0	5	3	10	2011	4	4	2	4	5	3	1	5	2
J1043202	1704.09880218493	1	1	3	10	2011	1	1	1	4	5	3	1	6	-9
J1043203	1831.43499164269	0	5	3	10	2011	1	1	1	4	5	3	1	9	-9
J1043209	1399.02369354314	1	1	3	10	2011	1	1	1	4	5	3	1	10	-9
J1043302	1475.6902217673	0	5	3	11	2011	1	1	1	4	5	3	1	1	-9
J1043307	1748.63502392401	0	5	3	11	2011	1	1	1	4	5	3	1	10	-9
J1043308	605.939343519101	0	5	3	11	2011	4	4	2	4	5	3	1	1	2
J1043309	2336.95191183013	0	4	3	11	2011	1	1	1	4	5	3	2	10	-9
J1043401	1909.73800425541	0	5	3	11	2011	1	1	1	4	5	3	1	7	-9
J1043402	2095.7301837244	1	1	3	11	2011	1	1	1	4	5	3	1	7	-9
J1043403	729.593847998272	1	1	3	11	2011	3	3	2	4	5	3	1	2	1
J1043404	1635.1913425052	0	5	3	11	2011	1	1	1	4	5	3	1	2	-9
J1043405	1702.85714454883	1	1	3	11	2011	1	1	1	4	5	3	1	7	-9
J1043406	1320.14727148675	0	5	3	11	2011	3	3	2	4	5	3	1	2	1
J1043408	574.097112672193	0	4	3	11	2011	3	3	2	4	5	3	1	2	1
J1043410	641.563910702982	1	1	3	11	2011	1	1	1	4	5	3	1	3	-9
J1043411	1820.83800538179	0	5	3	11	2011	1	1	1	4	5	3	1	5	-9
J1043412	927.594154718948	1	1	3	11	2011	1	1	1	4	5	3	1	2	-9
J1044101	1336.34509724818	1	1	4	1	2012	1	1	1	4	5	3	2	9	-9
J1044102	1397.47028900811	0	5	4	1	2012	1	1	1	4	5	3	1	6	-9
J1044103	1571.28025584343	0	5	4	1	2012	1	1	1	4	5	3	1	9	-9
J1044104	1323.06089499618	1	1	4	1	2012	1	1	1	4	5	3	1	8	-9
J1044105	1449.30034451346	0	5	4	1	2012	1	1	1	4	5	3	1	5	-9
J1044107	1571.27838759715	0	5	4	1	2012	1	1	1	4	5	3	3	7	-9
J1044202	639.911784023615	1	1	4	1	2012	4	4	2	4	5	3	2	4	2
J1044203	691.591081268173	1	1	4	1	2012	4	4	2	4	5	3	2	4	2
J1044205	1342.04086800128	0	4	4	1	2012	1	1	1	4	5	3	3	6	-9
J1044206	1727.06453372096	0	5	4	1	2012	1	1	1	4	5	3	2	10	-9
J1044208	2016.10642874571	0	5	4	1	2012	1	1	1	4	5	3	3	6	-9
J1044209	1429.45598617706	0	5	4	1	2012	4	4	2	4	5	3	1	4	2
J1044302	1519.68159260165	0	5	4	2	2012	1	1	1	4	5	3	1	3	-9
J1044303	962.022511070776	0	4	4	2	2012	4	4	2	4	5	3	1	2	2
J1044304	1341.46955147373	1	1	4	2	2012	1	1	1	4	5	3	1	5	-9
J1044306	1473.65579231043	1	1	4	2	2012	1	1	1	4	5	3	3	8	-9
J1044308	843.406266032687	0	5	4	2	2012	4	4	2	4	5	3	1	2	2
J1044402	1367.67980958295	1	1	4	2	2012	4	4	2	4	5	3	1	6	2
J1044404	1645.86978535433	1	1	4	2	2012	1	1	1	4	5	3	1	3	-9
J1044406	1774.60216857635	1	1	4	2	2012	1	1	1	4	5	3	1	2	-9
J1044408	1472.5624358361	0	5	4	2	2012	1	1	1	4	5	3	1	7	-9
J1044409	1553.5541549874	1	1	4	2	2012	2	2	1	4	5	3	1	7	3
J1051101	1696.05479557412	0	4	1	4	2011	2	2	1	4	5	3	1	10	3
J1051102	1939.68275130902	0	5	1	4	2011	1	1	1	4	5	3	1	9	-9
J1051103	3803.66970570707	1	1	1	4	2011	1	1	1	4	5	3	1	10	-9
J1051201	774.525069158768	1	1	1	4	2011	4	4	2	4	5	3	1	2	2
J1051202	1810.52306717339	0	4	1	4	2011	2	2	1	4	5	3	1	2	3
J1051207	1032.91322723742	0	4	1	4	2011	1	1	1	4	5	3	1	8	-9
J1051302	1442.82987200318	1	1	1	5	2011	3	3	2	4	5	3	1	5	1
J1051304	668.091174231414	0	4	1	5	2011	3	3	2	4	5	3	1	1	1
J1051305	915.938573992207	1	1	1	5	2011	3	3	2	4	5	3	1	1	1
J1051401	1559.68339278585	0	5	1	5	2011	1	1	1	4	5	3	1	10	-9
J1051402	1704.38794153874	1	1	1	5	2011	1	1	1	4	5	3	1	10	-9
J1051406	1223.61067192183	0	5	1	5	2011	1	1	1	4	5	3	1	3	-9
J1051407	1940.61620879519	0	4	1	5	2011	1	1	1	4	5	3	1	9	-9
J1052105	1028.55324162478	1	1	2	7	2011	1	1	1	4	5	3	1	5	-9
J1052201	3304.21219704047	0	4	2	7	2011	1	1	1	4	5	3	1	5	-9
J1052202	2055.01484234267	0	5	2	7	2011	1	1	1	4	5	3	1	4	-9
J1052204	1486.82415612632	1	1	2	7	2011	3	3	2	4	5	3	1	1	1
J1052205	681.524301919059	1	1	2	7	2011	3	3	2	4	5	3	1	2	1
J1052206	1969.70417130086	0	5	2	7	2011	1	1	1	4	5	3	1	5	-9
J1052301	1738.07692081606	1	1	2	8	2011	1	1	1	4	5	3	1	4	-9
J1052304	1564.08425824754	0	5	2	8	2011	1	1	1	4	5	3	1	1	-9
J1052401	1858.71041150062	1	1	2	8	2011	2	2	1	4	5	3	1	3	3
J1052404	1765.83971962274	1	1	2	8	2011	1	1	1	4	5	3	1	10	-9
J1052405	1386.10514944637	0	5	2	8	2011	1	1	1	4	5	3	1	10	-9
J1052406	1712.52442272175	0	4	2	8	2011	1	1	1	4	5	3	1	6	-9
J1052407	963.667702044269	1	1	2	8	2011	3	3	2	4	5	3	1	5	1
J1052408	1732.16201777138	0	4	2	8	2011	1	1	1	4	5	3	1	9	-9
J1053102	1322.27199964257	0	5	3	10	2011	1	1	1	4	5	3	1	10	-9
J1053103	1978.24500088547	0	4	3	10	2011	1	1	1	4	5	3	1	10	-9
J1053104	819.169093425438	0	5	3	10	2011	3	3	2	4	5	3	1	7	1
J1053106	1300.90710245829	0	5	3	10	2011	1	1	1	4	5	3	1	10	-9
J1053201	1582.34089582172	1	1	3	10	2011	1	1	1	4	5	3	1	1	-9
J1053202	1477.12213954335	0	5	3	10	2011	1	1	1	4	5	3	1	3	-9
J1053204	1995.20319797233	0	5	3	10	2011	1	1	1	4	5	3	1	3	-9
J1053302	1277.0966738582	1	1	3	11	2011	2	2	1	4	5	3	1	1	3
J1053309	1464.58922868355	0	5	3	11	2011	1	1	1	4	5	3	1	3	-9
J1053311	941.744214079424	0	4	3	11	2011	2	2	1	4	5	3	1	3	3
J1053401	1685.96544900658	1	1	3	11	2011	2	2	1	4	5	3	1	1	3
J1053405	1745.85235480818	0	5	3	11	2011	1	1	1	4	5	3	1	2	-9
J1053406	784.294269146867	1	1	3	11	2011	3	3	2	4	5	3	1	1	1
J1054101	1607.68236702228	0	4	4	1	2012	1	1	1	4	5	3	1	3	-9
J1054103	1660.29673333931	1	1	4	1	2012	1	1	1	4	5	3	1	9	-9
J1054104	1646.30491646911	1	1	4	1	2012	3	3	2	4	5	3	1	3	1
J1054105	1459.26863022394	0	5	4	1	2012	1	1	1	4	5	3	1	7	-9
J1054106	1654.54770594436	0	4	4	1	2012	1	1	1	4	5	3	1	5	-9
J1054202	1835.71416640438	0	5	4	1	2012	1	1	1	4	5	3	1	5	-9
J1054203	1768.16864002097	0	5	4	1	2012	1	1	1	4	5	3	1	7	-9
J1054204	1555.18783782763	1	1	4	1	2012	1	1	1	4	5	3	1	3	-9
J1054301	2746.28203832055	1	1	4	2	2012	2	2	1	4	5	3	1	5	4
J1054305	1773.24485730389	0	4	4	2	2012	1	1	1	4	5	3	1	4	-9
J1054308	1695.3404864452	0	4	4	2	2012	3	3	2	4	5	3	1	3	1
J1054401	811.891187480232	1	1	4	2	2012	3	3	2	4	5	3	1	2	1
J1054402	1310.46359688315	1	1	4	2	2012	1	1	1	4	5	3	1	1	-9
J1054403	786.982665239076	1	1	4	2	2012	3	3	2	4	5	3	1	1	1
J1054404	591.759080992201	1	1	4	2	2012	3	3	2	4	5	3	1	1	1
J1054405	1055.08956060942	1	1	4	2	2012	3	3	2	4	5	3	1	1	1
J1054406	1132.91216366798	0	5	4	2	2012	1	1	1	4	5	3	1	1	-9
J1054407	780.592687433168	0	4	4	2	2012	3	3	2	4	5	3	1	1	1
J1054408	806.151861507005	1	1	4	2	2012	4	4	2	4	5	3	1	1	2
J1054409	882.589825257565	0	5	4	2	2012	3	3	2	4	5	3	1	2	1
J1061101	1394.62370493002	1	1	1	4	2011	1	1	1	4	5	3	1	7	-9
J1061107	1542.20396151602	0	5	1	4	2011	1	1	1	4	5	3	4	6	-9
J1061110	1555.06105816586	1	1	1	4	2011	1	1	1	4	5	3	2	8	-9
J1061204	1265.39828338267	1	1	1	4	2011	1	1	1	4	5	3	1	2	-9
J1061207	1668.65938113375	0	4	1	4	2011	1	1	1	4	5	3	4	8	-9
J1061209	1779.13735746391	0	4	1	4	2011	1	1	1	4	5	3	2	7	-9
J1061210	1662.64900462906	0	5	1	4	2011	1	1	1	4	5	3	3	8	-9
J1061301	2079.24134840546	0	5	1	5	2011	1	1	1	4	5	3	3	7	-9
J1061302	1090.94856699172	1	1	1	5	2011	1	1	1	4	5	3	1	3	-9
J1061304	1518.09483298972	1	1	1	5	2011	1	1	1	4	5	3	1	7	-9
J1061306	1894.32841379776	1	1	1	5	2011	2	2	1	4	5	3	1	3	3
J1061307	1532.92060630466	0	5	1	5	2011	1	1	1	4	5	3	1	6	-9
J1061309	825.597556693336	1	1	1	5	2011	3	3	2	4	5	3	1	3	1
J1061401	1481.09735093446	1	1	1	5	2011	1	1	1	4	5	3	1	5	-9
J1061402	1075.43539975026	0	5	1	5	2011	1	1	1	4	5	3	1	5	-9
J1061404	1361.93906291947	0	5	1	5	2011	1	1	1	4	5	3	1	6	-9
J1061406	1439.37717617626	0	5	1	5	2011	1	1	1	4	5	3	3	5	-9
J1062104	1511.76785101789	0	5	2	7	2011	1	1	1	4	5	3	2	8	-9
J1062105	1008.26109491116	0	4	2	7	2011	3	3	2	4	5	3	2	6	1
J1062106	1601.14147147319	0	4	2	7	2011	1	1	1	4	5	3	2	9	-9
J1062109	1896.88876741334	0	4	2	7	2011	2	2	1	4	5	3	4	9	3
J1062201	1572.37610421098	1	1	2	7	2011	1	1	1	4	5	3	1	8	-9
J1062203	1588.22196604375	0	4	2	7	2011	1	1	1	4	5	3	1	9	-9
J1062206	1528.41118783834	1	1	2	7	2011	1	1	1	4	5	3	1	7	-9
J1062208	2271.3301750681	1	1	2	7	2011	1	1	1	4	5	3	1	7	-9
J1062301	1427.17341098493	0	5	2	8	2011	1	1	1	4	5	3	1	4	-9
J1062302	1393.44835199471	0	5	2	8	2011	1	1	1	4	5	3	1	4	-9
J1062303	1335.91296745355	1	1	2	8	2011	1	1	1	4	5	3	1	4	-9
J1062304	2034.19944292865	0	5	2	8	2011	1	1	1	4	5	3	1	5	-9
J1062305	1888.92909453735	0	4	2	8	2011	4	4	2	4	5	3	1	5	2
J1062306	1648.6614823527	0	5	2	8	2011	1	1	1	4	5	3	1	7	-9
J1062307	1655.96320377279	1	1	2	8	2011	3	3	2	4	5	3	1	4	1
J1062308	1081.76234862925	0	5	2	8	2011	1	1	1	4	5	3	1	7	-9
J1062309	1282.62633733833	0	4	2	8	2011	1	1	1	4	5	3	1	8	-9
J1062310	1471.46527799667	0	5	2	8	2011	1	1	1	4	5	3	1	9	-9
J1062401	1741.47958583213	0	4	2	8	2011	1	1	1	4	5	3	3	9	-9
J1062403	1272.51119800053	0	5	2	8	2011	1	1	1	4	5	3	2	9	-9
J1062405	1712.88617316437	0	5	2	8	2011	1	1	1	4	5	3	2	4	-9
J1062407	1505.99265491986	0	5	2	8	2011	1	1	1	4	5	3	2	8	-9
J1062408	2012.49219298501	0	4	2	8	2011	1	1	1	4	5	3	2	9	-9
J1062409	1626.07759293549	0	5	2	8	2011	1	1	1	4	5	3	3	9	-9
J1063102	884.798444870184	0	4	3	10	2011	3	3	2	4	5	3	3	9	1
J1063103	707.480607656562	1	1	3	10	2011	3	3	2	4	5	3	2	3	1
J1063105	2033.77616987571	1	1	3	10	2011	2	2	1	4	5	3	2	3	3
J1063106	901.796973106571	0	5	3	10	2011	3	3	2	4	5	3	2	3	1
J1063107	2012.91571917312	1	1	3	10	2011	1	1	1	4	5	3	1	7	-9
J1063108	1134.54779419777	0	5	3	10	2011	1	1	1	4	5	3	1	6	-9
J1063202	1542.20396151602	0	5	3	10	2011	1	1	1	4	5	3	1	7	-9
J1063204	1592.44812954609	1	1	3	10	2011	2	2	1	4	5	3	1	7	3
J1063206	1510.79510891891	1	1	3	10	2011	1	1	1	4	5	3	1	6	-9
J1063301	3430.59754811437	0	4	3	11	2011	1	1	1	4	5	3	1	9	-9
J1063302	904.456209632998	0	5	3	11	2011	1	1	1	4	5	3	1	9	-9
J1063303	1881.91269847276	0	4	3	11	2011	3	3	2	4	5	3	1	5	1
J1063304	1077.98702302986	1	1	3	11	2011	2	2	1	4	5	3	1	8	3
J1063305	1319.03460570532	0	5	3	11	2011	1	1	1	4	5	3	1	9	-9
J1063306	1487.38606293574	0	4	3	11	2011	1	1	1	4	5	3	1	6	-9
J1063307	1581.4602173062	0	4	3	11	2011	2	2	1	4	5	3	3	6	3
J1063309	1380.97908383141	0	5	3	11	2011	1	1	1	4	5	3	1	7	-9
J1063401	1815.8493420545	0	5	3	11	2011	2	2	1	4	5	3	1	6	3
J1063402	1774.65705529124	1	1	3	11	2011	1	1	1	4	5	3	2	10	-9
J1063403	1731.35540134569	0	5	3	11	2011	1	1	1	4	5	3	3	8	-9
J1063405	1721.35959234673	0	5	3	11	2011	1	1	1	4	5	3	3	8	-9
J1063406	851.591352783043	0	4	3	11	2011	2	2	1	4	5	3	2	6	3
J1063408	1543.86341098014	0	5	3	11	2011	1	1	1	4	5	3	2	8	-9
J1063409	1273.9971015854	1	1	3	11	2011	1	1	1	4	5	3	2	10	-9
J1064101	1204.58219238782	0	5	4	1	2012	1	1	1	4	5	3	2	8	-9
J1064102	1445.30573392213	1	1	4	1	2012	1	1	1	4	5	3	1	4	-9
J1064103	1547.24514070612	0	5	4	1	2012	1	1	1	4	5	3	1	10	-9
J1064104	1383.35096383783	1	1	4	1	2012	1	1	1	4	5	3	1	8	-9
J1064105	1233.18205587797	0	5	4	1	2012	1	1	1	4	5	3	1	6	-9
J1064106	1277.08365724713	0	5	4	1	2012	4	4	2	4	5	3	1	4	2
J1064107	1449.486365763	1	1	4	1	2012	1	1	1	4	5	3	1	8	-9
J1064202	2108.8193175904	0	4	4	1	2012	2	2	1	4	5	3	1	4	3
J1064204	1543.36501368847	0	5	4	1	2012	1	1	1	4	5	3	1	6	-9
J1064206	1764.73805963315	0	5	4	1	2012	1	1	1	4	5	3	3	7	-9
J1064207	1018.23958886254	1	1	4	1	2012	1	1	1	4	5	3	1	4	-9
J1064208	1184.21753049227	1	1	4	1	2012	3	3	2	4	5	3	1	5	1
J1064210	997.612600552638	0	4	4	1	2012	4	4	2	4	5	3	1	1	2
J1064301	1334.12240803484	1	1	4	2	2012	1	1	1	4	5	3	1	3	-9
J1064302	1699.17737998352	0	5	4	2	2012	1	1	1	4	5	3	1	10	-9
J1064304	2340.01779256565	0	4	4	2	2012	2	2	1	4	5	3	1	10	3
J1064305	1741.78913309355	0	4	4	2	2012	2	2	1	4	5	3	1	10	3
J1064306	908.925102094135	1	1	4	2	2012	3	3	2	4	5	3	1	7	1
J1064307	1704.82928218346	0	5	4	2	2012	1	1	1	4	5	3	1	10	-9
J1064309	2060.56777397779	0	5	4	2	2012	1	1	1	4	5	3	1	10	-9
J1064403	1313.70952733155	1	1	4	2	2012	2	2	1	4	5	3	1	2	3
J1064406	1304.64973131645	0	5	4	2	2012	1	1	1	4	5	3	1	4	-9
J1064408	1786.30118711369	0	5	4	2	2012	1	1	1	4	5	3	1	9	-9
J1064409	1644.67672476274	1	1	4	2	2012	1	1	1	4	5	3	1	3	-9
J1064410	1222.14540031524	1	1	4	2	2012	2	2	1	4	5	3	1	3	5
J1064411	1887.55993382039	0	5	4	2	2012	4	4	2	4	5	3	1	7	2
J1064412	1535.70053155398	1	1	4	2	2012	2	2	1	4	5	3	1	6	3
J1064413	2346.53755651252	1	1	4	2	2012	2	2	1	4	5	3	1	7	3
J1071101	670.373322866694	0	4	1	4	2011	1	1	1	4	5	3	1	1	-9
J1071102	1362.49698766623	1	1	1	4	2011	2	2	1	4	5	3	1	2	3
J1071103	1460.83070285797	1	1	1	4	2011	1	1	1	4	5	3	1	2	-9
J1071104	1624.75225686932	0	5	1	4	2011	1	1	1	4	5	3	1	2	-9
J1071105	1544.00509686845	1	1	1	4	2011	3	3	2	4	5	3	1	1	1
J1071106	959.350174203685	1	1	1	4	2011	4	4	2	4	5	3	1	1	2
J1071107	2177.55040933613	0	5	1	4	2011	1	1	1	4	5	3	1	3	-9
J1071108	720.697339148939	1	1	1	4	2011	3	3	2	4	5	3	1	3	1
J1071109	757.938436529578	1	1	1	4	2011	2	2	1	4	5	3	1	3	5
J1071110	1773.69451785773	1	1	1	4	2011	1	1	1	4	5	3	1	2	-9
J1071202	1802.89172654089	0	4	1	4	2011	1	1	1	4	5	3	1	6	-9
J1071203	1459.41903141694	0	4	1	4	2011	3	3	2	4	5	3	1	4	1
J1071204	1165.65149973183	1	1	1	4	2011	3	3	2	4	5	3	1	2	1
J1071206	762.905170539738	1	1	1	4	2011	4	4	2	4	5	3	1	3	2
J1071302	2460.50392119033	1	1	1	5	2011	2	2	1	4	5	3	1	6	3
J1071303	3130.66251379548	0	4	1	5	2011	4	4	2	4	5	3	1	6	2
J1071306	2579.50297031382	1	1	1	5	2011	3	3	2	4	5	3	1	5	1
J1071311	762.818510316684	0	4	1	5	2011	3	3	2	4	5	3	1	3	1
J1071314	871.138965168746	0	4	1	5	2011	4	4	2	4	5	3	1	8	2
J1071401	2920.58928575558	0	4	1	5	2011	2	2	1	4	5	3	1	2	3
J1071402	1570.25022095671	0	5	1	5	2011	1	1	1	4	5	3	1	8	-9
J1071409	629.532095327151	1	1	1	5	2011	3	3	2	4	5	3	1	1	1
J1071410	907.314922787505	1	1	1	5	2011	1	1	1	4	5	3	1	1	-9
J1072103	1130.65586708992	0	5	2	7	2011	1	1	1	4	5	3	1	1	-9
J1072104	2341.80446944451	1	1	2	7	2011	4	4	2	4	5	3	1	1	2
J1072203	967.901311552974	1	1	2	7	2011	3	3	2	4	5	3	1	1	1
J1072204	774.738496531217	1	1	2	7	2011	1	1	1	4	5	3	1	1	-9
J1072205	744.880735504772	1	1	2	7	2011	3	3	2	4	5	3	1	2	1
J1072206	1501.29585724164	1	1	2	7	2011	1	1	1	4	5	3	1	4	-9
J1072207	904.413339969785	0	5	2	7	2011	1	1	1	4	5	3	1	1	-9
J1072210	707.432636995847	0	4	2	7	2011	3	3	2	4	5	3	1	1	1
J1072211	1808.45558017818	0	4	2	7	2011	1	1	1	4	5	3	1	4	-9
J1072302	906.345401682655	1	1	2	8	2011	3	3	2	4	5	3	1	1	1
J1072304	946.091354677682	1	1	2	8	2011	1	1	1	4	5	3	1	7	-9
J1072305	1826.20569795906	0	5	2	8	2011	1	1	1	4	5	3	1	7	-9
J1072307	1460.38153889003	0	5	2	8	2011	1	1	1	4	5	3	1	3	-9
J1072308	2094.6797835333	0	4	2	8	2011	4	4	2	4	5	3	1	7	2
J1072309	1747.54499154397	0	5	2	8	2011	1	1	1	4	5	3	1	5	-9
J1072401	1479.87948093068	1	1	2	8	2011	1	1	1	4	5	3	1	3	-9
J1072402	4134.40011206184	0	4	2	8	2011	2	2	1	4	5	3	1	5	3
J1072405	1369.37794191197	0	5	2	8	2011	1	1	1	4	5	3	1	5	-9
J1072406	1754.88169610238	1	1	2	8	2011	1	1	1	4	5	3	1	3	-9
J1072407	1904.87786373317	0	5	2	8	2011	1	1	1	4	5	3	1	4	-9
J1072408	1080.90621659152	1	1	2	8	2011	3	3	2	4	5	3	1	2	1
J1073102	1403.53569616301	0	5	3	10	2011	1	1	1	4	5	3	1	3	-9
J1073103	879.238599458275	0	4	3	10	2011	3	3	2	4	5	3	1	1	1
J1073106	729.095763330807	1	1	3	10	2011	3	3	2	4	5	3	1	1	1
J1073109	1008.26109491116	1	1	3	10	2011	4	4	2	4	5	3	1	1	2
J1073203	954.096902088006	0	5	3	10	2011	4	4	2	4	5	3	1	5	2
J1073205	928.025595273928	0	4	3	10	2011	2	2	1	4	5	3	1	2	5
J1073207	1554.70899121501	0	4	3	10	2011	1	1	1	4	5	3	1	7	-9
J1073209	842.732847286425	1	1	3	10	2011	3	3	2	4	5	3	1	1	1
J1073210	1304.51367825714	0	5	3	10	2011	1	1	1	4	5	3	1	1	-9
J1073211	1433.05377707818	0	5	3	10	2011	1	1	1	4	5	3	1	5	-9
J1073302	1036.76206199294	0	4	3	11	2011	3	3	2	4	5	3	1	2	1
J1073305	1902.70254390618	1	1	3	11	2011	1	1	1	4	5	3	1	3	-9
J1073306	738.581735669141	0	5	3	11	2011	1	1	1	4	5	3	1	2	-9
J1073307	992.176119488293	0	5	3	11	2011	1	1	1	4	5	3	1	2	-9
J1073401	1445.4712469323	1	1	3	11	2011	4	4	2	4	5	3	1	2	2
J1073403	1134.98258133362	0	5	3	11	2011	2	2	1	4	5	3	1	2	3
J1073405	941.017468462529	0	4	3	11	2011	4	4	2	4	5	3	1	2	2
J1073406	722.819784536533	1	1	3	11	2011	4	4	2	4	5	3	1	2	2
J1073407	2604.5134386985	1	1	3	11	2011	2	2	1	4	5	3	1	4	3
J1073412	836.33266245026	1	1	3	11	2011	3	3	2	4	5	3	1	2	1
J1073413	731.797820104914	0	4	3	11	2011	4	4	2	4	5	3	1	2	2
J1074101	1744.40616678228	0	4	4	1	2012	1	1	1	4	5	3	1	5	-9
J1074103	2381.2887384761	0	5	4	1	2012	1	1	1	4	5	3	1	2	-9
J1074104	1271.43133067709	0	4	4	1	2012	1	1	1	4	5	3	1	3	-9
J1074105	966.860582074379	0	5	4	1	2012	1	1	1	4	5	3	1	3	-9
J1074107	849.469504880609	0	4	4	1	2012	3	3	2	4	5	3	1	2	1
J1074111	963.902785337836	1	1	4	1	2012	1	1	1	4	5	3	1	1	-9
J1074112	963.031612611681	1	1	4	1	2012	3	3	2	4	5	3	1	1	1
J1074202	1460.57911831145	1	1	4	1	2012	1	1	1	4	5	3	1	2	-9
J1074204	1760.71371708267	0	4	4	1	2012	1	1	1	4	5	3	1	3	-9
J1074206	1796.93577540113	0	5	4	1	2012	1	1	1	4	5	3	1	6	-9
J1074209	994.979935943233	1	1	4	1	2012	1	1	1	4	5	3	1	1	-9
J1074301	2519.39074120668	1	1	4	2	2012	3	3	2	4	5	3	1	1	1
J1074302	852.907892320047	1	1	4	2	2012	3	3	2	4	5	3	1	1	1
J1074303	892.058326958379	0	5	4	2	2012	1	1	1	4	5	3	1	1	-9
J1074304	753.806424247249	1	1	4	2	2012	2	2	1	4	5	3	1	1	3
J1074305	897.566272918508	0	4	4	2	2012	4	4	2	4	5	3	1	1	2
J1074306	1648.41186922665	1	1	4	2	2012	4	4	2	4	5	3	1	1	2
J1074308	761.634144039939	0	5	4	2	2012	1	1	1	4	5	3	1	1	-9
J1074309	688.261732085855	0	4	4	2	2012	1	1	1	4	5	3	1	1	-9
J1074311	1799.94306067068	1	1	4	2	2012	1	1	1	4	5	3	1	4	-9
J1074401	1414.60834512445	0	5	4	2	2012	1	1	1	4	5	3	1	5	-9
J1074403	1033.03111264688	0	5	4	2	2012	1	1	1	4	5	3	1	2	-9
J1074404	2039.28578803254	0	4	4	2	2012	1	1	1	4	5	3	1	3	-9
J1074405	771.443754580447	1	1	4	2	2012	2	2	1	4	5	3	1	1	3
J1074406	1301.43256712531	0	5	4	2	2012	1	1	1	4	5	3	1	1	-9
J1074407	935.753764250018	0	4	4	2	2012	3	3	2	4	5	3	1	1	1
J1074408	1390.02343981351	0	4	4	2	2012	3	3	2	4	5	3	1	5	1
J1081101	1613.83209908261	0	5	1	4	2011	1	1	1	4	5	3	1	5	-9
J1081104	4920.40009771651	1	1	1	4	2011	4	4	2	4	5	3	1	3	2
J1081107	1633.71919978005	0	5	1	4	2011	1	1	1	4	5	3	1	2	-9
J1081108	1276.14162336183	0	4	1	4	2011	1	1	1	4	5	3	2	10	-9
J1081109	2008.97157664061	0	4	1	4	2011	1	1	1	4	5	3	2	10	-9
J1081201	2171.75234751696	0	5	1	4	2011	1	1	1	4	5	3	1	1	-9
J1081202	1226.93224400059	0	4	1	4	2011	3	3	2	4	5	3	1	4	1
J1081204	2012.36740570039	1	1	1	4	2011	1	1	1	4	5	3	1	6	-9
J1081205	1804.94831603749	0	5	1	4	2011	1	1	1	4	5	3	1	4	-9
J1081208	1341.8843319701	1	1	1	4	2011	4	4	2	4	5	3	1	2	2
J1081301	1447.64209930175	0	5	1	5	2011	1	1	1	4	5	3	3	10	-9
J1081302	1574.92221323137	1	1	1	5	2011	1	1	1	4	5	3	2	3	-9
J1081303	1300.83630808698	0	5	1	5	2011	1	1	1	4	5	3	2	8	-9
J1081304	2106.03684732293	0	4	1	5	2011	1	1	1	4	5	3	2	6	-9
J1081308	1485.80220898561	1	1	1	5	2011	1	1	1	4	5	3	1	8	-9
J1081309	1362.8078965684	0	4	1	5	2011	1	1	1	4	5	3	1	5	-9
J1081310	1838.46694836039	0	5	1	5	2011	1	1	1	4	5	3	1	10	-9
J1081403	1029.31720742631	0	4	1	5	2011	3	3	2	4	5	3	1	2	1
J1081404	1539.57045307969	0	5	1	5	2011	1	1	1	4	5	3	1	8	-9
J1081406	890.480667862206	0	4	1	5	2011	4	4	2	4	5	3	1	5	2
J1081407	1461.22810953208	0	4	1	5	2011	1	1	1	4	5	3	1	3	-9
J1081408	1595.254208188	1	1	1	5	2011	2	2	1	4	5	3	1	7	5
J1082102	1835.08708853765	1	1	2	7	2011	2	2	1	4	5	3	1	10	3
J1082103	661.321821362826	0	5	2	7	2011	1	1	1	4	5	3	1	7	-9
J1082104	2189.18937059991	0	4	2	7	2011	1	1	1	4	5	3	1	10	-9
J1082105	899.68528566245	0	4	2	7	2011	2	2	1	4	5	3	1	9	3
J1082106	1575.01929179711	0	4	2	7	2011	1	1	1	4	5	3	1	10	-9
J1082107	2039.81818444264	0	5	2	7	2011	1	1	1	4	5	3	1	10	-9
J1082108	1662.74514443173	1	1	2	7	2011	1	1	1	4	5	3	1	10	-9
J1082201	1402.16070981825	0	5	2	7	2011	1	1	1	4	5	3	1	6	-9
J1082202	1323.0060777392	0	4	2	7	2011	1	1	1	4	5	3	1	10	-9
J1082204	811.61179615021	1	1	2	7	2011	4	4	2	4	5	3	2	6	2
J1082208	1294.21492133278	1	1	2	7	2011	1	1	1	4	5	3	4	10	-9
J1082301	1240.49036637686	0	5	2	8	2011	1	1	1	4	5	3	3	9	-9
J1082303	1279.84132376447	0	5	2	8	2011	1	1	1	4	5	3	2	10	-9
J1082305	1829.85840273989	1	1	2	8	2011	1	1	1	4	5	3	2	8	-9
J1082306	1829.84444091968	0	5	2	8	2011	1	1	1	4	5	3	2	10	-9
J1082308	1886.38400052962	0	5	2	8	2011	1	1	1	4	5	3	2	10	-9
J1082401	1316.7495891838	0	5	2	8	2011	1	1	1	4	5	3	2	9	-9
J1082402	1544.49634286855	0	4	2	8	2011	1	1	1	4	5	3	2	6	-9
J1082403	1458.79182450851	0	5	2	8	2011	1	1	1	4	5	3	2	6	-9
J1082404	1604.54639150594	1	1	2	8	2011	1	1	1	4	5	3	2	10	-9
J1082405	2935.36126890521	0	5	2	8	2011	1	1	1	4	5	3	2	9	-9
J1082408	4538.07853830857	0	5	2	8	2011	1	1	1	4	5	3	3	8	-9
J1083101	1424.89680477673	1	1	3	10	2011	1	1	1	4	5	3	1	10	-9
J1083102	1368.47231327341	0	5	3	10	2011	1	1	1	4	5	3	1	7	-9
J1083103	2359.67946841348	0	4	3	10	2011	1	1	1	4	5	3	1	8	-9
J1083106	1657.00515545235	0	4	3	10	2011	1	1	1	4	5	3	1	9	-9
J1083107	1626.4124182097	0	5	3	10	2011	1	1	1	4	5	3	1	10	-9
J1083108	1493.90712981676	0	4	3	10	2011	1	1	1	4	5	3	1	9	-9
J1083202	1799.5959167456	0	5	3	10	2011	1	1	1	4	5	3	1	6	-9
J1083203	1762.65126121854	0	4	3	10	2011	1	1	1	4	5	3	1	4	-9
J1083204	1999.42332979931	0	5	3	10	2011	1	1	1	4	5	3	1	6	-9
J1083205	1850.98168319686	0	4	3	10	2011	1	1	1	4	5	3	1	4	-9
J1083302	2061.5783370111	0	5	3	11	2011	1	1	1	4	5	3	4	10	-9
J1083303	4648.59923581754	0	5	3	11	2011	1	1	1	4	5	3	1	6	-9
J1083304	1499.51813688803	1	1	3	11	2011	1	1	1	4	5	3	1	7	-9
J1083305	2067.39479756518	0	5	3	11	2011	1	1	1	4	5	3	1	2	-9
J1083307	1599.58942025508	0	5	3	11	2011	1	1	1	4	5	3	1	8	-9
J1083404	1633.69551344601	1	1	3	11	2011	2	2	1	4	5	3	2	10	3
J1083405	7227.31403931697	1	1	3	11	2011	2	2	1	4	5	3	1	8	3
J1083408	1301.26263118729	0	5	3	11	2011	1	1	1	4	5	3	1	9	-9
J1083409	1260.15438347484	0	5	3	11	2011	1	1	1	4	5	3	1	8	-9
J1084102	1679.33245269472	1	1	4	1	2012	1	1	1	4	5	3	1	4	-9
J1084103	1336.16242915073	0	5	4	1	2012	1	1	1	4	5	3	1	4	-9
J1084104	1125.55236830234	1	1	4	1	2012	1	1	1	4	5	3	1	2	-9
J1084109	903.9663236984	0	4	4	1	2012	2	2	1	4	5	3	1	4	3
J1084110	1424.00444858606	0	5	4	1	2012	1	1	1	4	5	3	1	6	-9
J1084202	1301.36017587355	0	4	4	1	2012	1	1	1	4	5	3	1	4	-9
J1084204	1752.72251050758	0	4	4	1	2012	1	1	1	4	5	3	1	1	-9
J1084205	2110.76306333635	0	5	4	1	2012	1	1	1	4	5	3	1	5	-9
J1084206	2224.93338408634	0	5	4	1	2012	1	1	1	4	5	3	1	7	-9
J1084208	1680.6950394046	0	5	4	1	2012	1	1	1	4	5	3	1	3	-9
J1084210	1365.76690940266	1	1	4	1	2012	4	4	2	4	5	3	1	1	2
J1084307	723.584308347009	1	1	4	2	2012	3	3	2	4	5	3	1	1	1
J1084310	2293.71984485364	0	5	4	2	2012	1	1	1	4	5	3	1	5	-9
J1084311	4832.60121140478	0	4	4	2	2012	1	1	1	4	5	3	1	1	-9
J1084401	1677.09776744933	0	5	4	2	2012	1	1	1	4	5	3	1	6	-9
J1084402	1932.29015384931	0	5	4	2	2012	1	1	1	4	5	3	1	5	-9
J1084404	1124.59119445759	0	5	4	2	2012	1	1	1	4	5	3	1	6	-9
J1084405	570.024800168467	0	4	4	2	2012	3	3	2	4	5	3	1	4	1
J1084407	2293.71984485364	0	5	4	2	2012	1	1	1	4	5	3	1	5	-9
J1084409	1546.34977450999	0	5	4	2	2012	1	1	1	4	5	3	1	6	-9
J1091102	1557.78259361002	1	1	1	4	2011	1	1	1	4	5	3	2	4	-9
J1091103	1501.19218676344	0	4	1	4	2011	1	1	1	4	5	3	2	4	-9
J1091105	1540.90640194486	0	4	1	4	2011	3	3	2	4	5	3	2	1	1
J1091202	1707.0752009046	0	5	1	4	2011	1	1	1	4	5	3	3	7	-9
J1091203	1399.88925194629	1	1	1	4	2011	1	1	1	4	5	3	3	7	-9
J1091206	756.524090081568	0	4	1	4	2011	1	1	1	4	5	3	1	2	-9
J1091207	1193.46296564651	0	5	1	4	2011	1	1	1	4	5	3	2	6	-9
J1091208	1585.59508147732	0	4	1	4	2011	1	1	1	4	5	3	3	6	-9
J1091209	1749.83582565607	0	5	1	4	2011	1	1	1	4	5	3	3	7	-9
J1091304	1805.51693479135	0	5	1	5	2011	1	1	1	4	5	3	1	8	-9
J1091305	1411.66610191738	1	1	1	5	2011	1	1	1	4	5	3	1	3	-9
J1091306	1513.81683573665	0	4	1	5	2011	2	2	1	4	5	3	1	9	3
J1091308	761.090872749993	1	1	1	5	2011	3	3	2	4	5	3	1	3	1
J1091310	1916.38632183667	0	4	1	5	2011	1	1	1	4	5	3	1	5	-9
J1091404	775.753024458207	1	1	1	5	2011	3	3	2	4	5	3	2	1	1
J1091408	1806.2469622583	1	1	1	5	2011	1	1	1	4	5	3	3	8	-9
J1092102	679.320130791218	1	1	2	7	2011	3	3	2	4	5	3	1	2	1
J1092103	1874.61587793113	0	4	2	7	2011	1	1	1	4	5	3	1	10	-9
J1092104	1496.64984087542	0	5	2	7	2011	1	1	1	4	5	3	1	8	-9
J1092106	2488.01087315195	1	1	2	7	2011	2	2	1	4	5	3	1	5	3
J1092107	1557.39914203342	1	1	2	7	2011	1	1	1	4	5	3	4	8	-9
J1092108	1662.6230243508	0	5	2	7	2011	1	1	1	4	5	3	1	7	-9
J1092109	833.455761106433	1	1	2	7	2011	1	1	1	4	5	3	1	6	-9
J1092201	1378.74263093005	0	5	2	7	2011	1	1	1	4	5	3	4	7	-9
J1092203	1923.55332077289	0	5	2	7	2011	1	1	1	4	5	3	1	7	-9
J1092207	965.910561162009	1	1	2	7	2011	1	1	1	4	5	3	1	2	-9
J1092208	828.068481268187	0	5	2	7	2011	1	1	1	4	5	3	1	2	-9
J1092209	1219.03798494598	1	1	2	7	2011	1	1	1	4	5	3	1	5	-9
J1092210	1495.45918269315	0	5	2	7	2011	1	1	1	4	5	3	2	8	-9
J1092301	1819.98341243321	0	4	2	8	2011	1	1	1	4	5	3	3	7	-9
J1092302	1366.59146709522	1	1	2	8	2011	3	3	2	4	5	3	3	9	1
J1092303	1324.71383293096	1	1	2	8	2011	1	1	1	4	5	3	3	7	-9
J1092304	1086.1773396541	1	1	2	8	2011	2	2	1	4	5	3	1	2	3
J1092306	1372.68477510747	0	5	2	8	2011	1	1	1	4	5	3	1	4	-9
J1092307	686.535027207777	0	5	2	8	2011	1	1	1	4	5	3	1	2	-9
J1092309	1219.68112104642	1	1	2	8	2011	2	2	1	4	5	3	2	9	3
J1092401	889.577582580877	1	1	2	8	2011	1	1	1	4	5	3	2	2	-9
J1092402	2373.49604163202	0	5	2	8	2011	1	1	1	4	5	3	2	6	-9
J1092403	1232.88011035008	1	1	2	8	2011	1	1	1	4	5	3	2	10	-9
J1092404	1263.53909538711	1	1	2	8	2011	2	2	1	4	5	3	3	7	4
J1092405	739.425036967196	1	1	2	8	2011	3	3	2	4	5	3	2	3	1
J1092406	1905.27532742057	0	5	2	8	2011	1	1	1	4	5	3	2	5	-9
J1092407	1292.34777660603	1	1	2	8	2011	2	2	1	4	5	3	2	3	3
J1092408	1427.12624795816	1	1	2	8	2011	1	1	1	4	5	3	2	3	-9
J1092409	1665.48379051094	0	5	2	8	2011	1	1	1	4	5	3	2	3	-9
J1093101	1359.36468035737	1	1	3	10	2011	1	1	1	4	5	3	1	7	-9
J1093104	699.937992051491	1	1	3	10	2011	4	4	2	4	5	3	1	1	2
J1093105	1772.41010889191	0	5	3	10	2011	1	1	1	4	5	3	1	8	-9
J1093107	1152.05562523024	1	1	3	10	2011	4	4	2	4	5	3	1	1	2
J1093109	1728.60834783424	1	1	3	10	2011	1	1	1	4	5	3	2	8	-9
J1093110	2073.63724255355	0	5	3	10	2011	1	1	1	4	5	3	2	3	-9
J1093111	2370.6354267715	1	1	3	10	2011	3	3	2	4	5	3	2	2	1
J1093202	1421.54316605691	0	5	3	10	2011	1	1	1	4	5	3	1	2	-9
J1093204	3329.04851161838	0	5	3	10	2011	1	1	1	4	5	3	1	6	-9
J1093209	1527.70345972715	1	1	3	10	2011	3	3	2	4	5	3	1	1	1
J1093304	1756.58134334584	1	1	3	11	2011	2	2	1	4	5	3	1	2	3
J1093305	1683.21943691535	0	4	3	11	2011	2	2	1	4	5	3	1	7	5
J1093306	845.537529172908	0	4	3	11	2011	1	1	1	4	5	3	1	2	-9
J1093307	1810.79980897302	0	5	3	11	2011	1	1	1	4	5	3	1	2	-9
J1093308	845.83518078296	0	5	3	11	2011	3	3	2	4	5	3	1	2	1
J1093309	1319.52137463479	1	1	3	11	2011	1	1	1	4	5	3	1	1	-9
J1093401	1538.8795666954	0	4	3	11	2011	3	3	2	4	5	3	1	2	1
J1093404	893.262255665511	0	4	3	11	2011	3	3	2	4	5	3	1	1	1
J1093405	1489.24546876066	0	4	3	11	2011	1	1	1	4	5	3	1	7	-9
J1093407	1412.39405589447	0	4	3	11	2011	1	1	1	4	5	3	1	2	-9
J1093409	3800.40164193605	0	5	3	11	2011	1	1	1	4	5	3	1	7	-9
J1093410	831.434082281905	1	1	3	11	2011	1	1	1	4	5	3	1	2	-9
J1093411	1978.32438968979	0	5	3	11	2011	1	1	1	4	5	3	1	3	-9
J1094102	790.69081270795	1	1	4	1	2012	3	3	2	4	5	3	1	1	1
J1094103	2168.11735507112	0	5	4	1	2012	1	1	1	4	5	3	1	4	-9
J1094104	1271.52622134647	0	4	4	1	2012	1	1	1	4	5	3	1	4	-9
J1094105	713.454014492948	1	1	4	1	2012	3	3	2	4	5	3	1	4	1
J1094107	753.884808783041	1	1	4	1	2012	1	1	1	4	5	3	1	4	-9
J1094108	869.517187742998	0	4	4	1	2012	4	4	2	4	5	3	1	2	2
J1094111	1358.55210794521	0	5	4	1	2012	1	1	1	4	5	3	1	5	-9
J1094201	4284.05990072501	0	4	4	1	2012	2	2	1	4	5	3	2	4	3
J1094202	1586.14907713886	0	5	4	1	2012	1	1	1	4	5	3	2	4	-9
J1094203	1485.15837194192	0	4	4	1	2012	1	1	1	4	5	3	2	4	-9
J1094204	1271.49858672032	0	5	4	1	2012	1	1	1	4	5	3	2	3	-9
J1094207	1266.61787082123	1	1	4	1	2012	3	3	2	4	5	3	2	6	1
J1094208	1830.81259969967	1	1	4	1	2012	1	1	1	4	5	3	2	6	-9
J1094302	669.335002258791	1	1	4	2	2012	3	3	2	4	5	3	1	1	1
J1094306	726.39416979045	1	1	4	2	2012	3	3	2	4	5	3	1	1	1
J1094307	803.865039441588	1	1	4	2	2012	3	3	2	4	5	3	1	1	1
J1094308	663.91513501444	0	5	4	2	2012	4	4	2	4	5	3	1	1	2
J1094309	1234.46093445822	0	4	4	2	2012	3	3	2	4	5	3	1	1	1
J1094310	1587.60571957139	0	5	4	2	2012	1	1	1	4	5	3	1	2	-9
J1094311	1395.97785112704	0	4	4	2	2012	1	1	1	4	5	3	1	5	-9
J1094401	1004.12468561538	0	4	4	2	2012	2	2	1	4	5	3	3	2	5
J1094402	1613.88164407845	0	5	4	2	2012	1	1	1	4	5	3	1	8	-9
J1094403	1411.02197539733	1	1	4	2	2012	1	1	1	4	5	3	1	5	-9
J1094405	1335.20749045906	1	1	4	2	2012	1	1	1	4	5	3	1	2	-9
J1094407	1488.84632781218	0	5	4	2	2012	1	1	1	4	5	3	1	5	-9
J1094408	1443.85913870929	0	4	4	2	2012	1	1	1	4	5	3	1	5	-9
J1094409	1684.91137423642	0	5	4	2	2012	1	1	1	4	5	3	1	7	-9
J1094411	1382.0013972257	0	5	4	2	2012	1	1	1	4	5	3	1	9	-9
J1101102	1584.74771208888	0	5	1	4	2011	1	1	1	4	5	3	3	9	-9
J1101103	1834.154489908	0	4	1	4	2011	1	1	1	4	5	3	2	9	-9
J1101104	1393.39509788755	0	4	1	4	2011	3	3	2	4	5	3	4	9	1
J1101106	3034.0403204967	0	5	1	4	2011	1	1	1	4	5	3	3	7	-9
J1101107	2346.39497256246	0	4	1	4	2011	1	1	1	4	5	3	4	7	-9
J1101109	1681.49502915044	0	5	1	4	2011	1	1	1	4	5	3	1	7	-9
J1101201	1455.56863344775	1	1	1	4	2011	1	1	1	4	5	3	2	10	-9
J1101202	2129.97064164162	0	5	1	4	2011	1	1	1	4	5	3	3	9	-9
J1101203	1631.38279766575	0	4	1	4	2011	2	2	1	4	5	3	1	8	3
J1101204	1220.67012750183	0	4	1	4	2011	2	2	1	4	5	3	1	10	4
J1101206	1261.2149529994	0	5	1	4	2011	1	1	1	4	5	3	1	8	-9
J1101207	810.252487927016	1	1	1	4	2011	1	1	1	4	5	3	1	7	-9
J1101302	1643.17310481693	0	4	1	5	2011	2	2	1	4	5	3	2	10	3
J1101304	1538.93977152422	0	4	1	5	2011	1	1	1	4	5	3	2	6	-9
J1101305	1549.82503432857	0	5	1	5	2011	1	1	1	4	5	3	3	9	-9
J1101306	1717.61186578401	1	1	1	5	2011	1	1	1	4	5	3	3	9	-9
J1101307	1915.29042498072	1	1	1	5	2011	2	2	1	4	5	3	2	10	3
J1101308	1457.20628547829	1	1	1	5	2011	1	1	1	4	5	3	2	6	-9
J1101401	1362.59322058423	0	4	1	5	2011	3	3	2	4	5	3	3	6	1
J1101402	975.899727322257	0	4	1	5	2011	2	2	1	4	5	3	3	7	4
J1101403	1693.27776705582	0	4	1	5	2011	1	1	1	4	5	3	3	6	-9
J1101404	1495.95148271625	0	5	1	5	2011	1	1	1	4	5	3	2	9	-9
J1101410	2600.55999406097	0	4	1	5	2011	2	2	1	4	5	3	2	8	3
J1102101	1445.86146896445	0	4	2	7	2011	1	1	1	4	5	3	1	8	-9
J1102102	747.193831131996	0	5	2	7	2011	1	1	1	4	5	3	1	5	-9
J1102104	1685.12896307321	1	1	2	7	2011	1	1	1	4	5	3	2	8	-9
J1102105	1426.9319659127	0	5	2	7	2011	1	1	1	4	5	3	2	9	-9
J1102106	1959.5651101048	1	1	2	7	2011	1	1	1	4	5	3	4	4	-9
J1102107	1718.89548860692	0	5	2	7	2011	1	1	1	4	5	3	4	5	-9
J1102201	1413.58448412845	1	1	2	7	2011	1	1	1	4	5	3	2	5	-9
J1102204	1581.99892064834	0	5	2	7	2011	1	1	1	4	5	3	3	4	-9
J1102205	1773.24485730389	1	1	2	7	2011	1	1	1	4	5	3	1	3	-9
J1102206	1586.98055645005	0	5	2	7	2011	1	1	1	4	5	3	1	5	-9
J1102303	1054.75459052964	1	1	2	8	2011	4	4	2	4	5	3	1	3	2
J1102304	1543.86216797362	1	1	2	8	2011	2	2	1	4	5	3	1	3	3
J1102306	937.250105336648	1	1	2	8	2011	4	4	2	4	5	3	1	2	2
J1102309	1722.29936649054	1	1	2	8	2011	2	2	1	4	5	3	1	7	3
J1102310	1671.64059788081	1	1	2	8	2011	1	1	1	4	5	3	1	2	-9
J1102401	1318.79398635446	0	4	2	8	2011	1	1	1	4	5	3	1	2	-9
J1102402	2075.89817847665	0	5	2	8	2011	1	1	1	4	5	3	1	3	-9
J1102405	1538.33572089307	1	1	2	8	2011	1	1	1	4	5	3	4	4	-9
J1103101	1801.02910050541	0	4	3	10	2011	1	1	1	4	5	3	1	5	-9
J1103103	1289.74629262096	0	5	3	10	2011	1	1	1	4	5	3	1	6	-9
J1103106	830.878597259178	1	1	3	10	2011	1	1	1	4	5	3	1	9	-9
J1103107	1406.90039574979	0	5	3	10	2011	1	1	1	4	5	3	1	5	-9
J1103108	2171.12010697882	0	5	3	10	2011	2	2	1	4	5	3	1	8	3
J1103109	1895.71539033875	1	1	3	10	2011	1	1	1	4	5	3	1	10	-9
J1103202	1640.02561393413	0	4	3	10	2011	1	1	1	4	5	3	1	10	-9
J1103204	849.141650080302	1	1	3	10	2011	3	3	2	4	5	3	1	5	1
J1103207	1371.19186544795	0	4	3	10	2011	1	1	1	4	5	3	3	10	-9
J1103302	1447.75146947293	0	5	3	11	2011	1	1	1	4	5	3	4	9	-9
J1103303	1289.74629262096	0	5	3	11	2011	1	1	1	4	5	3	1	10	-9
J1103304	1496.43135053525	1	1	3	11	2011	1	1	1	4	5	3	1	8	-9
J1103306	1922.02263735433	0	4	3	11	2011	1	1	1	4	5	3	1	6	-9
J1103307	932.187536200418	0	5	3	11	2011	1	1	1	4	5	3	1	7	-9
J1103308	1363.62110947067	0	5	3	11	2011	1	1	1	4	5	3	1	7	-9
J1103401	1447.04331400917	0	5	3	11	2011	1	1	1	4	5	3	1	9	-9
J1103402	1941.80130125357	1	1	3	11	2011	4	4	2	4	5	3	1	4	2
J1103405	1315.048717236	1	1	3	11	2011	2	2	1	4	5	3	3	6	4
J1103406	869.356557024914	0	5	3	11	2011	4	4	2	4	5	3	3	6	2
J1103407	1788.40788073097	1	1	3	11	2011	1	1	1	4	5	3	3	6	-9
J1104101	1363.08896723021	0	5	4	1	2012	1	1	1	4	5	3	1	4	-9
J1104102	1177.591559825	1	1	4	1	2012	3	3	2	4	5	3	1	4	1
J1104105	2078.35561464481	0	5	4	1	2012	1	1	1	4	5	3	2	8	-9
J1104201	2803.08109836283	1	1	4	1	2012	2	2	1	4	5	3	1	4	3
J1104202	816.138353038175	1	1	4	1	2012	3	3	2	4	5	3	1	4	1
J1104203	911.815406352282	0	4	4	1	2012	2	2	1	4	5	3	1	4	3
J1104204	2067.66305345769	1	1	4	1	2012	1	1	1	4	5	3	1	3	-9
J1104205	1612.41848595504	0	5	4	1	2012	1	1	1	4	5	3	1	9	-9
J1104206	1471.49586832015	1	1	4	1	2012	1	1	1	4	5	3	1	6	-9
J1104302	1442.9902435323	1	1	4	2	2012	3	3	2	4	5	3	2	9	1
J1104303	810.517008858184	1	1	4	2	2012	3	3	2	4	5	3	1	4	1
J1104304	1678.77568299502	1	1	4	2	2012	1	1	1	4	5	3	1	10	-9
J1104306	1010.41050018825	0	5	4	2	2012	3	3	2	4	5	3	1	7	1
J1104307	1514.73504806877	1	1	4	2	2012	1	1	1	4	5	3	1	10	-9
J1104308	1489.59358329414	1	1	4	2	2012	2	2	1	4	5	3	3	7	3
J1104401	2020.39696213626	1	1	4	2	2012	1	1	1	4	5	3	3	8	-9
J1104406	768.871498245982	1	1	4	2	2012	3	3	2	4	5	3	1	4	1
J1104407	1463.95470566714	0	5	4	2	2012	1	1	1	4	5	3	1	10	-9
J1104408	1548.89536704177	0	5	4	2	2012	1	1	1	4	5	3	1	10	-9
J1111102	2038.02234849795	0	4	1	4	2011	4	4	2	2	4	1	1	1	2
J1111103	1645.39992958211	0	4	1	4	2011	2	2	1	2	4	1	1	1	5
J1111105	1446.74961650439	1	1	1	4	2011	2	2	1	2	4	1	1	1	3
J1111107	747.601285096268	1	1	1	4	2011	2	2	1	2	4	1	1	1	3
J1111108	1305.80596071189	1	1	1	4	2011	2	2	1	2	4	1	1	1	3
J1111109	2041.32451102346	1	1	1	4	2011	2	2	1	2	4	1	1	1	3
J1111110	1524.39673850154	1	1	1	4	2011	2	2	1	2	4	1	1	2	5
J1111111	1206.60278818082	0	4	1	4	2011	1	1	1	2	4	1	1	1	-9
J1111203	2015.01373921808	0	4	1	4	2011	2	2	1	2	4	1	1	6	5
J1111205	1858.16374917022	1	1	1	4	2011	2	2	1	2	4	1	1	2	5
J1111207	1415.81113060201	1	1	1	4	2011	1	1	1	2	4	1	1	3	-9
J1111208	1198.69553866004	0	5	1	4	2011	1	1	1	2	4	1	1	9	-9
J1111301	1318.36342944898	1	1	1	5	2011	1	1	1	2	4	1	1	8	-9
J1111302	1887.76326193764	0	5	1	5	2011	1	1	1	2	4	1	1	1	-9
J1111401	2429.78559642498	1	1	1	5	2011	1	1	1	2	4	1	1	10	-9
J1111403	2724.27705205676	1	1	1	5	2011	1	1	1	2	4	1	1	8	-9
J1111404	731.371531606033	1	1	1	5	2011	4	4	2	2	4	1	1	6	2
J1111405	1724.64549703131	0	4	1	5	2011	1	1	1	2	4	1	1	9	-9
J1111406	1207.61988964603	0	5	1	5	2011	1	1	1	2	4	1	1	6	-9
J1111407	1283.28395498131	1	1	1	5	2011	1	1	1	2	4	1	1	8	-9
J1112101	1422.2599344969	0	5	2	7	2011	1	1	1	4	5	3	3	3	-9
J1112102	1271.49858672032	1	1	2	7	2011	1	1	1	4	5	3	3	4	-9
J1112103	1018.27691287267	0	4	2	7	2011	2	2	1	4	5	3	2	4	3
J1112104	1748.11277925529	0	4	2	7	2011	1	1	1	4	5	3	3	4	-9
J1112105	1456.81597978124	0	5	2	7	2011	1	1	1	4	5	3	3	4	-9
J1112107	1200.57194724449	0	5	2	7	2011	1	1	1	4	5	3	2	3	-9
J1112108	1601.21967204867	0	5	2	7	2011	1	1	1	4	5	3	3	2	-9
J1112201	771.283649556349	0	4	2	7	2011	4	4	2	4	5	3	2	2	2
J1112203	3595.01983213503	0	5	2	7	2011	1	1	1	4	5	3	1	2	-9
J1112204	905.604088362492	1	1	2	7	2011	2	2	1	4	5	3	1	2	3
J1112206	1547.72553529812	1	1	2	7	2011	1	1	1	4	5	3	1	2	-9
J1112209	1192.90047872512	1	1	2	7	2011	4	4	2	4	5	3	1	1	2
J1112210	2602.17676967949	0	4	2	7	2011	2	2	1	4	5	3	1	3	3
J1112211	1635.94387291628	1	1	2	7	2011	1	1	1	4	5	3	1	7	-9
J1112301	1624.23190778814	0	5	2	8	2011	1	1	1	4	5	3	2	7	-9
J1112302	1487.38361394889	0	4	2	8	2011	1	1	1	4	5	3	3	5	-9
J1112304	1591.79447030352	1	1	2	8	2011	1	1	1	4	5	3	3	6	-9
J1112307	1733.17524701013	0	5	2	8	2011	1	1	1	4	5	3	2	4	-9
J1112404	1471.64158226257	0	5	2	8	2011	1	1	1	4	5	3	4	6	-9
J1112405	981.370734613251	1	1	2	8	2011	2	2	1	4	5	3	4	6	4
J1112406	1286.5276581847	0	5	2	8	2011	1	1	1	4	5	3	2	3	-9
J1113102	1218.33986264121	0	5	3	10	2011	1	1	1	2	4	1	1	9	-9
J1113104	1265.60994920472	0	5	3	10	2011	4	4	2	4	5	3	3	7	2
J1113106	1273.81691333565	1	1	3	10	2011	1	1	1	2	4	1	1	9	-9
J1113201	1500.59432104879	0	4	3	10	2011	1	1	1	4	5	3	3	6	-9
J1113203	1529.13817761998	0	5	3	10	2011	1	1	1	4	5	3	1	4	-9
J1113204	2018.08678670531	0	4	3	10	2011	4	4	2	4	5	3	3	5	2
J1113206	1505.70506849193	1	1	3	10	2011	1	1	1	4	5	3	4	5	-9
J1113207	603.277454017803	1	1	3	10	2011	4	4	2	4	5	3	1	2	2
J1113208	1167.5566072853	0	4	3	10	2011	2	2	1	4	5	3	1	2	3
J1113301	5105.16642896899	0	5	3	11	2011	2	2	1	4	5	3	1	4	3
J1113302	1324.58902900995	1	1	3	11	2011	2	2	1	4	5	3	1	5	3
J1113303	1812.86141643119	0	5	3	11	2011	1	1	1	4	5	3	3	5	-9
J1113306	2115.67900043005	0	5	3	11	2011	1	1	1	4	5	3	2	7	-9
J1113402	1382.46456200976	0	5	3	11	2011	1	1	1	4	5	3	1	1	-9
J1113404	2187.33440560318	0	4	3	11	2011	1	1	1	4	5	3	1	1	-9
J1113405	1754.35285025616	1	1	3	11	2011	2	2	1	4	5	3	1	3	3
J1113407	1762.571510247	1	1	3	11	2011	2	2	1	4	5	3	3	3	4
J1114102	627.982748790013	1	1	4	1	2012	4	4	2	2	4	1	1	1	2
J1114103	1068.04007483398	1	1	4	1	2012	4	4	2	2	4	1	1	1	2
J1114104	927.207370316005	1	1	4	1	2012	2	2	1	2	4	1	1	1	3
J1114201	1198.60427755708	1	1	4	1	2012	2	2	1	2	4	1	1	6	3
J1114202	1703.49163278431	0	5	4	1	2012	1	1	1	2	4	1	1	5	-9
J1114203	578.134281504778	1	1	4	1	2012	4	4	2	2	4	1	1	1	2
J1114207	1342.90582445865	0	5	4	1	2012	1	1	1	2	4	1	1	6	-9
J1114209	2197.52144426266	0	5	4	1	2012	1	1	1	2	4	1	1	9	-9
J1114301	1439.22648469759	1	1	4	2	2012	2	2	1	2	4	1	1	2	3
J1114302	846.033964535347	1	1	4	2	2012	4	4	2	2	4	1	1	1	2
J1114303	614.153747331085	1	1	4	2	2012	1	1	1	2	4	1	1	1	-9
J1114307	1514.93105868171	0	5	4	2	2012	1	1	1	2	4	1	4	5	-9
J1114308	1152.69370297238	0	4	4	2	2012	4	4	2	2	4	1	2	7	2
J1114404	1719.64808199416	0	5	4	2	2012	1	1	1	2	4	1	1	2	-9
J1114406	1313.54474589945	0	5	4	2	2012	1	1	1	2	4	1	1	1	-9
J1114408	1154.05251631369	0	4	4	2	2012	1	1	1	2	4	1	1	1	-9
J1114409	1576.65158433198	1	1	4	2	2012	2	2	1	2	4	1	1	7	3
J1114410	1768.44083474936	1	1	4	2	2012	2	2	1	2	4	1	1	7	5
J1121102	1935.78945689386	0	5	1	4	2011	1	1	1	2	4	1	1	6	-9
J1121104	1394.38886893987	0	5	1	4	2011	1	1	1	2	4	1	1	7	-9
J1121106	1002.53739695072	0	4	1	4	2011	1	1	1	2	4	1	1	2	-9
J1121107	1255.3745037113	1	1	1	4	2011	4	4	2	2	4	1	1	2	2
J1121108	1457.95740461153	0	4	1	4	2011	1	1	1	2	4	1	1	8	-9
J1121109	1412.16896335457	0	5	1	4	2011	1	1	1	2	4	1	1	7	-9
J1121110	1967.29908710658	0	4	1	4	2011	1	1	1	2	4	1	2	7	-9
J1121202	1411.40427423378	0	5	1	4	2011	1	1	1	2	4	1	1	6	-9
J1121205	1385.29944554429	1	1	1	4	2011	1	1	1	2	4	1	2	2	-9
J1121207	1407.61651196218	0	5	1	4	2011	1	1	1	2	4	1	3	6	-9
J1121209	1325.70841356601	0	5	1	4	2011	1	1	1	2	4	1	3	6	-9
J1121301	2519.13684657842	0	5	1	5	2011	1	1	1	2	4	1	2	7	-9
J1121302	2463.84074467983	0	4	1	5	2011	1	1	1	2	4	1	2	7	-9
J1121305	667.55858572781	1	1	1	5	2011	4	4	2	2	4	1	2	2	2
J1121306	1336.47421257468	0	4	1	5	2011	1	1	1	2	4	1	2	6	-9
J1121307	1417.9087313176	0	5	1	5	2011	1	1	1	2	4	1	2	6	-9
J1121401	675.206104065159	0	4	1	5	2011	4	4	2	2	4	1	2	4	2
J1121402	1253.8498445511	1	1	1	5	2011	1	1	1	2	4	1	2	8	-9
J1121403	1797.13132196963	1	1	1	5	2011	4	4	2	2	4	1	4	8	2
J1121404	1214.61470678026	1	1	1	5	2011	1	1	1	2	4	1	3	8	-9
J1121405	1253.43057713929	0	5	1	5	2011	1	1	1	2	4	1	2	6	-9
J1121406	1308.64418044676	1	1	1	5	2011	1	1	1	4	5	3	2	9	-9
J1122102	3246.73586491261	0	5	2	7	2011	1	1	1	2	4	1	2	9	-9
J1122103	1492.55112314146	1	1	2	7	2011	1	1	1	4	5	3	3	5	-9
J1122104	1753.99255786068	0	5	2	7	2011	1	1	1	4	5	3	2	8	-9
J1122107	2940.48401114661	0	5	2	7	2011	1	1	1	2	4	1	4	7	-9
J1122108	2918.21865046678	1	1	2	7	2011	1	1	1	2	4	1	2	9	-9
J1122201	2109.95968158959	0	5	2	7	2011	1	1	1	2	4	1	3	6	-9
J1122202	920.052417578284	1	1	2	7	2011	1	1	1	2	4	1	1	3	-9
J1122206	1616.81454572431	1	1	2	7	2011	1	1	1	2	4	1	1	4	-9
J1122207	1668.37691659791	0	5	2	7	2011	1	1	1	2	4	1	1	3	-9
J1122208	660.660574499719	0	4	2	7	2011	4	4	2	2	4	1	1	2	2
J1122301	672.280055045014	1	1	2	8	2011	2	2	1	2	4	1	1	1	5
J1122302	1051.67754767859	0	5	2	8	2011	1	1	1	2	4	1	1	1	-9
J1122303	1387.38613869164	1	1	2	8	2011	1	1	1	2	4	1	1	7	-9
J1122304	1213.09842212463	0	5	2	8	2011	1	1	1	2	4	1	1	1	-9
J1122305	1782.84964314061	0	5	2	8	2011	1	1	1	2	4	1	1	7	-9
J1122306	911.560331691186	1	1	2	8	2011	2	2	1	2	4	1	1	1	3
J1122401	2876.66090264944	0	4	2	8	2011	2	2	1	2	4	1	1	1	3
J1122403	1333.74602653615	1	1	2	8	2011	1	1	1	2	4	1	1	5	-9
J1122404	880.347214308374	1	1	2	8	2011	4	4	2	2	4	1	1	1	2
J1122405	1393.20730243246	0	5	2	8	2011	1	1	1	2	4	1	1	4	-9
J1122406	918.172383178961	0	4	2	8	2011	4	4	2	2	4	1	1	1	2
J1122409	1753.37849072769	0	5	2	8	2011	1	1	1	2	4	1	1	4	-9
J1122410	1439.99513301653	1	1	2	8	2011	1	1	1	2	4	1	1	7	-9
J1122412	1031.97526577748	1	1	2	8	2011	4	4	2	2	4	1	1	1	2
J1122413	1186.71773951768	0	5	2	8	2011	1	1	1	2	4	1	1	1	-9
J1123102	1003.1380375844	0	4	3	10	2011	4	4	2	4	5	3	1	2	2
J1123104	739.007865879723	1	1	3	10	2011	4	4	2	4	5	3	1	4	2
J1123105	909.383561784947	1	1	3	10	2011	4	4	2	4	5	3	1	2	2
J1123107	1491.36341327615	0	5	3	10	2011	1	1	1	4	5	3	3	6	-9
J1123109	1705.31951250541	1	1	3	10	2011	1	1	1	4	5	3	2	7	-9
J1123204	1215.81275890428	1	1	3	10	2011	1	1	1	4	5	3	1	1	-9
J1123205	2121.66173047719	1	1	3	10	2011	2	2	1	4	5	3	1	5	3
J1123206	716.546063639134	1	1	3	10	2011	3	3	2	4	5	3	1	2	1
J1123208	1524.44801194398	0	5	3	10	2011	1	1	1	4	5	3	2	7	-9
J1123301	1287.0322630803	0	5	3	11	2011	1	1	1	4	5	3	2	9	-9
J1123302	1849.99373663696	1	1	3	11	2011	1	1	1	4	5	3	2	8	-9
J1123303	1474.94226900875	0	5	3	11	2011	1	1	1	4	5	3	2	8	-9
J1123304	1587.64689670474	0	4	3	11	2011	1	1	1	4	5	3	3	6	-9
J1123308	2180.68056045923	1	1	3	11	2011	2	2	1	4	5	3	2	4	3
J1123309	1644.50282031347	0	4	3	11	2011	1	1	1	4	5	3	4	6	-9
J1123310	1497.55964309837	0	5	3	11	2011	1	1	1	4	5	3	2	4	-9
J1123311	891.202513141694	0	4	3	11	2011	4	4	2	4	5	3	4	6	2
J1123312	1454.10692725447	1	1	3	11	2011	1	1	1	4	5	3	3	7	-9
J1123401	1385.7681616647	0	5	3	11	2011	1	1	1	2	4	1	2	6	-9
J1123402	1035.4634729598	0	4	3	11	2011	2	2	1	4	5	3	1	1	3
J1123404	5079.38025981312	0	5	3	11	2011	2	2	1	4	5	3	1	2	3
J1123406	4352.84807468517	0	5	3	11	2011	1	1	1	4	5	3	1	4	-9
J1123407	1462.38312560233	1	1	3	11	2011	1	1	1	4	5	3	2	9	-9
J1123408	1947.1052068962	0	5	3	11	2011	1	1	1	2	4	1	2	7	-9
J1123409	1286.80247264654	0	5	3	11	2011	1	1	1	4	5	3	3	6	-9
J1124101	1844.58897301655	0	5	4	1	2012	1	1	1	4	5	3	1	4	-9
J1124103	1608.40594197124	0	5	4	1	2012	1	1	1	4	5	3	1	8	-9
J1124106	2467.03021788285	1	1	4	1	2012	3	3	2	4	5	3	1	1	1
J1124107	1526.54063873469	1	1	4	1	2012	4	4	2	4	5	3	1	6	2
J1124108	872.371210878651	1	1	4	1	2012	4	4	2	4	5	3	1	1	2
J1124109	1609.8421921143	1	1	4	1	2012	2	2	1	4	5	3	1	8	3
J1124110	1192.40072576671	0	5	4	1	2012	1	1	1	4	5	3	1	3	-9
J1124111	1390.32760445775	0	5	4	1	2012	1	1	1	4	5	3	1	7	-9
J1124112	1295.24562371975	1	1	4	1	2012	1	1	1	4	5	3	1	8	-9
J1124201	1725.36615388386	0	5	4	1	2012	1	1	1	4	5	3	1	3	-9
J1124202	1859.94780904737	1	1	4	1	2012	2	2	1	4	5	3	1	3	3
J1124205	1422.93697977548	1	1	4	1	2012	1	1	1	4	5	3	1	8	-9
J1124206	2390.74233751757	1	1	4	1	2012	4	4	2	4	5	3	1	5	2
J1124207	692.454482007981	1	1	4	1	2012	3	3	2	4	5	3	1	2	1
J1124208	2020.52002743972	0	5	4	1	2012	1	1	1	4	5	3	1	5	-9
J1124209	1701.97893781578	0	5	4	1	2012	1	1	1	4	5	3	1	5	-9
J1124211	1610.70855528918	0	5	4	1	2012	1	1	1	4	5	3	1	9	-9
J1124212	1377.20278561285	1	1	4	1	2012	3	3	2	4	5	3	1	8	1
J1124301	1703.90964971122	1	1	4	2	2012	2	2	1	4	5	3	1	6	4
J1124401	1398.23273107431	0	4	4	2	2012	1	1	1	4	5	3	1	8	-9
J1124403	1660.43792835501	1	1	4	2	2012	1	1	1	4	5	3	1	8	-9
J1124404	1468.16478268613	0	5	4	2	2012	1	1	1	4	5	3	1	7	-9
J1124406	988.299476896138	1	1	4	2	2012	2	2	1	4	5	3	1	3	5
J1124407	1624.82517825117	0	5	4	2	2012	1	1	1	4	5	3	1	2	-9
J1124408	1674.69805820491	1	1	4	2	2012	2	2	1	4	5	3	1	8	5
J1124409	1394.68660054679	0	5	4	2	2012	1	1	1	4	5	3	1	8	-9
J1131106	751.718629355663	0	5	1	4	2011	1	1	1	2	4	1	1	4	-9
J1131107	2483.78407528363	1	1	1	4	2011	1	1	1	2	4	1	1	6	-9
J1131109	1327.94398645763	0	5	1	4	2011	1	1	1	2	4	1	1	2	-9
J1131201	1067.26444416026	1	1	1	4	2011	3	3	2	2	4	1	1	2	1
J1131203	1313.33560591592	1	1	1	4	2011	2	2	1	2	4	1	1	6	4
J1131204	779.578643945441	0	5	1	4	2011	1	1	1	2	4	1	1	1	-9
J1131205	2093.13968349287	1	1	1	4	2011	1	1	1	2	4	1	1	6	-9
J1131302	624.446122709542	0	4	1	5	2011	1	1	1	2	4	1	1	1	-9
J1131303	648.379645949976	1	1	1	5	2011	3	3	2	2	4	1	1	1	1
J1131304	1102.58214570803	0	4	1	5	2011	1	1	1	2	4	1	1	4	-9
J1131305	625.262616615112	0	4	1	5	2011	1	1	1	2	4	1	1	2	-9
J1131306	1437.27899475106	0	4	1	5	2011	2	2	1	2	4	1	1	2	3
J1131307	2412.92399038387	0	4	1	5	2011	2	2	1	2	4	1	1	2	5
J1131309	1230.62421892724	1	1	1	5	2011	1	1	1	2	4	1	1	1	-9
J1131310	797.477760494975	1	1	1	5	2011	3	3	2	2	4	1	1	1	1
J1131401	1404.0349426408	0	4	1	5	2011	2	2	1	2	4	1	1	4	5
J1131403	1573.09008044582	1	1	1	5	2011	1	1	1	2	4	1	1	3	-9
J1131404	1540.01417804643	0	5	1	5	2011	1	1	1	2	4	1	1	6	-9
J1131405	2754.44460410444	1	1	1	5	2011	2	2	1	2	4	1	1	8	3
J1131406	1216.65454653517	1	1	1	5	2011	1	1	1	2	4	1	1	8	-9
J1132101	782.072000618821	0	5	2	7	2011	1	1	1	2	4	1	1	4	-9
J1132105	1832.35500581754	0	5	2	7	2011	1	1	1	2	4	1	1	4	-9
J1132106	2056.21804950337	1	1	2	7	2011	1	1	1	2	4	1	1	6	-9
J1132108	1335.1501923851	0	5	2	7	2011	1	1	1	2	4	1	1	3	-9
J1132201	1453.4853986019	1	1	2	7	2011	3	3	2	2	4	1	1	2	1
J1132202	1383.0673179992	1	1	2	7	2011	3	3	2	2	4	1	1	2	1
J1132204	1562.07731151124	0	5	2	7	2011	1	1	1	2	4	1	1	3	-9
J1132205	1414.30413967546	1	1	2	7	2011	3	3	2	2	4	1	2	2	1
J1132206	902.419241729224	1	1	2	7	2011	2	2	1	2	4	1	2	1	3
J1132207	2104.50273068262	1	1	2	7	2011	1	1	1	2	4	1	2	7	-9
J1132208	1963.58246730828	0	5	2	7	2011	1	1	1	2	4	1	2	2	-9
J1132302	1294.05401049502	0	5	2	8	2011	1	1	1	2	4	1	1	3	-9
J1132303	646.191949205194	1	1	2	8	2011	3	3	2	2	4	1	1	1	1
J1132305	899.932768457321	0	5	2	8	2011	1	1	1	2	4	1	1	1	-9
J1132307	701.061408758242	0	4	2	8	2011	4	4	2	2	4	1	1	1	2
J1132308	1338.40058818221	1	1	2	8	2011	2	2	1	2	4	1	1	1	3
J1132310	948.409971958832	0	4	2	8	2011	1	1	1	2	4	1	1	5	-9
J1132402	1518.66681139332	0	5	2	8	2011	1	1	1	2	4	1	1	2	-9
J1132403	1311.52101240187	0	4	2	8	2011	1	1	1	2	4	1	1	2	-9
J1132404	1181.50320780752	0	5	2	8	2011	1	1	1	2	4	1	1	6	-9
J1132405	1142.86299595843	1	1	2	8	2011	1	1	1	2	4	1	1	7	-9
J1132406	1333.89256885283	0	5	2	8	2011	1	1	1	2	4	1	1	9	-9
J1132409	1830.02540055877	0	4	2	8	2011	1	1	1	2	4	1	1	6	-9
J1133101	1747.64492222073	0	5	3	10	2011	1	1	1	2	4	1	1	2	-9
J1133103	1557.11382498775	0	5	3	10	2011	1	1	1	2	4	1	1	2	-9
J1133104	1132.29278581504	1	1	3	10	2011	3	3	2	2	4	1	1	2	1
J1133106	2860.58189361522	0	5	3	10	2011	1	1	1	2	4	1	1	2	-9
J1133108	1477.36096930845	0	5	3	10	2011	1	1	1	2	4	1	1	5	-9
J1133202	832.972846819575	0	4	3	10	2011	4	4	2	2	4	1	1	3	2
J1133203	2660.38181097658	0	5	3	10	2011	3	3	2	2	4	1	1	5	1
J1133204	2535.43435358804	1	1	3	10	2011	3	3	2	2	4	1	1	1	1
J1133205	3240.73504801478	0	5	3	10	2011	1	1	1	2	4	1	1	4	-9
J1133207	2617.45439522015	0	5	3	10	2011	1	1	1	2	4	1	4	4	-9
J1133208	1501.07275002239	0	5	3	10	2011	1	1	1	2	4	1	1	6	-9
J1133301	1206.10286555842	1	1	3	11	2011	1	1	1	2	4	1	2	1	-9
J1133304	2408.08742029867	0	5	3	11	2011	1	1	1	2	4	1	3	4	-9
J1133305	901.427203094045	0	5	3	11	2011	1	1	1	2	4	1	2	3	-9
J1133306	1355.15095772827	1	1	3	11	2011	1	1	1	2	4	1	1	1	-9
J1133307	1330.31323486242	0	5	3	11	2011	1	1	1	2	4	1	1	1	-9
J1133308	1544.6686970941	1	1	3	11	2011	1	1	1	2	4	1	1	1	-9
J1133309	787.882945827725	0	5	3	11	2011	1	1	1	2	4	1	1	1	-9
J1133401	1103.68961559752	0	4	3	11	2011	1	1	1	2	4	1	1	2	-9
J1133402	648.574082911893	0	4	3	11	2011	4	4	2	2	4	1	1	1	2
J1133410	1905.05369407391	0	5	3	11	2011	1	1	1	2	4	1	1	9	-9
J1134101	1122.48435104953	0	5	4	1	2012	1	1	1	2	4	1	1	8	-9
J1134102	1222.0443931969	0	5	4	1	2012	1	1	1	2	4	1	1	8	-9
J1134103	1310.11540095206	1	1	4	1	2012	1	1	1	2	4	1	1	7	-9
J1134105	1823.17274507951	1	1	4	1	2012	1	1	1	2	4	1	1	7	-9
J1134106	1626.37335742879	0	4	4	1	2012	2	2	1	2	4	1	3	5	5
J1134107	1520.33657860854	0	5	4	1	2012	1	1	1	2	4	1	3	9	-9
J1134201	1381.11025707179	0	4	4	1	2012	2	2	1	2	4	1	2	8	5
J1134202	2517.04934053551	0	4	4	1	2012	2	2	1	2	4	1	2	5	5
J1134204	1079.27294096411	0	5	4	1	2012	1	1	1	2	4	1	1	8	-9
J1134206	616.037629723941	0	4	4	1	2012	3	3	2	2	4	1	1	1	1
J1134301	1140.36400842471	0	4	4	2	2012	1	1	1	2	4	1	3	5	-9
J1134303	1181.50910474752	0	4	4	2	2012	1	1	1	2	4	1	2	8	-9
J1134305	1326.75344874773	1	1	4	2	2012	4	4	2	2	4	1	1	1	2
J1134306	936.448944413221	1	1	4	2	2012	3	3	2	2	4	1	1	2	1
J1134307	1459.11593980314	0	5	4	2	2012	1	1	1	2	4	1	1	8	-9
J1134401	794.782218183677	0	5	4	2	2012	1	1	1	2	4	1	1	1	-9
J1134402	1291.0312234482	0	4	4	2	2012	1	1	1	2	4	1	1	4	-9
J1134403	1520.31831169685	0	5	4	2	2012	1	1	1	2	4	1	1	2	-9
J1134405	2173.31497903541	0	5	4	2	2012	1	1	1	2	4	1	1	2	-9
J1134408	669.993638980556	0	4	4	2	2012	3	3	2	2	4	1	1	1	1
J1141102	666.532628462224	1	1	1	4	2011	4	4	2	2	4	1	1	1	2
J1141103	3325.54743635411	0	5	1	4	2011	1	1	1	2	4	1	1	1	-9
J1141104	2304.91106802198	1	1	1	4	2011	1	1	1	2	4	1	1	7	-9
J1141106	3881.32698098417	0	4	1	4	2011	1	1	1	2	4	1	1	5	-9
J1141107	816.880269860072	0	5	1	4	2011	1	1	1	2	4	1	1	3	-9
J1141108	1638.76461340094	0	4	1	4	2011	1	1	1	2	4	1	1	3	-9
J1141109	1842.79357596701	0	5	1	4	2011	1	1	1	2	4	1	1	4	-9
J1141201	1339.7504914208	0	4	1	4	2011	1	1	1	2	4	1	1	1	-9
J1141203	3081.89294141398	0	4	1	4	2011	1	1	1	2	4	1	1	2	-9
J1141204	2002.29378392573	0	4	1	4	2011	1	1	1	2	4	1	1	2	-9
J1141207	732.748940718834	0	4	1	4	2011	2	2	1	2	4	1	1	1	3
J1141208	1431.37673471094	1	1	1	4	2011	2	2	1	2	4	1	1	1	3
J1141301	1045.09099709243	0	5	1	5	2011	1	1	1	2	4	1	1	1	-9
J1141302	1320.214127257	1	1	1	5	2011	1	1	1	2	4	1	1	3	-9
J1141303	3949.8640781248	1	1	1	5	2011	2	2	1	2	4	1	1	1	3
J1141306	990.243550062619	1	1	1	5	2011	3	3	2	2	4	1	1	1	1
J1141307	1411.87638666023	0	5	1	5	2011	1	1	1	2	4	1	1	1	-9
J1141308	603.280674521113	0	4	1	5	2011	3	3	2	2	4	1	1	1	1
J1141402	1356.6264943613	1	1	1	5	2011	1	1	1	2	4	1	1	9	-9
J1141405	613.249847667602	0	4	1	5	2011	2	2	1	2	4	1	1	5	5
J1141406	1125.87245570257	0	5	1	5	2011	1	1	1	2	4	1	1	5	-9
J1141409	1819.25130807024	0	4	1	5	2011	1	1	1	2	4	1	1	5	-9
J1142104	660.789567853777	0	4	2	7	2011	3	3	2	2	4	1	1	1	1
J1142106	1517.0254314882	1	1	2	7	2011	1	1	1	2	4	1	1	4	-9
J1142107	1353.34987592029	0	5	2	7	2011	1	1	1	2	4	1	1	1	-9
J1142109	836.833743145437	0	4	2	7	2011	3	3	2	2	4	1	1	1	1
J1142201	1210.44692050452	0	5	2	7	2011	1	1	1	2	4	1	1	8	-9
J1142202	707.377152727268	1	1	2	7	2011	1	1	1	2	4	1	1	2	-9
J1142204	1354.97669011398	0	4	2	7	2011	1	1	1	2	4	1	1	4	-9
J1142205	1743.28411140504	1	1	2	7	2011	2	2	1	2	4	1	1	4	3
J1142302	1049.62233169743	0	4	2	8	2011	3	3	2	2	4	1	1	1	1
J1142306	1190.80552226431	0	5	2	8	2011	1	1	1	2	4	1	1	3	-9
J1142307	2016.03199823323	0	4	2	8	2011	1	1	1	2	4	1	1	5	-9
J1142308	672.342312977393	1	1	2	8	2011	3	3	2	2	4	1	2	2	1
J1142309	802.726144474502	0	4	2	8	2011	1	1	1	2	4	1	1	3	-9
J1142405	1221.11505331965	0	4	2	8	2011	1	1	1	2	4	1	2	5	-9
J1142406	992.3554929248	0	5	2	8	2011	1	1	1	2	4	1	2	8	-9
J1142407	1310.11540095206	0	4	2	8	2011	1	1	1	2	4	1	2	9	-9
J1143105	1579.23102160988	0	5	3	10	2011	1	1	1	2	4	1	1	3	-9
J1143106	1207.08870322197	0	4	3	10	2011	1	1	1	2	4	1	1	3	-9
J1143107	838.615793190656	0	4	3	10	2011	4	4	2	2	4	1	1	2	2
J1143108	1168.72918142044	1	1	3	10	2011	3	3	2	2	4	1	1	1	1
J1143201	1358.13968936138	0	5	3	10	2011	1	1	1	2	4	1	1	5	-9
J1143203	1530.2520784704	1	1	3	10	2011	1	1	1	2	4	1	1	1	-9
J1143204	672.618368212912	1	1	3	10	2011	3	3	2	2	4	1	1	2	1
J1143205	3346.86483919504	1	1	3	10	2011	1	1	1	2	4	1	1	3	-9
J1143209	1107.14953565112	0	5	3	10	2011	1	1	1	2	4	1	1	4	-9
J1143301	1583.76816220628	0	4	3	11	2011	1	1	1	2	4	1	3	5	-9
J1143302	704.31088492978	0	5	3	11	2011	3	3	2	2	4	1	2	5	1
J1143303	1357.52921153057	0	4	3	11	2011	1	1	1	2	4	1	1	6	-9
J1143304	1733.454405366	0	5	3	11	2011	1	1	1	2	4	1	1	3	-9
J1143305	917.494828305271	1	1	3	11	2011	3	3	2	2	4	1	1	3	1
J1143306	1720.30955114786	1	1	3	11	2011	3	3	2	2	4	1	1	2	1
J1143401	596.630844852244	1	1	3	11	2011	3	3	2	2	4	1	1	2	1
J1143402	578.117753618854	0	5	3	11	2011	3	3	2	2	4	1	1	2	1
J1143403	839.220879390632	1	1	3	11	2011	3	3	2	2	4	1	1	2	1
J1143405	881.21065523267	0	5	3	11	2011	1	1	1	2	4	1	1	2	-9
J1143406	1132.22356028829	1	1	3	11	2011	1	1	1	2	4	1	1	5	-9
J1143407	860.144254680528	1	1	3	11	2011	3	3	2	2	4	1	1	3	1
J1143408	1197.85846594675	0	5	3	11	2011	1	1	1	2	4	1	1	2	-9
J1143409	1636.51639508928	1	1	3	11	2011	3	3	2	2	4	1	1	2	1
J1144101	714.504319560432	0	5	4	1	2012	1	1	1	2	4	1	1	4	-9
J1144104	1709.79089578433	0	5	4	1	2012	1	1	1	2	4	1	1	7	-9
J1144106	1523.48412113399	0	5	4	1	2012	1	1	1	2	4	1	1	7	-9
J1144202	1472.50161150809	1	1	4	1	2012	1	1	1	2	4	1	1	2	-9
J1144204	802.809581584178	0	5	4	1	2012	3	3	2	2	4	1	1	5	1
J1144206	1784.69068617237	0	4	4	1	2012	3	3	2	2	4	1	2	4	1
J1144207	1910.77672853798	1	1	4	1	2012	3	3	2	2	4	1	2	2	1
J1144208	1154.5530086871	0	5	4	1	2012	1	1	1	2	4	1	2	1	-9
J1144302	659.075596307043	0	5	4	2	2012	1	1	1	2	4	1	1	5	-9
J1144303	1268.79545697923	0	5	4	2	2012	1	1	1	2	4	1	1	7	-9
J1144401	1081.01374332109	1	1	4	2	2012	3	3	2	2	4	1	3	6	1
J1144402	1126.36110887267	0	5	4	2	2012	1	1	1	2	4	1	1	4	-9
J1144403	1194.0554610022	0	5	4	2	2012	1	1	1	2	4	1	1	4	-9
J1144404	2413.010245781	1	1	4	2	2012	2	2	1	2	4	1	1	1	3
J1144405	588.835610297952	1	1	4	2	2012	3	3	2	2	4	1	1	2	1
J1144406	1535.11688853478	0	4	4	2	2012	1	1	1	2	4	1	1	7	-9
J1144407	1533.29932543728	0	5	4	2	2012	1	1	1	2	4	1	1	7	-9
J1144408	668.355077963851	0	5	4	2	2012	1	1	1	2	4	1	1	4	-9
J1151101	1426.87076982249	0	5	1	4	2011	1	1	1	2	4	1	1	6	-9
J1151104	1187.14158828674	1	1	1	4	2011	1	1	1	2	4	1	1	10	-9
J1151106	1657.15750783895	1	1	1	4	2011	1	1	1	2	4	1	1	10	-9
J1151109	1263.60480040103	1	1	1	4	2011	1	1	1	2	4	1	1	9	-9
J1151111	1860.11083802574	1	1	1	4	2011	1	1	1	2	4	1	1	10	-9
J1151115	2827.0567126321	1	1	1	4	2011	1	1	1	2	4	1	1	8	-9
J1151116	845.670547836408	0	5	1	4	2011	1	1	1	2	4	1	1	8	-9
J1151201	2720.39247334815	1	1	1	4	2011	1	1	1	2	4	1	1	5	-9
J1151202	2707.60483932187	0	5	1	4	2011	1	1	1	2	4	1	1	4	-9
J1151203	1069.94131270137	1	1	1	4	2011	1	1	1	2	4	1	1	7	-9
J1151204	839.220879390632	1	1	1	4	2011	3	3	2	2	4	1	1	6	1
J1151205	1244.77206220005	0	5	1	4	2011	1	1	1	2	4	1	1	5	-9
J1151207	726.249509708256	0	5	1	4	2011	1	1	1	2	4	1	1	4	-9
J1151208	1097.30570466587	1	1	1	4	2011	4	4	2	2	4	1	1	3	2
J1151209	1281.83329143416	0	5	1	4	2011	1	1	1	2	4	1	1	5	-9
J1151210	2923.05691892941	1	1	1	4	2011	1	1	1	2	4	1	1	6	-9
J1151211	1454.2600994128	0	5	1	4	2011	1	1	1	2	4	1	1	7	-9
J1151213	619.296603922561	0	4	1	4	2011	3	3	2	2	4	1	1	3	1
J1151215	1670.43683526132	1	1	1	4	2011	1	1	1	2	4	1	1	10	-9
J1151216	1308.83111960567	1	1	1	4	2011	4	4	2	2	4	1	1	7	2
J1151301	993.749862261222	0	5	1	5	2011	1	1	1	2	4	1	1	8	-9
J1151304	1355.6160742366	1	1	1	5	2011	1	1	1	2	4	1	1	9	-9
J1151305	1322.41373195934	1	1	1	5	2011	1	1	1	2	4	1	1	8	-9
J1151309	599.430097131978	1	1	1	5	2011	3	3	2	2	4	1	1	1	1
J1151311	3082.39410381591	0	4	1	5	2011	1	1	1	2	4	1	1	6	-9
J1151312	1887.69937758499	1	1	1	5	2011	3	3	2	2	4	1	1	1	1
J1151316	908.640852220386	0	4	1	5	2011	3	3	2	2	4	1	1	2	1
J1151318	2665.04831571681	0	4	1	5	2011	1	1	1	2	4	1	1	7	-9
J1151319	2257.51356489426	0	5	1	5	2011	1	1	1	2	4	1	1	9	-9
J1151401	1916.20347230066	1	1	1	5	2011	2	2	1	2	4	1	1	1	3
J1151407	504.636719434454	1	1	1	5	2011	3	3	2	2	4	1	1	1	1
J1151408	1223.5898557194	0	4	1	5	2011	2	2	1	2	4	1	1	1	4
J1151410	1094.39949718021	1	1	1	5	2011	3	3	2	2	4	1	1	2	1
J1151411	720.197744640358	1	1	1	5	2011	3	3	2	2	4	1	1	2	1
J1151414	1546.37000498388	0	4	1	5	2011	1	1	1	2	4	1	1	2	-9
J1151415	666.88602083644	1	1	1	5	2011	3	3	2	2	4	1	1	2	1
J1151416	818.054748284857	1	1	1	5	2011	3	3	2	2	4	1	1	1	1
J1151417	1371.68657234645	1	1	1	5	2011	2	2	1	2	4	1	1	1	5
J1151419	1160.04474123816	0	5	1	5	2011	1	1	1	2	4	1	1	1	-9
J1151420	1839.18134002892	0	4	1	5	2011	1	1	1	2	4	1	1	2	-9
J1151421	3233.39526498684	1	1	1	5	2011	1	1	1	2	4	1	1	3	-9
J1151422	752.727295226184	0	4	1	5	2011	3	3	2	2	4	1	1	1	1
J1151423	852.332734378288	1	1	1	5	2011	3	3	2	2	4	1	1	1	1
J1152101	1031.20494494315	0	5	2	7	2011	1	1	1	2	4	1	1	2	-9
J1152103	905.211899049076	0	5	2	7	2011	1	1	1	2	4	1	1	1	-9
J1152104	853.923316009706	1	1	2	7	2011	4	4	2	2	4	1	1	1	2
J1152106	635.622846438701	0	5	2	7	2011	1	1	1	2	4	1	1	1	-9
J1152107	610.062767318952	1	1	2	7	2011	4	4	2	2	4	1	1	2	2
J1152110	529.881282965634	1	1	2	7	2011	3	3	2	2	4	1	1	1	1
J1152111	923.342616594039	1	1	2	7	2011	3	3	2	2	4	1	1	1	1
J1152112	1175.45602746579	0	4	2	7	2011	4	4	2	2	4	1	1	3	2
J1152114	1291.41204085256	0	5	2	7	2011	1	1	1	2	4	1	1	2	-9
J1152115	1674.99675569342	0	5	2	7	2011	1	1	1	2	4	1	1	5	-9
J1152117	1986.10799955645	1	1	2	7	2011	3	3	2	2	4	1	1	3	1
J1152201	1038.57507822984	1	1	2	7	2011	1	1	1	2	4	1	1	1	-9
J1152202	791.54267939313	0	5	2	7	2011	1	1	1	2	4	1	1	1	-9
J1152203	1005.81717307162	0	4	2	7	2011	1	1	1	2	4	1	1	1	-9
J1152205	1154.18961386182	1	1	2	7	2011	1	1	1	2	4	1	1	2	-9
J1152206	780.785532329486	0	4	2	7	2011	3	3	2	2	4	1	1	1	1
J1152209	1833.04526354058	0	5	2	7	2011	1	1	1	2	4	1	1	1	-9
J1152210	1055.77050027862	1	1	2	7	2011	3	3	2	2	4	1	1	1	1
J1152211	1132.64785889317	0	5	2	7	2011	1	1	1	2	4	1	1	1	-9
J1152214	1608.17868793548	0	4	2	7	2011	1	1	1	2	4	1	1	1	-9
J1152215	690.478226205123	1	1	2	7	2011	4	4	2	2	4	1	1	1	2
J1152217	778.763084207279	1	1	2	7	2011	3	3	2	2	4	1	1	1	1
J1152218	1448.19252719189	0	4	2	7	2011	3	3	2	2	4	1	1	1	1
J1152219	2641.88519620985	1	1	2	7	2011	1	1	1	2	4	1	1	4	-9
J1152220	672.300617168799	1	1	2	7	2011	3	3	2	2	4	1	1	2	1
J1152221	634.622351069403	1	1	2	7	2011	3	3	2	2	4	1	1	1	1
J1152222	619.462454077022	1	1	2	7	2011	3	3	2	2	4	1	1	1	1
J1152301	1649.84539493608	0	5	2	8	2011	1	1	1	2	4	1	1	3	-9
J1152302	1579.82728264806	1	1	2	8	2011	1	1	1	2	4	1	1	8	-9
J1152305	1000.65929165106	1	1	2	8	2011	3	3	2	2	4	1	3	8	1
J1152308	615.849613182016	0	4	2	8	2011	3	3	2	2	4	1	1	6	1
J1152309	1312.91193038673	1	1	2	8	2011	1	1	1	2	4	1	1	3	-9
J1152311	770.761951112159	1	1	2	8	2011	3	3	2	2	4	1	1	2	1
J1152312	1192.34222836221	0	5	2	8	2011	1	1	1	2	4	1	1	9	-9
J1152313	1159.35785412782	1	1	2	8	2011	1	1	1	2	4	1	1	7	-9
J1152314	1893.53727600639	1	1	2	8	2011	3	3	2	2	4	1	1	2	1
J1152317	1172.89584747973	0	5	2	8	2011	1	1	1	2	4	1	1	7	-9
J1152402	1957.85773850874	0	5	2	8	2011	1	1	1	2	4	1	3	5	-9
J1152403	870.109610101159	0	4	2	8	2011	3	3	2	2	4	1	2	6	1
J1152404	1398.94075783073	0	5	2	8	2011	1	1	1	2	4	1	1	7	-9
J1152406	1217.86901006448	1	1	2	8	2011	3	3	2	2	4	1	1	4	1
J1152407	1504.94452519208	0	4	2	8	2011	1	1	1	2	4	1	1	6	-9
J1152409	1150.03069696359	0	4	2	8	2011	1	1	1	2	4	1	1	10	-9
J1152410	1099.84003748614	0	5	2	8	2011	1	1	1	2	4	1	1	4	-9
J1152412	1238.00662542297	1	1	2	8	2011	2	2	1	2	4	1	1	2	3
J1152413	1293.49910980853	0	5	2	8	2011	1	1	1	2	4	1	1	5	-9
J1152415	1505.68330736076	0	4	2	8	2011	2	2	1	2	4	1	1	7	3
J1152417	629.650368367403	1	1	2	8	2011	4	4	2	2	4	1	1	7	2
J1153103	683.622288278109	0	4	3	10	2011	3	3	2	2	4	1	1	1	1
J1153104	549.627153419155	0	4	3	10	2011	3	3	2	2	4	1	1	2	1
J1153105	690.374193752376	0	5	3	10	2011	3	3	2	2	4	1	1	1	1
J1153107	797.050552640488	0	5	3	10	2011	1	1	1	2	4	1	1	1	-9
J1153109	734.278015365165	1	1	3	10	2011	3	3	2	2	4	1	1	1	1
J1153110	1924.80793842967	0	5	3	10	2011	1	1	1	2	4	1	1	4	-9
J1153111	1286.22359473158	0	4	3	10	2011	1	1	1	2	4	1	1	1	-9
J1153113	732.686652285737	1	1	3	10	2011	3	3	2	2	4	1	1	1	1
J1153114	2769.71069222822	0	4	3	10	2011	2	2	1	2	4	1	1	2	4
J1153115	648.988800231646	1	1	3	10	2011	4	4	2	2	4	1	1	1	2
J1153116	1142.13174034953	0	4	3	10	2011	2	2	1	2	4	1	1	4	3
J1153118	1446.68809101328	0	5	3	10	2011	1	1	1	2	4	1	1	9	-9
J1153119	4832.73237448137	0	4	3	10	2011	1	1	1	2	4	1	1	2	-9
J1153202	533.554303012907	1	1	3	10	2011	2	2	1	2	4	1	1	4	3
J1153204	764.716192452067	1	1	3	10	2011	2	2	1	2	4	1	1	4	3
J1153206	1065.77158311422	1	1	3	10	2011	2	2	1	2	4	1	1	4	5
J1153207	764.107663235309	1	1	3	10	2011	2	2	1	2	4	1	1	4	3
J1153208	1123.3294591477	0	5	3	10	2011	2	2	1	2	4	1	1	3	3
J1153210	1386.30984753197	0	5	3	10	2011	1	1	1	2	4	1	1	9	-9
J1153211	767.412845967078	1	1	3	10	2011	1	1	1	2	4	1	1	2	-9
J1153212	731.78229809998	0	5	3	10	2011	1	1	1	2	4	1	1	2	-9
J1153217	1537.97031975646	0	5	3	10	2011	1	1	1	2	4	1	1	2	-9
J1153218	903.818480989503	0	5	3	10	2011	2	2	1	2	4	1	1	4	3
J1153219	2337.05315126602	0	4	3	10	2011	3	3	2	2	4	1	1	2	1
J1153220	570.02751787966	1	1	3	10	2011	4	4	2	2	4	1	1	2	2
J1153222	1236.89090772727	0	5	3	10	2011	1	1	1	2	4	1	1	5	-9
J1153223	1874.46062840139	1	1	3	10	2011	2	2	1	2	4	1	1	6	5
J1153303	2090.55635767353	0	5	3	11	2011	1	1	1	2	4	1	1	10	-9
J1153307	1123.21648584403	0	5	3	11	2011	1	1	1	2	4	1	1	10	-9
J1153312	1021.28160279358	0	5	3	11	2011	1	1	1	2	4	1	1	6	-9
J1153313	2036.20777923066	0	5	3	11	2011	1	1	1	2	4	1	1	4	-9
J1153401	1521.25851317962	1	1	3	11	2011	1	1	1	2	4	1	1	9	-9
J1153402	1162.19077508157	0	5	3	11	2011	1	1	1	2	4	1	1	10	-9
J1153403	1176.98366233954	1	1	3	11	2011	1	1	1	2	4	1	1	10	-9
J1153404	1604.0127457811	0	5	3	11	2011	1	1	1	2	4	1	1	10	-9
J1153405	1520.65983467691	0	5	3	11	2011	1	1	1	2	4	1	1	6	-9
J1153407	1247.93325481585	0	5	3	11	2011	1	1	1	2	4	1	1	7	-9
J1153408	1845.80596454189	0	4	3	11	2011	1	1	1	2	4	1	1	10	-9
J1153409	1388.88473865725	0	5	3	11	2011	1	1	1	2	4	1	1	5	-9
J1153410	665.816550958567	1	1	3	11	2011	3	3	2	2	4	1	1	1	1
J1153411	2043.37189695155	1	1	3	11	2011	1	1	1	2	4	1	1	1	-9
J1153413	585.769823595959	1	1	3	11	2011	3	3	2	2	4	1	1	4	1
J1153415	1434.16992004228	0	5	3	11	2011	1	1	1	2	4	1	1	4	-9
J1154101	1673.83067799071	0	5	4	1	2012	1	1	1	2	4	1	1	6	-9
J1154103	1945.09824511917	0	4	4	1	2012	3	3	2	2	4	1	1	3	1
J1154105	1181.77921884004	0	5	4	1	2012	1	1	1	2	4	1	1	8	-9
J1154112	727.563574168228	0	4	4	1	2012	1	1	1	2	4	1	1	1	-9
J1154113	1445.416888457	0	5	4	1	2012	1	1	1	2	4	1	1	6	-9
J1154115	832.603432511544	0	4	4	1	2012	3	3	2	2	4	1	1	4	1
J1154116	851.281364726807	0	5	4	1	2012	3	3	2	2	4	1	1	1	1
J1154202	703.478110786876	1	1	4	1	2012	3	3	2	2	4	1	1	6	1
J1154203	1405.79520882286	0	4	4	1	2012	1	1	1	2	4	1	1	5	-9
J1154204	1992.54770918595	0	5	4	1	2012	1	1	1	2	4	1	1	1	-9
J1154206	778.832752973318	1	1	4	1	2012	3	3	2	2	4	1	1	1	1
J1154207	2790.02854195256	1	1	4	1	2012	2	2	1	2	4	1	1	3	3
J1154208	3575.43501564018	0	4	4	1	2012	3	3	2	2	4	1	1	1	1
J1154211	1416.98963743686	1	1	4	1	2012	1	1	1	2	4	1	1	5	-9
J1154213	1408.67821196646	1	1	4	1	2012	1	1	1	2	4	1	1	7	-9
J1154214	1802.67914287289	0	5	4	1	2012	1	1	1	2	4	1	1	7	-9
J1154215	1484.95554594475	0	5	4	1	2012	1	1	1	2	4	1	1	6	-9
J1154301	1060.85098104358	1	1	4	2	2012	2	2	1	2	4	1	1	3	5
J1154302	1543.45329484759	0	5	4	2	2012	1	1	1	2	4	1	1	6	-9
J1154306	989.225586557851	1	1	4	2	2012	1	1	1	2	4	1	1	6	-9
J1154311	2600.11994286443	0	4	4	2	2012	1	1	1	2	4	1	1	1	-9
J1154316	1476.76855895039	1	1	4	2	2012	1	1	1	2	4	1	1	7	-9
J1154317	1766.30401652158	0	5	4	2	2012	1	1	1	2	4	1	1	6	-9
J1154401	1577.91312618121	1	1	4	2	2012	1	1	1	2	4	1	1	3	-9
J1154405	793.995862322374	0	5	4	2	2012	1	1	1	2	4	1	1	1	-9
J1154407	583.072369353124	0	4	4	2	2012	4	4	2	2	4	1	1	2	2
J1154408	1103.93230653623	0	4	4	2	2012	3	3	2	2	4	1	1	1	1
J1154410	855.462237953066	0	4	4	2	2012	3	3	2	2	4	1	1	1	1
J1154413	1014.0372736956	0	5	4	2	2012	2	2	1	2	4	1	1	1	3
J1154414	1265.56052373493	0	4	4	2	2012	1	1	1	2	4	1	1	2	-9
J1154415	787.087646346129	0	5	4	2	2012	1	1	1	2	4	1	1	1	-9
J1154416	872.569421848938	0	4	4	2	2012	3	3	2	2	4	1	1	1	1
J1154417	1956.37054975367	1	1	4	2	2012	3	3	2	2	4	1	1	1	1
J1154418	818.490640209648	0	4	4	2	2012	4	4	2	2	4	1	1	1	2
J1154419	992.331635634025	1	1	4	2	2012	1	1	1	2	4	1	1	1	-9
J1154421	671.399780200728	1	1	4	2	2012	4	4	2	2	4	1	1	1	2
J1154422	745.356338204871	0	5	4	2	2012	1	1	1	2	4	1	1	1	-9
J1161101	1425.68223799418	1	1	1	4	2011	1	1	1	2	4	1	1	2	-9
J1161102	1164.60636639761	0	5	1	4	2011	1	1	1	2	4	1	1	5	-9
J1161103	1570.14946182891	0	4	1	4	2011	1	1	1	2	4	1	1	3	-9
J1161106	641.17843688973	1	1	1	4	2011	3	3	2	2	4	1	1	3	1
J1161107	1661.23943226732	0	4	1	4	2011	2	2	1	2	4	1	1	6	3
J1161202	1046.03872619519	1	1	1	4	2011	1	1	1	2	4	1	2	1	-9
J1161204	960.489279341093	0	4	1	4	2011	2	2	1	2	4	1	2	1	3
J1161301	1329.56393073105	0	5	1	5	2011	1	1	1	2	4	1	1	5	-9
J1161302	2093.80229217445	1	1	1	5	2011	1	1	1	2	4	1	1	6	-9
J1161303	1284.6260980135	1	1	1	5	2011	3	3	2	2	4	1	1	2	1
J1161304	2686.89374867227	0	4	1	5	2011	1	1	1	2	4	1	1	3	-9
J1161305	1384.95736305843	0	5	1	5	2011	1	1	1	2	4	1	1	5	-9
J1161307	2544.37627347118	0	5	1	5	2011	1	1	1	2	4	1	1	5	-9
J1161308	2140.05489917726	1	1	1	5	2011	1	1	1	2	4	1	1	3	-9
J1161401	2050.60448339003	1	1	1	5	2011	2	2	1	2	4	1	2	1	3
J1161402	1246.79151398215	0	5	1	5	2011	1	1	1	2	4	1	1	4	-9
J1161403	1382.93237319911	1	1	1	5	2011	1	1	1	2	4	1	1	5	-9
J1161404	2153.39162066524	1	1	1	5	2011	2	2	1	2	4	1	1	5	3
J1162101	1243.92130728032	1	1	2	7	2011	1	1	1	2	4	1	1	6	-9
J1162102	1301.25591167043	0	5	2	7	2011	1	1	1	2	4	1	1	5	-9
J1162103	1367.15378760565	1	1	2	7	2011	1	1	1	2	4	1	1	8	-9
J1162104	1683.02400313173	0	5	2	7	2011	1	1	1	2	4	1	1	6	-9
J1162106	1476.39944474037	0	5	2	7	2011	1	1	1	2	4	1	1	8	-9
J1162202	1702.31238099675	1	1	2	7	2011	1	1	1	2	4	1	1	3	-9
J1162203	1351.88689361714	0	5	2	7	2011	1	1	1	2	4	1	1	6	-9
J1162204	868.348314059441	1	1	2	7	2011	4	4	2	2	4	1	1	2	2
J1162205	1212.15627717564	0	5	2	7	2011	1	1	1	2	4	1	1	4	-9
J1162301	1615.27607819856	1	1	2	8	2011	1	1	1	2	4	1	1	2	-9
J1162302	981.386549215432	1	1	2	8	2011	2	2	1	2	4	1	1	2	5
J1162303	975.747084998313	1	1	2	8	2011	3	3	2	2	4	1	1	1	1
J1162304	1776.13682029912	1	1	2	8	2011	1	1	1	2	4	1	1	4	-9
J1162307	834.567803619165	1	1	2	8	2011	3	3	2	2	4	1	1	1	1
J1162309	1792.19176156144	1	1	2	8	2011	3	3	2	2	4	1	1	1	1
J1162402	2265.43157549882	1	1	2	8	2011	4	4	2	2	4	1	1	3	2
J1162403	2307.76702301217	0	4	2	8	2011	2	2	1	2	4	1	1	1	5
J1162404	1955.11995997468	1	1	2	8	2011	2	2	1	2	4	1	1	6	5
J1162406	1201.831517859	0	4	2	8	2011	2	2	1	2	4	1	1	2	3
J1162407	1224.94021744061	1	1	2	8	2011	1	1	1	2	4	1	1	3	-9
J1162408	1319.11104783198	0	5	2	8	2011	1	1	1	2	4	1	1	6	-9
J1163101	647.862587672294	1	1	3	10	2011	3	3	2	2	4	1	2	4	1
J1163102	839.889228170515	0	5	3	10	2011	4	4	2	2	4	1	2	4	2
J1163104	1277.11950122795	0	5	3	10	2011	1	1	1	2	4	1	3	5	-9
J1163105	1328.66147837344	0	5	3	10	2011	1	1	1	2	4	1	3	8	-9
J1163106	1420.85519281834	1	1	3	10	2011	1	1	1	2	4	1	3	7	-9
J1163107	1458.07962524471	0	5	3	10	2011	1	1	1	2	4	1	2	9	-9
J1163203	1228.4819184835	1	1	3	10	2011	4	4	2	2	4	1	2	6	2
J1163204	2452.56793706699	1	1	3	10	2011	1	1	1	2	4	1	1	4	-9
J1163206	1227.01398902809	1	1	3	10	2011	3	3	2	2	4	1	3	6	1
J1163207	1742.15486948288	0	5	3	10	2011	1	1	1	2	4	1	3	7	-9
J1163301	774.894923997618	1	1	3	11	2011	1	1	1	2	4	1	1	3	-9
J1163302	1283.77389456183	1	1	3	11	2011	2	2	1	2	4	1	1	2	3
J1163303	1262.21719664549	0	5	3	11	2011	1	1	1	2	4	1	1	3	-9
J1163306	642.274032566199	1	1	3	11	2011	1	1	1	2	4	1	1	3	-9
J1163402	1187.33198396529	0	4	3	11	2011	1	1	1	2	4	1	1	9	-9
J1163403	1802.71707519974	0	4	3	11	2011	2	2	1	2	4	1	1	7	3
J1163404	1483.06812789225	0	4	3	11	2011	1	1	1	2	4	1	1	9	-9
J1163405	576.673656381658	1	1	3	11	2011	3	3	2	2	4	1	1	7	1
J1163407	1263.60590453011	0	4	3	11	2011	1	1	1	2	4	1	3	8	-9
J1164105	1409.15709272055	0	5	4	1	2012	1	1	1	2	4	1	1	1	-9
J1164106	630.207305835511	1	1	4	1	2012	3	3	2	2	4	1	1	1	1
J1164107	709.991482922037	0	4	4	1	2012	4	4	2	2	4	1	1	1	2
J1164201	509.276250792416	1	1	4	1	2012	1	1	1	2	4	1	1	1	-9
J1164202	1533.22665515017	0	5	4	1	2012	1	1	1	2	4	1	1	1	-9
J1164203	632.414086179841	1	1	4	1	2012	3	3	2	2	4	1	1	1	1
J1164204	1273.2799186777	1	1	4	1	2012	1	1	1	2	4	1	1	6	-9
J1164205	784.321224559934	1	1	4	1	2012	4	4	2	2	4	1	1	2	2
J1164207	681.275031112424	1	1	4	1	2012	3	3	2	2	4	1	1	1	1
J1164208	654.664796166269	0	5	4	1	2012	1	1	1	2	4	1	1	3	-9
J1164209	724.790148536177	1	1	4	1	2012	4	4	2	2	4	1	1	2	2
J1164301	1369.6878425537	0	5	4	2	2012	1	1	1	2	4	1	1	7	-9
J1164302	1629.76248737014	1	1	4	2	2012	1	1	1	2	4	1	1	7	-9
J1164303	864.290102925822	1	1	4	2	2012	3	3	2	2	4	1	1	2	1
J1164306	1449.72866264612	0	5	4	2	2012	1	1	1	2	4	1	1	2	-9
J1164307	516.072963303524	1	1	4	2	2012	3	3	2	2	4	1	1	2	1
J1164308	686.808750294872	0	5	4	2	2012	1	1	1	2	4	1	1	2	-9
J1164401	1251.61672142588	0	5	4	2	2012	1	1	1	2	4	1	1	5	-9
J1164402	1013.27382076434	0	5	4	2	2012	3	3	2	2	4	1	1	3	1
J1164403	667.995575239499	1	1	4	2	2012	3	3	2	2	4	1	1	6	1
J1164405	628.77345032557	1	1	4	2	2012	3	3	2	2	4	1	1	2	1
J1164407	1947.78164463462	0	4	4	2	2012	2	2	1	2	4	1	1	6	3
J1164408	1168.54905063652	0	4	4	2	2012	1	1	1	2	4	1	1	6	-9
J1171101	1315.94893777898	0	5	1	4	2011	1	1	1	2	4	1	1	10	-9
J1171103	1302.74661417021	0	5	1	4	2011	1	1	1	2	4	1	2	7	-9
J1171104	624.282653886502	1	1	1	4	2011	4	4	2	2	4	1	1	3	2
J1171105	1400.96813954243	0	5	1	4	2011	1	1	1	2	4	1	4	9	-9
J1171106	1528.34869965531	0	4	1	4	2011	1	1	1	2	4	1	1	3	-9
J1171107	2350.84095434889	0	4	1	4	2011	4	4	2	2	4	1	1	3	2
J1171201	1441.90413791064	1	1	1	4	2011	1	1	1	2	4	1	2	4	-9
J1171202	907.345621619872	1	1	1	4	2011	4	4	2	2	4	1	2	2	2
J1171203	3335.19417788481	1	1	1	4	2011	1	1	1	2	4	1	2	5	-9
J1171204	1277.78578776694	0	5	1	4	2011	1	1	1	2	4	1	2	2	-9
J1171205	1043.83299401323	1	1	1	4	2011	1	1	1	2	4	1	2	2	-9
J1171207	1431.13080042774	1	1	1	4	2011	4	4	2	2	4	1	2	2	2
J1171208	614.702204342239	0	5	1	4	2011	1	1	1	2	4	1	3	1	-9
J1171209	880.627316325502	0	4	1	4	2011	4	4	2	2	4	1	2	1	2
J1171301	657.684431695943	0	4	1	5	2011	4	4	2	2	4	1	3	2	2
J1171302	1549.83576062013	1	1	1	5	2011	1	1	1	2	4	1	2	8	-9
J1171304	1305.85800602118	0	4	1	5	2011	1	1	1	2	4	1	2	5	-9
J1171305	661.007644477697	0	4	1	5	2011	4	4	2	2	4	1	1	1	2
J1171306	2237.49104462389	0	4	1	5	2011	1	1	1	2	4	1	1	1	-9
J1171308	1592.38087266878	0	5	1	5	2011	1	1	1	2	4	1	3	3	-9
J1171310	1588.86760112487	0	5	1	5	2011	1	1	1	2	4	1	4	6	-9
J1171401	1662.15418719653	1	1	1	5	2011	4	4	2	2	4	1	1	1	2
J1171402	1160.33697621304	0	5	1	5	2011	1	1	1	2	4	1	1	3	-9
J1171403	955.509566621192	0	4	1	5	2011	1	1	1	2	4	1	1	2	-9
J1171404	698.104057152957	1	1	1	5	2011	2	2	1	2	4	1	1	1	3
J1171405	797.140027871485	1	1	1	5	2011	4	4	2	2	4	1	1	5	2
J1171407	659.193991317441	1	1	1	5	2011	4	4	2	2	4	1	1	2	2
J1171408	608.926985789322	1	1	1	5	2011	4	4	2	2	4	1	1	1	2
J1171409	660.040443665922	0	5	1	5	2011	1	1	1	2	4	1	1	1	-9
J1171410	692.32345759626	0	4	1	5	2011	4	4	2	2	4	1	1	3	2
J1171411	845.318177776131	1	1	1	5	2011	2	2	1	2	4	1	1	8	3
J1172101	505.65833374584	1	1	2	7	2011	4	4	2	2	4	1	1	2	2
J1172103	1206.0898621968	1	1	2	7	2011	4	4	2	2	4	1	1	1	2
J1172105	725.727432464661	1	1	2	7	2011	1	1	1	2	4	1	1	3	-9
J1172106	1369.53314587134	0	5	2	7	2011	1	1	1	2	4	1	1	3	-9
J1172108	586.227345691637	1	1	2	7	2011	4	4	2	2	4	1	1	2	2
J1172109	2737.48087407396	1	1	2	7	2011	1	1	1	2	4	1	1	4	-9
J1172201	1601.17424541836	1	1	2	7	2011	1	1	1	2	4	1	1	2	-9
J1172204	1140.91450796392	0	5	2	7	2011	1	1	1	2	4	1	1	4	-9
J1172206	726.261591479178	1	1	2	7	2011	1	1	1	2	4	1	1	2	-9
J1172207	809.481711682862	1	1	2	7	2011	4	4	2	2	4	1	1	2	2
J1172208	1370.03990407074	1	1	2	7	2011	1	1	1	2	4	1	3	7	-9
J1172209	2172.18137071744	0	5	2	7	2011	1	1	1	2	4	1	3	7	-9
J1172210	1686.94909720846	1	1	2	7	2011	1	1	1	2	4	1	1	9	-9
J1172301	1363.6950095351	1	1	2	8	2011	1	1	1	2	4	1	1	4	-9
J1172303	639.736329422902	1	1	2	8	2011	4	4	2	2	4	1	1	1	2
J1172306	926.920482043124	1	1	2	8	2011	4	4	2	2	4	1	1	4	2
J1172307	714.842154641921	0	5	2	8	2011	1	1	1	2	4	1	1	1	-9
J1172308	2153.48328535696	1	1	2	8	2011	4	4	2	2	4	1	1	1	2
J1172309	2458.23337870389	1	1	2	8	2011	2	2	1	2	4	1	2	5	3
J1172310	1822.51040547078	1	1	2	8	2011	1	1	1	2	4	1	2	2	-9
J1172401	795.401429612823	0	5	2	8	2011	1	1	1	2	4	1	1	1	-9
J1172402	2536.82769606318	1	1	2	8	2011	1	1	1	2	4	1	2	4	-9
J1172403	1446.9944353474	0	5	2	8	2011	1	1	1	2	4	1	1	5	-9
J1172404	1278.67923320748	1	1	2	8	2011	1	1	1	2	4	1	1	2	-9
J1172405	1176.10054740985	0	5	2	8	2011	1	1	1	2	4	1	1	2	-9
J1172406	741.971803681787	1	1	2	8	2011	4	4	2	2	4	1	1	3	2
J1172407	633.720541370992	1	1	2	8	2011	1	1	1	2	4	1	1	2	-9
J1172408	1129.3000044305	0	5	2	8	2011	1	1	1	2	4	1	1	4	-9
J1172409	1481.98495910883	1	1	2	8	2011	2	2	1	2	4	1	1	4	3
J1172410	770.868975876559	0	5	2	8	2011	1	1	1	2	4	1	1	1	-9
J1172411	1220.83770696664	1	1	2	8	2011	4	4	2	2	4	1	1	3	2
J1172412	1037.4878539061	0	5	2	8	2011	1	1	1	2	4	1	1	2	-9
J1172413	1224.51234615853	1	1	2	8	2011	1	1	1	2	4	1	1	2	-9
J1173101	1577.43302916749	0	5	3	10	2011	2	2	1	2	4	1	4	8	3
J1173102	985.409779303856	0	4	3	10	2011	1	1	1	2	4	1	2	6	-9
J1173104	1247.67276936877	1	1	3	10	2011	1	1	1	2	4	1	2	5	-9
J1173105	1321.4902939811	0	5	3	10	2011	1	1	1	2	4	1	1	8	-9
J1173106	1561.86996223874	1	1	3	10	2011	2	2	1	2	4	1	1	5	4
J1173107	1956.57345018145	1	1	3	10	2011	1	1	1	2	4	1	3	8	-9
J1173108	784.237031746399	0	5	3	10	2011	1	1	1	2	4	1	1	4	-9
J1173109	1552.52653510331	1	1	3	10	2011	1	1	1	2	4	1	1	8	-9
J1173203	819.035524063967	0	4	3	10	2011	4	4	2	2	4	1	1	4	2
J1173204	1569.73319577722	0	5	3	10	2011	1	1	1	2	4	1	1	8	-9
J1173205	2568.47124336825	1	1	3	10	2011	1	1	1	2	4	1	1	9	-9
J1173207	1464.33614350561	0	5	3	10	2011	1	1	1	2	4	1	1	6	-9
J1173208	3158.86711792485	1	1	3	10	2011	1	1	1	2	4	1	1	8	-9
J1173209	786.695729890751	1	1	3	10	2011	4	4	2	2	4	1	1	3	2
J1173210	683.663295441702	1	1	3	10	2011	4	4	2	2	4	1	1	3	2
J1173301	592.370118830372	0	5	3	11	2011	4	4	2	2	4	1	1	5	2
J1173303	1279.55855980768	0	5	3	11	2011	1	1	1	2	4	1	1	5	-9
J1173304	1598.17905139902	0	4	3	11	2011	4	4	2	2	4	1	1	8	2
J1173305	698.420770385941	1	1	3	11	2011	1	1	1	2	4	1	1	4	-9
J1173306	630.346814774486	1	1	3	11	2011	4	4	2	2	4	1	1	1	2
J1173307	1166.95273549349	1	1	3	11	2011	1	1	1	2	4	1	1	3	-9
J1173308	670.59824050268	0	5	3	11	2011	4	4	2	2	4	1	1	1	2
J1173309	1316.65430550534	0	5	3	11	2011	1	1	1	2	4	1	1	5	-9
J1173310	1581.55206256186	1	1	3	11	2011	1	1	1	2	4	1	1	2	-9
J1173312	752.683794675688	1	1	3	11	2011	1	1	1	2	4	1	1	5	-9
J1173401	3433.60655989711	0	5	3	11	2011	1	1	1	2	4	1	1	4	-9
J1173402	842.289788005899	0	5	3	11	2011	4	4	2	2	4	1	1	1	2
J1173403	1579.574999262	1	1	3	11	2011	1	1	1	2	4	1	1	4	-9
J1173404	678.092670995821	1	1	3	11	2011	4	4	2	2	4	1	1	1	2
J1173405	903.918915626485	0	4	3	11	2011	4	4	2	2	4	1	1	3	2
J1173406	1356.40176676877	1	1	3	11	2011	4	4	2	2	4	1	1	7	2
J1173407	1381.9062544133	0	5	3	11	2011	1	1	1	2	4	1	1	6	-9
J1173410	1007.52707259249	1	1	3	11	2011	4	4	2	2	4	1	1	1	2
J1173411	2214.05692146541	0	5	3	11	2011	1	1	1	2	4	1	1	9	-9
J1173412	2731.68741854217	1	1	3	11	2011	4	4	2	2	4	1	1	4	2
J1174101	1114.01795468954	0	5	4	1	2012	1	1	1	2	4	1	1	8	-9
J1174102	2024.11378334977	1	1	4	1	2012	1	1	1	2	4	1	1	4	-9
J1174103	1545.79098445029	0	5	4	1	2012	1	1	1	2	4	1	1	4	-9
J1174104	2730.47660472627	1	1	4	1	2012	2	2	1	2	4	1	1	6	3
J1174106	819.640431063096	0	5	4	1	2012	1	1	1	2	4	1	1	4	-9
J1174110	1317.7077759757	1	1	4	1	2012	1	1	1	2	4	1	1	9	-9
J1174202	9406.89887561229	0	4	4	1	2012	2	2	1	2	4	1	1	4	5
J1174203	4235.22061320129	0	5	4	1	2012	1	1	1	2	4	1	1	1	-9
J1174204	938.396138822562	1	1	4	1	2012	1	1	1	2	4	1	1	9	-9
J1174205	1261.58538274699	0	5	4	1	2012	1	1	1	2	4	1	1	6	-9
J1174206	1615.9316331869	1	1	4	1	2012	2	2	1	2	4	1	2	8	3
J1174208	1914.6184872608	0	5	4	1	2012	1	1	1	2	4	1	2	10	-9
J1174301	648.379645949976	1	1	4	2	2012	4	4	2	2	4	1	1	1	2
J1174303	1234.89320749089	0	5	4	2	2012	1	1	1	2	4	1	1	3	-9
J1174304	971.227671923149	0	5	4	2	2012	4	4	2	2	4	1	1	1	2
J1174305	2005.03017711507	0	4	4	2	2012	1	1	1	2	4	1	1	3	-9
J1174307	3451.94750895688	0	4	4	2	2012	2	2	1	2	4	1	1	1	3
J1174308	1393.17892956445	0	5	4	2	2012	1	1	1	2	4	1	1	4	-9
J1174309	3107.2230956457	1	1	4	2	2012	4	4	2	2	4	1	1	1	2
J1174310	1174.74079460916	0	4	4	2	2012	1	1	1	2	4	1	1	2	-9
J1174311	1229.11876471253	0	5	4	2	2012	1	1	1	2	4	1	2	5	-9
J1174401	1019.25473927807	1	1	4	2	2012	4	4	2	2	4	1	1	1	2
J1174403	2029.55853161218	0	5	4	2	2012	1	1	1	2	4	1	1	2	-9
J1174404	778.278797480368	1	1	4	2	2012	4	4	2	2	4	1	1	1	2
J1174405	1297.60334181253	1	1	4	2	2012	2	2	1	2	4	1	1	7	3
J1174406	1170.29163458761	1	1	4	2	2012	1	1	1	2	4	1	1	2	-9
J1174409	1555.49244310683	1	1	4	2	2012	1	1	1	2	4	1	1	6	-9
J1174410	1646.84457181961	0	5	4	2	2012	1	1	1	2	4	1	1	6	-9
J1174411	1298.41258338812	1	1	4	2	2012	1	1	1	2	4	1	1	3	-9
J1181103	1624.86307539474	0	4	1	4	2011	1	1	1	2	4	1	1	8	-9
J1181104	1160.80236312478	0	5	1	4	2011	1	1	1	2	4	1	1	10	-9
J1181105	1769.03405639936	1	1	1	4	2011	1	1	1	2	4	1	1	8	-9
J1181107	704.288056374494	1	1	1	4	2011	3	3	2	2	4	1	1	5	1
J1181108	740.551941132637	1	1	1	4	2011	4	4	2	2	4	1	1	3	2
J1181109	1092.52060527124	1	1	1	4	2011	1	1	1	2	4	1	1	10	-9
J1181110	1056.5432038095	0	5	1	4	2011	1	1	1	2	4	1	1	10	-9
J1181112	1634.99535701842	0	4	1	4	2011	1	1	1	2	4	1	1	9	-9
J1181113	1291.785015012	0	5	1	4	2011	1	1	1	2	4	1	1	4	-9
J1181201	2349.20662652239	1	1	1	4	2011	1	1	1	2	4	1	1	9	-9
J1181202	1180.5758508898	0	5	1	4	2011	1	1	1	2	4	1	1	9	-9
J1181205	1186.52510791072	0	4	1	4	2011	1	1	1	2	4	1	3	10	-9
J1181206	2310.27023418253	0	5	1	4	2011	1	1	1	2	4	1	1	10	-9
J1181207	1706.31077092693	1	1	1	4	2011	1	1	1	2	4	1	1	9	-9
J1181209	3060.4762731984	1	1	1	4	2011	1	1	1	2	4	1	1	10	-9
J1181210	1542.22507915935	1	1	1	4	2011	1	1	1	2	4	1	1	9	-9
J1181212	1342.21642531287	1	1	1	4	2011	1	1	1	2	4	1	1	8	-9
J1181213	1403.35213893111	0	5	1	4	2011	1	1	1	2	4	1	1	6	-9
J1181301	679.683231955583	1	1	1	5	2011	3	3	2	2	4	1	1	1	1
J1181302	1504.39810609315	1	1	1	5	2011	4	4	2	2	4	1	1	1	2
J1181303	1016.47246246654	0	4	1	5	2011	1	1	1	2	4	1	1	7	-9
J1181304	673.645785484555	1	1	1	5	2011	3	3	2	2	4	1	1	2	1
J1181307	1337.43175349747	1	1	1	5	2011	2	2	1	2	4	1	1	8	5
J1181309	1443.08108194819	0	5	1	5	2011	1	1	1	2	4	1	1	8	-9
J1181310	1617.85380953129	1	1	1	5	2011	2	2	1	2	4	1	1	7	5
J1181311	1350.10016015105	0	5	1	5	2011	1	1	1	2	4	1	1	9	-9
J1181401	1439.02993499145	1	1	1	5	2011	1	1	1	2	4	1	3	8	-9
J1181402	1295.19727703881	0	5	1	5	2011	1	1	1	2	4	1	3	10	-9
J1181403	1683.66137259372	1	1	1	5	2011	1	1	1	2	4	1	3	7	-9
J1181404	1142.86299595843	0	5	1	5	2011	1	1	1	2	4	1	1	10	-9
J1181405	1280.00906803581	1	1	1	5	2011	1	1	1	2	4	1	2	6	-9
J1181406	1435.1060348415	1	1	1	5	2011	1	1	1	2	4	1	1	4	-9
J1181410	1219.40066057171	1	1	1	5	2011	1	1	1	2	4	1	1	6	-9
J1181412	1199.51723813958	1	1	1	5	2011	3	3	2	2	4	1	2	7	1
J1181413	1418.12079064918	0	5	1	5	2011	1	1	1	2	4	1	3	6	-9
J1182101	966.927487890681	1	1	2	7	2011	4	4	2	2	4	1	1	2	2
J1182104	614.664111353126	1	1	2	7	2011	3	3	2	2	4	1	1	1	1
J1182105	598.253580945343	1	1	2	7	2011	3	3	2	2	4	1	1	1	1
J1182106	581.349985678162	1	1	2	7	2011	3	3	2	2	4	1	1	1	1
J1182107	1001.77388121732	0	5	2	7	2011	1	1	1	2	4	1	1	2	-9
J1182110	890.258854349484	0	4	2	7	2011	2	2	1	2	4	1	1	1	4
J1182111	936.516962883871	0	5	2	7	2011	1	1	1	2	4	1	1	1	-9
J1182112	1179.91005945751	1	1	2	7	2011	3	3	2	2	4	1	1	1	1
J1182113	1074.95057531295	1	1	2	7	2011	3	3	2	2	4	1	1	1	1
J1182114	1273.85276150737	0	5	2	7	2011	1	1	1	2	4	1	1	1	-9
J1182115	1624.84465282163	1	1	2	7	2011	2	2	1	2	4	1	1	1	5
J1182116	604.893857437729	1	1	2	7	2011	3	3	2	2	4	1	1	1	1
J1182117	2370.38282384579	1	1	2	7	2011	3	3	2	2	4	1	1	1	1
J1182118	770.495396047868	1	1	2	7	2011	3	3	2	2	4	1	1	1	1
J1182119	884.170289565589	1	1	2	7	2011	1	1	1	2	4	1	1	1	-9
J1182120	765.762469725475	0	4	2	7	2011	3	3	2	2	4	1	1	1	1
J1182202	839.220879390632	0	4	2	7	2011	3	3	2	2	4	1	1	1	1
J1182203	729.444111091439	1	1	2	7	2011	3	3	2	2	4	1	1	1	1
J1182204	603.769081935958	1	1	2	7	2011	3	3	2	2	4	1	1	1	1
J1182205	2107.89105604183	1	1	2	7	2011	1	1	1	2	4	1	1	7	-9
J1182210	2128.3659743477	1	1	2	7	2011	3	3	2	2	4	1	1	1	1
J1182211	807.537270275824	1	1	2	7	2011	3	3	2	2	4	1	1	1	1
J1182213	1280.18190539006	0	5	2	7	2011	1	1	1	2	4	1	1	7	-9
J1182214	744.295807969244	1	1	2	7	2011	4	4	2	2	4	1	1	4	2
J1182215	1535.36042522581	1	1	2	7	2011	2	2	1	2	4	1	1	7	3
J1182216	589.395085810102	1	1	2	7	2011	3	3	2	2	4	1	1	2	1
J1182217	946.530949560881	1	1	2	7	2011	3	3	2	2	4	1	1	1	1
J1182218	1161.49653783105	1	1	2	7	2011	3	3	2	2	4	1	1	1	1
J1182219	790.556143864247	1	1	2	7	2011	3	3	2	2	4	1	1	1	1
J1182220	2021.15145821074	1	1	2	7	2011	3	3	2	2	4	1	1	1	1
J1182301	732.830742789578	1	1	2	8	2011	3	3	2	2	4	1	1	1	1
J1182302	1887.89171602993	0	5	2	8	2011	1	1	1	2	4	1	1	1	-9
J1182305	807.247651802769	1	1	2	8	2011	4	4	2	2	4	1	1	1	2
J1182306	2301.47885259631	0	5	2	8	2011	1	1	1	2	4	1	1	8	-9
J1182308	1703.23637675284	0	5	2	8	2011	1	1	1	2	4	1	1	6	-9
J1182311	1283.6619603483	0	4	2	8	2011	2	2	1	2	4	1	1	1	3
J1182401	883.074154573374	0	5	2	8	2011	1	1	1	2	4	1	1	3	-9
J1182402	1829.18308003054	1	1	2	8	2011	2	2	1	2	4	1	1	3	3
J1182404	1769.61959933762	1	1	2	8	2011	2	2	1	2	4	1	1	5	3
J1182405	1033.76957042143	1	1	2	8	2011	2	2	1	2	4	1	1	7	3
J1182407	1786.73526360095	0	4	2	8	2011	2	2	1	2	4	1	1	5	5
J1182408	575.362620973775	1	1	2	8	2011	3	3	2	2	4	1	1	3	1
J1182410	797.764280799983	0	5	2	8	2011	1	1	1	2	4	1	1	5	-9
J1182411	1301.08449747798	0	5	2	8	2011	1	1	1	2	4	1	1	7	-9
J1182412	1206.92984083524	0	4	2	8	2011	2	2	1	2	4	1	1	3	5
J1182413	638.314210447776	1	1	2	8	2011	3	3	2	2	4	1	1	2	1
J1182415	672.747552136239	1	1	2	8	2011	3	3	2	2	4	1	1	2	1
J1182416	705.254942199727	1	1	2	8	2011	2	2	1	2	4	1	1	6	3
J1182418	1264.04896235425	0	4	2	8	2011	1	1	1	2	4	1	1	7	-9
J1182420	1090.63518855392	0	5	2	8	2011	2	2	1	2	4	1	1	1	5
J1182421	721.840876259595	0	4	2	8	2011	3	3	2	2	4	1	1	3	1
J1183101	1130.87376482856	0	5	3	10	2011	1	1	1	2	4	1	1	5	-9
J1183102	1691.96121347908	0	5	3	10	2011	2	2	1	2	4	1	1	8	3
J1183103	809.481711682862	1	1	3	10	2011	4	4	2	2	4	1	1	1	2
J1183104	1359.41846996533	0	5	3	10	2011	1	1	1	2	4	1	1	9	-9
J1183106	1285.67399098935	0	5	3	10	2011	1	1	1	2	4	1	1	5	-9
J1183108	857.833674386991	0	4	3	10	2011	1	1	1	2	4	1	1	1	-9
J1183111	1548.89405717859	0	5	3	10	2011	1	1	1	2	4	1	1	4	-9
J1183112	1478.52848226674	0	5	3	10	2011	1	1	1	2	4	1	1	7	-9
J1183113	1522.52968846609	1	1	3	10	2011	1	1	1	2	4	1	1	6	-9
J1183114	1616.64494530564	0	5	3	10	2011	1	1	1	2	4	1	1	2	-9
J1183116	849.197523252661	0	5	3	10	2011	3	3	2	2	4	1	1	1	1
J1183201	958.528221205612	0	5	3	10	2011	1	1	1	2	4	1	1	2	-9
J1183202	1107.02935105495	1	1	3	10	2011	1	1	1	2	4	1	1	1	-9
J1183203	2639.3338507917	0	4	3	10	2011	2	2	1	2	4	1	1	8	3
J1183206	997.865088422122	0	5	3	10	2011	1	1	1	2	4	1	1	4	-9
J1183207	1197.75173538448	1	1	3	10	2011	1	1	1	2	4	1	1	4	-9
J1183209	715.457195094459	1	1	3	10	2011	1	1	1	2	4	1	1	2	-9
J1183211	1481.68285026188	1	1	3	10	2011	2	2	1	2	4	1	1	3	3
J1183212	672.004065859878	0	4	3	10	2011	1	1	1	2	4	1	1	3	-9
J1183213	1125.33617817546	1	1	3	10	2011	2	2	1	2	4	1	1	7	5
J1183215	1466.90121716562	0	5	3	10	2011	1	1	1	2	4	1	1	8	-9
J1183301	3908.09578197248	1	1	3	11	2011	2	2	1	2	4	1	1	3	3
J1183302	1437.32089241643	0	5	3	11	2011	1	1	1	2	4	1	1	7	-9
J1183303	1607.52169897111	1	1	3	11	2011	1	1	1	2	4	1	1	7	-9
J1183304	1044.17252241514	0	5	3	11	2011	1	1	1	2	4	1	1	10	-9
J1183306	1397.31685372942	1	1	3	11	2011	1	1	1	2	4	1	1	10	-9
J1183307	1947.86353008078	0	5	3	11	2011	1	1	1	2	4	1	1	7	-9
J1183308	2637.04883409456	0	4	3	11	2011	1	1	1	2	4	1	1	8	-9
J1183309	703.5646659475	1	1	3	11	2011	3	3	2	2	4	1	1	3	1
J1183310	1612.8515100467	0	5	3	11	2011	1	1	1	2	4	1	1	8	-9
J1183402	1160.15031992713	1	1	3	11	2011	3	3	2	2	4	1	1	1	1
J1183403	1885.68580504669	0	5	3	11	2011	1	1	1	2	4	1	1	8	-9
J1183406	840.110978880895	1	1	3	11	2011	3	3	2	2	4	1	1	1	1
J1183407	1479.56210490913	0	5	3	11	2011	1	1	1	2	4	1	1	3	-9
J1183408	2017.65966994632	0	5	3	11	2011	1	1	1	2	4	1	1	7	-9
J1183409	1677.41872132679	1	1	3	11	2011	2	2	1	2	4	1	1	9	3
J1183412	2320.94689160474	0	5	3	11	2011	1	1	1	2	4	1	1	6	-9
J1183413	3773.37821935146	0	4	3	11	2011	3	3	2	2	4	1	1	6	1
J1184101	1497.23904242437	0	4	4	1	2012	1	1	1	2	4	1	1	8	-9
J1184102	1199.93434926212	1	1	4	1	2012	2	2	1	2	4	1	1	6	3
J1184103	573.164880965329	1	1	4	1	2012	3	3	2	2	4	1	1	3	1
J1184105	1126.37206089256	1	1	4	1	2012	3	3	2	2	4	1	1	2	1
J1184107	805.656737486288	1	1	4	1	2012	3	3	2	2	4	1	2	5	1
J1184108	2227.25491055121	1	1	4	1	2012	1	1	1	2	4	1	1	6	-9
J1184110	2949.85905026954	0	5	4	1	2012	2	2	1	2	4	1	1	6	3
J1184111	2112.28293713462	0	4	4	1	2012	1	1	1	2	4	1	1	7	-9
J1184113	1406.03042411569	0	4	4	1	2012	1	1	1	2	4	1	3	5	-9
J1184201	1304.38375447501	0	5	4	1	2012	1	1	1	2	4	1	1	6	-9
J1184202	1407.64571672488	0	5	4	1	2012	1	1	1	2	4	1	1	8	-9
J1184203	1592.29664352537	1	1	4	1	2012	1	1	1	2	4	1	1	6	-9
J1184204	1042.63962830968	0	5	4	1	2012	1	1	1	2	4	1	1	9	-9
J1184205	953.671703981538	1	1	4	1	2012	3	3	2	2	4	1	3	3	1
J1184206	1207.88843753193	0	5	4	1	2012	1	1	1	2	4	1	3	4	-9
J1184207	1184.73181970799	0	5	4	1	2012	1	1	1	2	4	1	1	8	-9
J1184208	1640.81747066224	0	4	4	1	2012	1	1	1	2	4	1	1	8	-9
J1184209	1953.18196492048	0	5	4	1	2012	1	1	1	2	4	1	1	4	-9
J1184210	1575.76808743867	1	1	4	1	2012	1	1	1	2	4	1	1	4	-9
J1184211	1104.80887067312	1	1	4	1	2012	3	3	2	2	4	1	1	5	1
J1184212	1206.02108088785	0	5	4	1	2012	1	1	1	2	4	1	1	3	-9
J1184301	1279.87545215406	0	5	4	2	2012	1	1	1	2	4	1	1	7	-9
J1184302	711.820542878815	0	5	4	2	2012	1	1	1	2	4	1	1	2	-9
J1184303	615.373340937078	1	1	4	2	2012	3	3	2	2	4	1	1	2	1
J1184304	726.203334707208	0	5	4	2	2012	1	1	1	2	4	1	1	1	-9
J1184305	858.473511408427	1	1	4	2	2012	4	4	2	2	4	1	1	2	2
J1184306	669.993638980556	0	4	4	2	2012	3	3	2	2	4	1	2	8	1
J1184308	1667.55026905396	1	1	4	2	2012	1	1	1	2	4	1	2	9	-9
J1184312	1483.96348318997	0	5	4	2	2012	3	3	2	2	4	1	1	4	1
J1184314	1345.05252621442	0	5	4	2	2012	1	1	1	2	4	1	1	9	-9
J1184401	781.737439737825	1	1	4	2	2012	4	4	2	2	4	1	1	3	2
J1184402	627.515277380137	1	1	4	2	2012	3	3	2	2	4	1	1	1	1
J1184405	1485.400758716	0	5	4	2	2012	1	1	1	2	4	1	1	6	-9
J1184407	2178.75821171959	0	5	4	2	2012	1	1	1	2	4	1	1	8	-9
J1184408	1041.29964805667	0	5	4	2	2012	1	1	1	2	4	1	1	3	-9
J1184409	1225.47406626091	1	1	4	2	2012	2	2	1	2	4	1	1	7	3
J1184410	1581.36862383495	0	5	4	2	2012	1	1	1	2	4	1	1	8	-9
J1184411	3253.71703704415	1	1	4	2	2012	3	3	2	2	4	1	1	1	1
J1184412	927.171057039002	1	1	4	2	2012	3	3	2	2	4	1	1	1	1
J1184413	688.584028029698	1	1	4	2	2012	2	2	1	2	4	1	1	1	3
J1184414	1032.00877809579	0	4	4	2	2012	1	1	1	2	4	1	1	1	-9
J1184415	1484.40898225072	1	1	4	2	2012	2	2	1	2	4	1	1	3	3
J1184416	1245.46999109685	1	1	4	2	2012	1	1	1	2	4	1	1	1	-9
J1191101	1159.35785412782	1	1	1	4	2011	1	1	1	2	4	1	1	5	-9
J1191102	2961.75184489372	0	5	1	4	2011	1	1	1	2	4	1	1	4	-9
J1191103	1223.01761955389	1	1	1	4	2011	1	1	1	2	4	1	1	9	-9
J1191104	1152.31975967276	0	5	1	4	2011	1	1	1	2	4	1	1	8	-9
J1191105	2185.21430044591	1	1	1	4	2011	1	1	1	2	4	1	1	4	-9
J1191106	1170.94485261263	1	1	1	4	2011	1	1	1	2	4	1	1	5	-9
J1191108	1379.02920439638	1	1	1	4	2011	1	1	1	2	4	1	1	7	-9
J1191109	778.796941580422	1	1	1	4	2011	4	4	2	2	4	1	1	1	2
J1191110	686.642180906674	0	4	1	4	2011	4	4	2	2	4	1	1	1	2
J1191111	1345.30427169712	0	4	1	4	2011	2	2	1	2	4	1	1	6	3
J1191201	1252.29497584998	1	1	1	4	2011	1	1	1	2	4	1	1	3	-9
J1191202	1514.90847026041	0	5	1	4	2011	1	1	1	2	4	1	1	5	-9
J1191205	2140.00633852043	1	1	1	4	2011	4	4	2	2	4	1	1	1	2
J1191206	733.903359973837	0	4	1	4	2011	1	1	1	2	4	1	1	1	-9
J1191207	1240.4012227123	0	5	1	4	2011	1	1	1	2	4	1	1	6	-9
J1191208	1043.14972830858	1	1	1	4	2011	1	1	1	2	4	1	1	4	-9
J1191209	1338.43153926814	0	5	1	4	2011	1	1	1	2	4	1	1	4	-9
J1191210	2025.61767739283	1	1	1	4	2011	4	4	2	2	4	1	1	1	2
J1191212	2503.25172702212	1	1	1	4	2011	1	1	1	2	4	1	1	3	-9
J1191213	1131.67300872804	1	1	1	4	2011	4	4	2	2	4	1	1	1	2
J1191214	940.517456902768	1	1	1	4	2011	1	1	1	2	4	1	1	4	-9
J1191301	1544.07791627654	1	1	1	5	2011	1	1	1	2	4	1	1	1	-9
J1191305	1936.88864407055	0	5	1	5	2011	1	1	1	2	4	1	1	2	-9
J1191306	733.990347961404	1	1	1	5	2011	4	4	2	2	4	1	1	1	2
J1191308	3599.83985228001	0	4	1	5	2011	1	1	1	2	4	1	1	2	-9
J1191309	962.95675708077	0	5	1	5	2011	1	1	1	2	4	1	1	3	-9
J1191310	1524.50021230511	1	1	1	5	2011	1	1	1	2	4	1	1	4	-9
J1191311	1470.7901602546	1	1	1	5	2011	2	2	1	2	4	1	1	5	5
J1191312	1144.85983119176	1	1	1	5	2011	4	4	2	2	4	1	1	4	2
J1191314	1136.25729024192	0	4	1	5	2011	1	1	1	2	4	1	1	6	-9
J1191315	1321.3323281533	1	1	1	5	2011	2	2	1	2	4	1	1	3	5
J1191401	953.955645689424	1	1	1	5	2011	2	2	1	2	4	1	1	1	3
J1191402	2339.73215088941	0	4	1	5	2011	1	1	1	2	4	1	1	1	-9
J1191404	605.110362612236	1	1	1	5	2011	4	4	2	2	4	1	1	1	2
J1191405	1754.42804392651	1	1	1	5	2011	2	2	1	2	4	1	1	1	3
J1191407	1940.72218617063	1	1	1	5	2011	2	2	1	2	4	1	1	4	3
J1191409	1256.02171500356	0	5	1	5	2011	1	1	1	2	4	1	1	2	-9
J1191410	705.35115586985	1	1	1	5	2011	1	1	1	2	4	1	1	1	-9
J1191411	602.247610059793	1	1	1	5	2011	4	4	2	2	4	1	1	1	2
J1191412	1386.63551417311	0	5	1	5	2011	1	1	1	2	4	1	1	2	-9
J1191413	1248.24910279447	1	1	1	5	2011	1	1	1	2	4	1	1	1	-9
J1191415	1413.5244628043	1	1	1	5	2011	2	2	1	2	4	1	1	3	3
J1192101	571.971798748995	1	1	2	7	2011	3	3	2	2	4	1	1	4	1
J1192102	1894.01878945201	0	5	2	7	2011	1	1	1	2	4	1	1	4	-9
J1192103	1658.80422704456	1	1	2	7	2011	3	3	2	2	4	1	1	6	1
J1192105	2142.23330137872	1	1	2	7	2011	1	1	1	2	4	1	1	7	-9
J1192106	1512.57660859824	0	5	2	7	2011	1	1	1	2	4	1	1	4	-9
J1192107	2234.6943038231	1	1	2	7	2011	1	1	1	2	4	1	1	6	-9
J1192108	1213.48079531521	1	1	2	7	2011	3	3	2	2	4	1	1	3	1
J1192109	911.75295461257	1	1	2	7	2011	3	3	2	2	4	1	1	3	1
J1192111	1318.01808317407	0	4	2	7	2011	1	1	1	2	4	1	1	9	-9
J1192112	1950.60331678938	0	5	2	7	2011	1	1	1	2	4	1	1	5	-9
J1192113	932.003565893826	0	5	2	7	2011	1	1	1	2	4	1	1	3	-9
J1192201	1117.45596100041	1	1	2	7	2011	4	4	2	2	4	1	1	1	2
J1192203	1301.10542819795	1	1	2	7	2011	3	3	2	2	4	1	1	3	1
J1192205	1159.35785412782	0	5	2	7	2011	1	1	1	2	4	1	1	1	-9
J1192206	705.531677980894	1	1	2	7	2011	3	3	2	2	4	1	1	3	1
J1192207	1166.22581473895	0	5	2	7	2011	1	1	1	2	4	1	1	2	-9
J1192209	1606.42408843225	1	1	2	7	2011	1	1	1	2	4	1	1	2	-9
J1192211	1590.07222113925	1	1	2	7	2011	1	1	1	2	4	1	1	4	-9
J1192213	1373.36941195836	1	1	2	7	2011	1	1	1	2	4	1	1	5	-9
J1192214	860.90667550221	0	5	2	7	2011	1	1	1	2	4	1	1	1	-9
J1192215	1265.51525775508	1	1	2	7	2011	2	2	1	2	4	1	1	2	3
J1192301	827.994929309585	1	1	2	8	2011	3	3	2	2	4	1	1	1	1
J1192302	572.832366180263	1	1	2	8	2011	3	3	2	2	4	1	1	1	1
J1192304	848.575326551838	0	4	2	8	2011	3	3	2	2	4	1	1	1	1
J1192305	1409.84139925074	1	1	2	8	2011	2	2	1	2	4	1	1	2	3
J1192306	1564.05686535713	0	4	2	8	2011	1	1	1	2	4	1	1	2	-9
J1192307	757.917580541076	0	5	2	8	2011	1	1	1	2	4	1	1	3	-9
J1192308	1550.84273003414	1	1	2	8	2011	2	2	1	2	4	1	1	3	3
J1192309	1077.66756784497	0	5	2	8	2011	1	1	1	2	4	1	1	1	-9
J1192311	1350.2117987652	0	4	2	8	2011	1	1	1	2	4	1	1	5	-9
J1192312	850.366934976687	0	5	2	8	2011	1	1	1	2	4	1	1	5	-9
J1192313	695.998740538372	1	1	2	8	2011	1	1	1	2	4	1	1	2	-9
J1192314	1305.42255523916	0	5	2	8	2011	1	1	1	2	4	1	1	5	-9
J1192315	1085.4522722691	0	4	2	8	2011	1	1	1	2	4	1	1	5	-9
J1192317	1186.11490862274	1	1	2	8	2011	3	3	2	2	4	1	1	4	1
J1192318	659.469277857251	1	1	2	8	2011	3	3	2	2	4	1	1	1	1
J1192401	1169.47330296318	0	4	2	8	2011	2	2	1	2	4	1	1	5	5
J1192406	2413.2172152275	0	4	2	8	2011	4	4	2	2	4	1	1	5	2
J1192407	1495.49566808663	0	4	2	8	2011	2	2	1	2	4	1	1	5	3
J1192409	1794.82781228357	1	1	2	8	2011	2	2	1	2	4	1	1	5	5
J1192411	1058.39185406627	0	5	2	8	2011	1	1	1	2	4	1	1	5	-9
J1192413	768.857685508095	1	1	2	8	2011	3	3	2	2	4	1	1	6	1
J1192415	659.813082410381	1	1	2	8	2011	2	2	1	2	4	1	1	6	5
J1192419	1173.57365905179	1	1	2	8	2011	3	3	2	2	4	1	1	2	1
J1192422	608.834280185491	1	1	2	8	2011	3	3	2	2	4	1	1	2	1
J1192424	863.250692645408	0	4	2	8	2011	2	2	1	2	4	1	1	2	5
J1192427	770.156664436431	0	4	2	8	2011	3	3	2	2	4	1	1	1	1
J1193104	1246.79151398215	1	1	3	10	2011	1	1	1	2	4	1	1	5	-9
J1193106	1164.09823716451	0	5	3	10	2011	1	1	1	2	4	1	1	5	-9
J1193108	637.853060417096	1	1	3	10	2011	4	4	2	2	4	1	1	1	2
J1193109	3175.4418702058	1	1	3	10	2011	2	2	1	2	4	1	1	1	5
J1193111	875.228249459242	0	5	3	10	2011	1	1	1	2	4	1	1	1	-9
J1193112	665.224408487854	1	1	3	10	2011	4	4	2	2	4	1	1	1	2
J1193113	1711.97225684095	1	1	3	10	2011	2	2	1	2	4	1	1	1	5
J1193116	2572.34758924355	1	1	3	10	2011	4	4	2	2	4	1	1	1	2
J1193117	1167.57176776338	1	1	3	10	2011	1	1	1	2	4	1	1	4	-9
J1193201	936.707333834124	0	5	3	10	2011	1	1	1	2	4	1	1	2	-9
J1193202	1313.18531807812	1	1	3	10	2011	2	2	1	2	4	1	1	3	5
J1193203	1534.72999917708	0	5	3	10	2011	1	1	1	2	4	1	1	4	-9
J1193205	2672.47681635467	1	1	3	10	2011	1	1	1	2	4	1	1	4	-9
J1193206	1487.74858483521	0	5	3	10	2011	1	1	1	2	4	1	1	2	-9
J1193208	641.469166899304	0	5	3	10	2011	4	4	2	2	4	1	1	1	2
J1193209	1065.66169612329	0	5	3	10	2011	1	1	1	2	4	1	1	2	-9
J1193210	1155.72517067317	1	1	3	10	2011	4	4	2	2	4	1	1	1	2
J1193212	2377.70257589795	1	1	3	10	2011	2	2	1	2	4	1	1	1	3
J1193213	1424.36828825183	1	1	3	10	2011	4	4	2	2	4	1	1	1	2
J1193301	1484.20258600596	0	4	3	11	2011	1	1	1	2	4	1	1	1	-9
J1193302	2919.23033269746	0	5	3	11	2011	1	1	1	2	4	1	1	1	-9
J1193304	736.03125261628	0	4	3	11	2011	2	2	1	2	4	1	1	1	3
J1193305	2573.769042028	0	5	3	11	2011	1	1	1	2	4	1	1	1	-9
J1193306	3020.78445140537	1	1	3	11	2011	2	2	1	2	4	1	1	7	3
J1193307	1732.42885669703	0	5	3	11	2011	1	1	1	2	4	1	1	6	-9
J1193308	1789.20096698185	1	1	3	11	2011	3	3	2	2	4	1	1	3	1
J1193309	1995.46818042796	0	5	3	11	2011	1	1	1	2	4	1	1	4	-9
J1193312	1607.42037325172	0	5	3	11	2011	3	3	2	2	4	1	1	7	1
J1193313	1252.87019295407	1	1	3	11	2011	1	1	1	2	4	1	1	6	-9
J1193315	1211.28616457953	0	5	3	11	2011	1	1	1	2	4	1	1	6	-9
J1193402	570.792772275603	1	1	3	11	2011	4	4	2	2	4	1	1	1	2
J1193403	650.336825697056	1	1	3	11	2011	4	4	2	2	4	1	1	1	2
J1193404	996.317787270401	0	5	3	11	2011	1	1	1	2	4	1	1	1	-9
J1193405	822.869972678629	1	1	3	11	2011	4	4	2	2	4	1	1	1	2
J1193406	658.46968229166	0	4	3	11	2011	4	4	2	2	4	1	1	2	2
J1193407	728.187115087562	1	1	3	11	2011	2	2	1	2	4	1	1	2	3
J1193408	686.557707613548	0	4	3	11	2011	4	4	2	2	4	1	1	1	2
J1193409	1553.34275402636	0	5	3	11	2011	1	1	1	2	4	1	1	8	-9
J1193410	1347.64879363256	0	5	3	11	2011	1	1	1	2	4	1	1	1	-9
J1193411	1260.15104112936	0	4	3	11	2011	1	1	1	2	4	1	1	4	-9
J1193412	742.776884739736	1	1	3	11	2011	2	2	1	2	4	1	1	1	3
J1193414	1672.55266464159	1	1	3	11	2011	2	2	1	2	4	1	1	2	3
J1193415	719.164684101553	0	5	3	11	2011	1	1	1	2	4	1	1	1	-9
J1193416	830.782133558759	1	1	3	11	2011	1	1	1	2	4	1	1	1	-9
J1193417	1591.20744231629	0	5	3	11	2011	4	4	2	2	4	1	1	1	2
J1194103	1079.85990349843	1	1	4	1	2012	3	3	2	2	4	1	1	1	1
J1194105	1281.02627981938	0	5	4	1	2012	1	1	1	2	4	1	1	2	-9
J1194111	702.27491564631	0	5	4	1	2012	1	1	1	2	4	1	1	1	-9
J1194113	1617.21854818381	1	1	4	1	2012	2	2	1	2	4	1	1	4	3
J1194117	832.230690518298	0	4	4	1	2012	1	1	1	2	4	1	1	1	-9
J1194202	867.405500681581	1	1	4	1	2012	1	1	1	2	4	1	1	1	-9
J1194204	1142.26264176477	1	1	4	1	2012	3	3	2	2	4	1	1	1	1
J1194205	1329.00155040164	1	1	4	1	2012	1	1	1	2	4	1	1	4	-9
J1194206	1886.93531460428	0	5	4	1	2012	1	1	1	2	4	1	1	4	-9
J1194207	574.992574690732	1	1	4	1	2012	4	4	2	2	4	1	1	2	2
J1194208	1022.46577767756	0	5	4	1	2012	1	1	1	2	4	1	1	6	-9
J1194213	3886.72171213185	1	1	4	1	2012	2	2	1	2	4	1	1	6	3
J1194214	681.171634056352	1	1	4	1	2012	3	3	2	2	4	1	1	3	1
J1194302	657.172143883229	0	5	4	2	2012	1	1	1	2	4	1	1	1	-9
J1194303	1100.52639783815	0	4	4	2	2012	1	1	1	2	4	1	1	5	-9
J1194306	1839.83762556315	0	5	4	2	2012	1	1	1	2	4	1	1	2	-9
J1194307	1325.17140644638	0	5	4	2	2012	1	1	1	2	4	1	1	8	-9
J1194308	1742.15624352416	1	1	4	2	2012	1	1	1	2	4	1	1	6	-9
J1194309	1258.70350931901	0	5	4	2	2012	1	1	1	2	4	1	1	6	-9
J1194311	2788.25474839319	0	5	4	2	2012	1	1	1	2	4	1	1	6	-9
J1194313	1618.99417114993	1	1	4	2	2012	1	1	1	2	4	1	1	6	-9
J1194401	3812.92817077679	0	4	4	2	2012	3	3	2	2	4	1	1	1	1
J1194402	1992.2675715295	1	1	4	2	2012	1	1	1	2	4	1	1	1	-9
J1194403	911.644842957741	0	5	4	2	2012	1	1	1	2	4	1	1	1	-9
J1194407	1077.41156433783	1	1	4	2	2012	1	1	1	2	4	1	1	4	-9
J1194409	975.929214431497	0	5	4	2	2012	3	3	2	2	4	1	1	1	1
J1194410	672.617490031237	1	1	4	2	2012	3	3	2	2	4	1	1	1	1
J1194414	1393.62092823517	0	5	4	2	2012	1	1	1	2	4	1	2	8	-9
J1194415	847.919195390782	1	1	4	2	2012	1	1	1	2	4	1	3	3	-9
J1194416	1134.87117537105	0	5	4	2	2012	1	1	1	2	4	1	3	3	-9
J1194418	1463.24102497165	0	5	4	2	2012	1	1	1	2	4	1	1	5	-9
J1194419	3152.35838102683	0	5	4	2	2012	2	2	1	2	4	1	1	7	3
J1201106	766.87342538768	1	1	1	4	2011	3	3	2	2	4	1	1	1	1
J1201107	666.021799485193	1	1	1	4	2011	3	3	2	2	4	1	1	1	1
J1201108	803.382958064677	1	1	1	4	2011	3	3	2	2	4	1	1	1	1
J1201110	2618.90182973485	1	1	1	4	2011	2	2	1	2	4	1	1	4	3
J1201111	1903.6779687552	1	1	1	4	2011	1	1	1	2	4	1	1	6	-9
J1201201	919.049242073716	1	1	1	4	2011	3	3	2	2	4	1	1	2	1
J1201208	854.313499355468	1	1	1	4	2011	1	1	1	2	4	1	1	2	-9
J1201211	1242.6177351481	1	1	1	4	2011	1	1	1	2	4	1	1	3	-9
J1201304	1468.16198898713	0	5	1	5	2011	1	1	1	2	4	1	1	5	-9
J1201305	2120.02977544229	0	4	1	5	2011	1	1	1	2	4	1	1	8	-9
J1201306	589.163424537069	1	1	1	5	2011	3	3	2	2	4	1	1	2	1
J1201307	2765.67027972881	1	1	1	5	2011	2	2	1	2	4	1	1	5	3
J1201308	2558.47786334236	0	4	1	5	2011	1	1	1	2	4	1	1	5	-9
J1201401	1543.66153797938	1	1	1	5	2011	4	4	2	2	4	1	1	1	2
J1201402	596.077157202227	1	1	1	5	2011	3	3	2	2	4	1	1	1	1
J1201404	713.610831525962	1	1	1	5	2011	3	3	2	2	4	1	1	1	1
J1201405	671.022690192414	1	1	1	5	2011	3	3	2	2	4	1	1	1	1
J1201407	769.414572194944	1	1	1	5	2011	2	2	1	2	4	1	1	1	3
J1201408	1268.42227502493	1	1	1	5	2011	2	2	1	2	4	1	1	2	3
J1201409	797.940717634343	1	1	1	5	2011	3	3	2	2	4	1	1	1	1
J1201410	598.208897430821	1	1	1	5	2011	3	3	2	2	4	1	1	2	1
J1201411	1617.44522435444	0	5	1	5	2011	1	1	1	2	4	1	1	7	-9
J1201412	2042.14748397084	1	1	1	5	2011	1	1	1	2	4	1	1	9	-9
J1201413	1702.10610225662	1	1	1	5	2011	2	2	1	2	4	1	1	3	3
J1201415	4609.62316548713	1	1	1	5	2011	2	2	1	2	4	1	1	7	3
J1202101	1349.59159601702	1	1	2	7	2011	2	2	1	2	4	1	1	4	3
J1202102	1181.98422078474	0	4	2	7	2011	2	2	1	2	4	1	1	4	4
J1202104	1746.67147850399	1	1	2	7	2011	2	2	1	2	4	1	1	9	3
J1202105	1655.83399043835	0	4	2	7	2011	1	1	1	2	4	1	1	8	-9
J1202107	2373.0542790394	1	1	2	7	2011	1	1	1	2	4	1	1	9	-9
J1202108	1278.73576369129	0	5	2	7	2011	1	1	1	2	4	1	1	9	-9
J1202109	1194.3707505046	0	4	2	7	2011	2	2	1	2	4	1	1	6	5
J1202110	2784.17223317585	0	5	2	7	2011	1	1	1	2	4	1	1	4	-9
J1202202	1740.8808350062	0	5	2	7	2011	1	1	1	2	4	1	1	2	-9
J1202203	1297.93763535221	1	1	2	7	2011	3	3	2	2	4	1	1	2	1
J1202207	1460.50542928374	1	1	2	7	2011	1	1	1	2	4	1	1	4	-9
J1202208	1581.55206256186	0	5	2	7	2011	1	1	1	2	4	1	1	4	-9
J1202209	1221.09140526408	1	1	2	7	2011	1	1	1	2	4	1	1	5	-9
J1202210	1293.94952416371	0	5	2	7	2011	1	1	1	2	4	1	1	6	-9
J1202303	1212.65037092042	1	1	2	8	2011	3	3	2	2	4	1	1	4	1
J1202304	1625.55662427072	1	1	2	8	2011	2	2	1	2	4	1	1	7	3
J1202306	1399.80109014481	1	1	2	8	2011	1	1	1	2	4	1	4	5	-9
J1202307	1555.00976557461	0	4	2	8	2011	3	3	2	2	4	1	3	5	1
J1202310	1402.36736043135	0	4	2	8	2011	1	1	1	2	4	1	2	5	-9
J1202311	567.834784944463	0	5	2	8	2011	1	1	1	2	4	1	2	3	-9
J1202401	1485.25636928365	1	1	2	8	2011	2	2	1	2	4	1	1	1	5
J1202403	1147.0730040228	1	1	2	8	2011	3	3	2	2	4	1	1	1	1
J1202406	736.598824559675	1	1	2	8	2011	1	1	1	2	4	1	1	2	-9
J1202407	611.731460040481	1	1	2	8	2011	3	3	2	2	4	1	1	2	1
J1202409	1214.11502574202	0	5	2	8	2011	1	1	1	2	4	1	1	8	-9
J1202411	1437.29800754078	0	5	2	8	2011	1	1	1	2	4	1	1	10	-9
J1202412	1286.81214954952	1	1	2	8	2011	1	1	1	2	4	1	1	8	-9
J1203103	2192.0395276545	1	1	3	10	2011	1	1	1	2	4	1	1	6	-9
J1203105	1698.39391377735	0	5	3	10	2011	1	1	1	2	4	1	1	5	-9
J1203106	1290.18614826502	1	1	3	10	2011	1	1	1	2	4	1	1	7	-9
J1203107	2982.32787888667	1	1	3	10	2011	2	2	1	2	4	1	1	9	5
J1203201	2088.28209159756	0	5	3	10	2011	1	1	1	2	4	1	1	4	-9
J1203202	2487.71748415522	1	1	3	10	2011	1	1	1	2	4	1	1	2	-9
J1203203	1227.01781794036	0	5	3	10	2011	1	1	1	2	4	1	1	7	-9
J1203205	1340.23026102911	1	1	3	10	2011	1	1	1	2	4	1	1	6	-9
J1203206	3014.4355510635	1	1	3	10	2011	3	3	2	2	4	1	1	1	1
J1203208	1239.73699649351	0	5	3	10	2011	1	1	1	2	4	1	1	4	-9
J1203302	1424.97448383323	0	5	3	11	2011	1	1	1	2	4	1	1	7	-9
J1203303	1018.7654120184	0	4	3	11	2011	1	1	1	2	4	1	1	2	-9
J1203304	1655.73798277826	0	5	3	11	2011	1	1	1	2	4	1	1	2	-9
J1203305	2309.41285227295	1	1	3	11	2011	1	1	1	2	4	1	1	6	-9
J1203310	654.25643586756	1	1	3	11	2011	3	3	2	2	4	1	1	1	1
J1203311	2434.21225337963	0	5	3	11	2011	1	1	1	2	4	1	1	2	-9
J1203313	697.466915646611	1	1	3	11	2011	3	3	2	2	4	1	1	2	1
J1203402	1045.72896593285	0	4	3	11	2011	3	3	2	2	4	1	1	1	1
J1203403	1819.99931698351	0	5	3	11	2011	1	1	1	2	4	1	1	4	-9
J1203404	1515.10912964783	0	5	3	11	2011	1	1	1	2	4	1	1	3	-9
J1203406	1629.21558034214	0	5	3	11	2011	1	1	1	2	4	1	1	6	-9
J1203408	862.441053377745	1	1	3	11	2011	3	3	2	2	4	1	1	1	1
J1203409	860.91291635867	1	1	3	11	2011	3	3	2	2	4	1	1	2	1
J1203410	2819.73695495592	1	1	3	11	2011	1	1	1	2	4	1	1	3	-9
J1203411	880.91156033077	0	5	3	11	2011	1	1	1	2	4	1	1	1	-9
J1203413	762.325267980252	0	5	3	11	2011	1	1	1	2	4	1	1	1	-9
J1203414	1469.11004079896	0	5	3	11	2011	1	1	1	2	4	1	1	2	-9
J1204101	1187.04805405162	1	1	4	1	2012	1	1	1	2	4	1	1	8	-9
J1204102	830.159971111997	0	5	4	1	2012	1	1	1	2	4	1	1	5	-9
J1204105	2762.53734197464	0	5	4	1	2012	1	1	1	2	4	1	1	8	-9
J1204107	1661.20548642796	0	5	4	1	2012	1	1	1	2	4	1	1	8	-9
J1204108	1413.33770184726	0	5	4	1	2012	1	1	1	2	4	1	1	3	-9
J1204201	2765.50862270111	0	4	4	1	2012	1	1	1	2	4	1	2	9	-9
J1204202	918.435118709965	1	1	4	1	2012	3	3	2	2	4	1	4	4	1
J1204203	1288.71213883171	0	5	4	1	2012	1	1	1	2	4	1	2	9	-9
J1204204	1299.50212080153	0	4	4	1	2012	1	1	1	2	4	1	2	10	-9
J1204205	1134.07316439331	0	5	4	1	2012	1	1	1	2	4	1	3	9	-9
J1204206	1299.67797670644	1	1	4	1	2012	3	3	2	2	4	1	3	8	1
J1204207	1094.76179980991	0	5	4	1	2012	1	1	1	2	4	1	3	7	-9
J1204208	1303.54629848249	0	5	4	1	2012	1	1	1	2	4	1	2	8	-9
J1204211	4163.82255127006	1	1	4	1	2012	1	1	1	2	4	1	2	8	-9
J1204302	776.41581990812	1	1	4	2	2012	3	3	2	2	4	1	1	1	1
J1204303	733.453756263858	1	1	4	2	2012	3	3	2	2	4	1	1	1	1
J1204304	1218.96212020654	0	4	4	2	2012	2	2	1	2	4	1	1	4	3
J1204305	3368.3516357108	0	5	4	2	2012	1	1	1	2	4	1	1	1	-9
J1204306	1571.83828104103	1	1	4	2	2012	1	1	1	2	4	1	1	7	-9
J1204307	588.305569549607	0	5	4	2	2012	1	1	1	2	4	1	1	1	-9
J1204310	1442.25921760149	0	5	4	2	2012	1	1	1	2	4	1	1	4	-9
J1204311	1610.89879951576	1	1	4	2	2012	1	1	1	2	4	1	1	8	-9
J1204403	1682.04201633987	0	5	4	2	2012	1	1	1	2	4	1	1	1	-9
J1204404	1681.46999711077	0	4	4	2	2012	3	3	2	2	4	1	1	3	1
J1204405	1254.23842004782	1	1	4	2	2012	2	2	1	2	4	1	1	2	3
J1204408	1051.4979067326	0	5	4	2	2012	1	1	1	2	4	1	1	1	-9
J1204409	1134.14394323594	1	1	4	2	2012	1	1	1	2	4	1	1	4	-9
J1204410	884.389504431549	0	5	4	2	2012	1	1	1	2	4	1	1	1	-9
J1204411	2027.96581990722	1	1	4	2	2012	2	2	1	2	4	1	1	5	3
J1211101	512.004189961994	1	1	1	4	2011	4	4	2	2	4	1	1	1	2
J1211103	1816.55024636162	1	1	1	4	2011	4	4	2	2	4	1	1	2	2
J1211104	1228.37644337454	0	4	1	4	2011	4	4	2	2	4	1	1	9	2
J1211108	1467.26969708231	0	5	1	4	2011	1	1	1	2	4	1	1	10	-9
J1211110	666.346801921558	1	1	1	4	2011	4	4	2	2	4	1	1	1	2
J1211112	600.007085340901	1	1	1	4	2011	4	4	2	2	4	1	1	1	2
J1211113	1096.79495818259	1	1	1	4	2011	4	4	2	2	4	1	1	1	2
J1211115	1011.78387268046	0	5	1	4	2011	1	1	1	2	4	1	1	1	-9
J1211202	2082.75389412094	0	5	1	4	2011	1	1	1	2	4	1	1	8	-9
J1211204	1985.52281729381	0	5	1	4	2011	1	1	1	2	4	1	1	9	-9
J1211205	1653.93792872754	1	1	1	4	2011	4	4	2	2	4	1	1	2	2
J1211208	2074.66369650687	1	1	1	4	2011	1	1	1	2	4	1	1	2	-9
J1211210	1219.1195575306	1	1	1	4	2011	1	1	1	2	4	1	1	4	-9
J1211211	1307.35478118721	0	5	1	4	2011	1	1	1	2	4	1	1	1	-9
J1211213	994.037994272972	0	5	1	4	2011	1	1	1	2	4	1	1	1	-9
J1211302	1093.06402730644	0	4	1	5	2011	1	1	1	2	4	1	1	4	-9
J1211304	1834.03853187384	0	4	1	5	2011	1	1	1	2	4	1	1	3	-9
J1211305	1154.11049211868	0	5	1	5	2011	1	1	1	2	4	1	1	6	-9
J1211309	1058.52146652506	0	5	1	5	2011	1	1	1	2	4	1	1	1	-9
J1211310	1215.25396494927	1	1	1	5	2011	2	2	1	2	4	1	1	2	3
J1211311	2588.7489223964	0	5	1	5	2011	1	1	1	2	4	1	1	3	-9
J1211313	2438.73040878119	1	1	1	5	2011	4	4	2	2	4	1	1	2	2
J1211401	1684.7999371615	0	5	1	5	2011	1	1	1	2	4	1	1	4	-9
J1211405	1228.49820570733	0	4	1	5	2011	4	4	2	2	4	1	1	2	2
J1211406	627.744842131457	0	4	1	5	2011	1	1	1	2	4	1	1	1	-9
J1211407	1364.53010067641	0	5	1	5	2011	1	1	1	2	4	1	1	5	-9
J1211408	800.536701365286	1	1	1	5	2011	1	1	1	2	4	1	1	2	-9
J1211409	1646.21154649285	0	5	1	5	2011	1	1	1	2	4	1	1	3	-9
J1212103	756.156311724667	1	1	2	7	2011	4	4	2	2	4	1	1	1	2
J1212105	876.208336028853	1	1	2	7	2011	4	4	2	2	4	1	1	1	2
J1212106	1570.10605606668	1	1	2	7	2011	1	1	1	2	4	1	1	3	-9
J1212108	1659.84975679657	1	1	2	7	2011	1	1	1	2	4	1	1	6	-9
J1212109	1270.70737623894	1	1	2	7	2011	2	2	1	2	4	1	1	2	3
J1212110	664.300940665791	1	1	2	7	2011	4	4	2	2	4	1	1	1	2
J1212112	830.320021196031	1	1	2	7	2011	4	4	2	2	4	1	1	1	2
J1212114	1117.69146290593	1	1	2	7	2011	4	4	2	2	4	1	1	1	2
J1212116	1278.26054729341	0	5	2	7	2011	1	1	1	2	4	1	1	5	-9
J1212117	1896.90272831026	1	1	2	7	2011	1	1	1	2	4	1	1	2	-9
J1212203	1310.71380680631	1	1	2	7	2011	2	2	1	2	4	1	1	2	3
J1212204	1453.53149820127	1	1	2	7	2011	1	1	1	2	4	1	1	3	-9
J1212206	1481.19339150542	0	5	2	7	2011	1	1	1	2	4	1	1	7	-9
J1212207	1533.65985872864	1	1	2	7	2011	1	1	1	2	4	1	1	6	-9
J1212210	1923.33707235181	1	1	2	7	2011	4	4	2	2	4	1	1	3	2
J1212212	1567.05446566091	1	1	2	7	2011	2	2	1	2	4	1	1	3	3
J1212302	1439.24290074515	0	5	2	8	2011	1	1	1	2	4	1	1	8	-9
J1212303	1081.51321361213	1	1	2	8	2011	1	1	1	2	4	1	4	5	-9
J1212307	1494.31459861299	0	4	2	8	2011	1	1	1	2	4	1	1	7	-9
J1212308	2057.37600384889	0	5	2	8	2011	1	1	1	2	4	1	1	7	-9
J1212309	1276.78322005309	1	1	2	8	2011	2	2	1	2	4	1	1	10	3
J1212312	1617.46489681435	0	5	2	8	2011	1	1	1	2	4	1	2	6	-9
J1212401	1715.73579691795	1	1	2	8	2011	2	2	1	2	4	1	1	4	3
J1212404	1536.10932954107	1	1	2	8	2011	1	1	1	2	4	1	1	10	-9
J1212405	1449.54973004955	0	5	2	8	2011	1	1	1	2	4	1	1	6	-9
J1212407	1017.99529995944	0	5	2	8	2011	1	1	1	2	4	1	1	3	-9
J1212410	1256.53945271279	0	5	2	8	2011	1	1	1	2	4	1	1	9	-9
J1213101	1574.6871007102	0	5	3	10	2011	1	1	1	2	4	1	1	10	-9
J1213102	1149.35894757857	0	4	3	10	2011	1	1	1	2	4	1	1	10	-9
J1213104	1563.38657021646	0	4	3	10	2011	2	2	1	2	4	1	2	6	5
J1213105	1469.23835781446	1	1	3	10	2011	2	2	1	2	4	1	2	6	5
J1213109	1385.86832237101	0	4	3	10	2011	1	1	1	2	4	1	1	10	-9
J1213111	1593.28770201578	0	5	3	10	2011	1	1	1	2	4	1	1	8	-9
J1213112	1638.39631890898	1	1	3	10	2011	1	1	1	2	4	1	1	10	-9
J1213202	1169.75685483594	0	4	3	10	2011	1	1	1	2	4	1	2	7	-9
J1213203	1296.21213246013	0	5	3	10	2011	1	1	1	2	4	1	2	9	-9
J1213204	1250.07081085474	0	5	3	10	2011	1	1	1	2	4	1	1	7	-9
J1213205	1674.5827548745	0	4	3	10	2011	1	1	1	2	4	1	1	8	-9
J1213207	1213.83135362629	1	1	3	10	2011	1	1	1	2	4	1	1	5	-9
J1213208	1396.2192725753	0	5	3	10	2011	1	1	1	2	4	1	1	7	-9
J1213209	1692.79039733064	0	5	3	10	2011	1	1	1	2	4	1	1	7	-9
J1213210	1236.73605269145	0	4	3	10	2011	2	2	1	2	4	1	2	7	5
J1213212	1263.39418011939	0	4	3	10	2011	4	4	2	2	4	1	2	8	2
J1213213	1417.87551551974	0	5	3	10	2011	1	1	1	2	4	1	2	8	-9
J1213302	1656.95524419066	0	5	3	11	2011	1	1	1	2	4	1	1	3	-9
J1213305	1095.43589973188	0	5	3	11	2011	1	1	1	2	4	1	1	1	-9
J1213306	740.551941132637	1	1	3	11	2011	4	4	2	2	4	1	1	1	2
J1213308	1338.51798235268	0	4	3	11	2011	1	1	1	2	4	1	1	6	-9
J1213310	1166.22581473895	0	5	3	11	2011	1	1	1	2	4	1	1	3	-9
J1213312	1976.03055527551	0	5	3	11	2011	1	1	1	2	4	1	1	7	-9
J1213313	697.269483733607	1	1	3	11	2011	4	4	2	2	4	1	1	1	2
J1213402	641.602328011779	0	5	3	11	2011	2	2	1	2	4	1	1	3	5
J1213403	3020.66369915316	1	1	3	11	2011	1	1	1	2	4	1	1	5	-9
J1213404	1213.0998521736	0	5	3	11	2011	1	1	1	2	4	1	1	7	-9
J1213408	1698.04495556085	1	1	3	11	2011	1	1	1	2	4	1	1	9	-9
J1213409	1479.93457796738	0	5	3	11	2011	1	1	1	2	4	1	1	7	-9
J1213410	1557.42424508825	1	1	3	11	2011	1	1	1	2	4	1	1	10	-9
J1213412	1381.52987783649	0	5	3	11	2011	4	4	2	2	4	1	1	2	2
J1214101	1505.94817800404	1	1	4	1	2012	2	2	1	2	4	1	2	4	3
J1214103	1833.85086248659	1	1	4	1	2012	1	1	1	2	4	1	2	7	-9
J1214104	1894.81835446835	0	5	4	1	2012	1	1	1	2	4	1	2	7	-9
J1214106	1422.30227822853	1	1	4	1	2012	2	2	1	2	4	1	3	5	3
J1214109	3491.5940208856	0	5	4	1	2012	1	1	1	2	4	1	1	8	-9
J1214110	1407.27077425924	1	1	4	1	2012	1	1	1	2	4	1	1	8	-9
J1214111	1720.43958094957	0	5	4	1	2012	1	1	1	2	4	1	1	7	-9
J1214201	2013.47927820326	1	1	4	1	2012	1	1	1	2	4	1	2	7	-9
J1214202	1366.02600359499	0	5	4	1	2012	1	1	1	2	4	1	2	5	-9
J1214205	1390.02599562269	0	5	4	1	2012	1	1	1	2	4	1	2	6	-9
J1214206	1493.53083436437	1	1	4	1	2012	1	1	1	2	4	1	1	5	-9
J1214208	1686.31661071273	0	5	4	1	2012	4	4	2	2	4	1	1	4	2
J1214209	1405.81260353501	0	4	4	1	2012	2	2	1	2	4	1	1	2	3
J1214211	1920.65598849863	0	4	4	1	2012	1	1	1	2	4	1	4	4	-9
J1214213	1206.14964432214	1	1	4	1	2012	4	4	2	2	4	1	2	3	2
J1214301	1220.51557734409	0	5	4	2	2012	1	1	1	2	4	1	3	9	-9
J1214305	1249.49894756566	0	5	4	2	2012	1	1	1	2	4	1	3	9	-9
J1214306	681.337012918906	0	5	4	2	2012	4	4	2	2	4	1	1	2	2
J1214307	1451.84910231829	0	4	4	2	2012	1	1	1	2	4	1	1	4	-9
J1214310	1262.4167503934	0	5	4	2	2012	1	1	1	2	4	1	1	6	-9
J1214311	1462.62047755323	1	1	4	2	2012	2	2	1	2	4	1	3	7	3
J1214312	1204.91065641229	1	1	4	2	2012	1	1	1	2	4	1	4	10	-9
J1214404	1201.91827722473	0	5	4	2	2012	1	1	1	2	4	1	4	7	-9
J1214406	826.480469296142	1	1	4	2	2012	4	4	2	2	4	1	1	2	2
J1214407	1869.56907983501	0	4	4	2	2012	1	1	1	2	4	1	1	1	-9
J1214408	766.51922423825	0	5	4	2	2012	1	1	1	2	4	1	1	2	-9
J1214409	1424.66223353782	0	4	4	2	2012	4	4	2	2	4	1	1	1	2
J1214410	902.689479278119	0	4	4	2	2012	4	4	2	2	4	1	1	2	2
J1214411	795.867904120756	0	5	4	2	2012	1	1	1	2	4	1	1	2	-9
J1214415	1569.6485925745	0	4	4	2	2012	1	1	1	2	4	1	2	7	-9
J1221101	1350.18158683951	0	5	1	4	2011	1	1	1	3	2	1	1	6	-9
J1221103	1373.59513499364	0	4	1	4	2011	1	1	1	3	2	1	1	8	-9
J1221106	1444.46602229807	0	5	1	4	2011	1	1	1	3	2	1	1	3	-9
J1221201	1475.94082920901	1	1	1	4	2011	3	3	2	3	2	1	1	2	1
J1221203	716.686341454453	1	1	1	4	2011	4	4	2	3	2	1	1	4	2
J1221204	1397.39653041551	1	1	1	4	2011	3	3	2	3	2	1	1	3	1
J1221207	925.463709208133	1	1	1	4	2011	1	1	1	3	2	1	1	1	-9
J1221302	1379.92943389171	0	5	1	5	2011	1	1	1	3	2	1	1	3	-9
J1221303	1496.12419170951	0	4	1	5	2011	1	1	1	3	2	1	1	8	-9
J1221304	1875.78241016785	0	5	1	5	2011	1	1	1	3	2	1	1	1	-9
J1221401	1243.43231262405	0	4	1	5	2011	1	1	1	3	2	1	1	2	-9
J1221403	933.892567994088	1	1	1	5	2011	3	3	2	3	2	1	1	1	1
J1221404	686.750896404489	1	1	1	5	2011	3	3	2	3	2	1	1	1	1
J1221406	851.301261452314	1	1	1	5	2011	3	3	2	3	2	1	1	1	1
J1221407	1370.50305728463	0	5	1	5	2011	1	1	1	3	2	1	4	8	-9
J1222102	2572.79255386913	1	1	2	7	2011	3	3	2	3	2	1	1	1	1
J1222104	3456.16056917561	0	4	2	7	2011	1	1	1	3	2	1	1	8	-9
J1222105	3630.77331030998	0	5	2	7	2011	1	1	1	3	2	1	1	9	-9
J1222106	3678.12389473118	1	1	2	7	2011	1	1	1	3	2	1	1	1	-9
J1222107	2275.59483205245	0	5	2	7	2011	1	1	1	3	2	1	1	1	-9
J1222108	1074.45350333613	1	1	2	7	2011	2	2	1	3	2	1	1	1	5
J1222201	2751.62595868046	0	5	2	7	2011	1	1	1	3	2	1	1	8	-9
J1222202	1388.71233803289	1	1	2	7	2011	1	1	1	3	2	1	1	9	-9
J1222203	1691.57175209444	1	1	2	7	2011	2	2	1	3	2	1	1	6	3
J1222301	1349.09082121094	1	1	2	8	2011	1	1	1	3	2	1	1	6	-9
J1222302	1440.58512983008	0	5	2	8	2011	1	1	1	3	2	1	1	7	-9
J1222305	738.891245629018	1	1	2	8	2011	3	3	2	3	2	1	1	1	1
J1222402	1017.81818082002	1	1	2	8	2011	3	3	2	3	2	1	1	1	1
J1222407	2979.14657700385	0	4	2	8	2011	1	1	1	3	2	1	1	2	-9
J1223102	3679.60598736306	1	1	3	10	2011	2	2	1	3	2	1	1	2	3
J1223103	1262.84361863451	0	5	3	10	2011	1	1	1	3	2	1	1	1	-9
J1223106	1131.62116102515	1	1	3	10	2011	4	4	2	3	2	1	1	1	2
J1223201	1664.194779149	0	4	3	10	2011	1	1	1	3	2	1	1	3	-9
J1223202	1508.86724667397	0	5	3	10	2011	1	1	1	3	2	1	1	5	-9
J1223205	952.461434952437	1	1	3	10	2011	3	3	2	3	2	1	1	2	1
J1223206	1344.63088407275	0	4	3	10	2011	1	1	1	3	2	1	1	4	-9
J1223301	1653.10364163103	0	4	3	11	2011	1	1	1	3	2	1	1	4	-9
J1223302	3549.83686966283	0	5	3	11	2011	1	1	1	3	2	1	1	1	-9
J1223303	1073.35392557526	0	4	3	11	2011	1	1	1	3	2	1	1	2	-9
J1223305	1753.82249406107	0	5	3	11	2011	1	1	1	3	2	1	1	6	-9
J1223306	1318.41629221055	0	4	3	11	2011	1	1	1	3	2	1	1	7	-9
J1223307	1979.1709579469	0	5	3	11	2011	1	1	1	3	2	1	1	7	-9
J1223403	1109.47032838724	0	5	3	11	2011	1	1	1	3	2	1	1	4	-9
J1224101	1608.75953778414	1	1	4	1	2012	1	1	1	3	2	1	1	3	-9
J1224102	2211.7123659422	0	5	4	1	2012	1	1	1	3	2	1	1	6	-9
J1224103	1837.19251829772	1	1	4	1	2012	4	4	2	3	2	1	1	2	2
J1224202	1716.44432373561	0	5	4	1	2012	1	1	1	3	2	1	1	2	-9
J1224205	2062.75932014927	0	5	4	1	2012	1	1	1	3	2	1	1	2	-9
J1224206	2397.01514682042	1	1	4	1	2012	1	1	1	3	2	1	1	5	-9
J1224207	2510.22824931525	1	1	4	1	2012	4	4	2	3	2	1	1	1	2
J1224208	1441.30659913312	1	1	4	1	2012	1	1	1	3	2	1	1	1	-9
J1224302	4047.58470372461	1	1	4	2	2012	1	1	1	3	2	1	1	2	-9
J1224304	1693.43706856551	0	5	4	2	2012	1	1	1	3	2	1	1	3	-9
J1224305	1244.03823406299	1	1	4	2	2012	2	2	1	3	2	1	1	3	5
J1224402	753.961804752668	1	1	4	2	2012	3	3	2	3	2	1	1	1	1
J1224403	1125.72378435923	0	5	4	2	2012	3	3	2	3	2	1	1	1	1
J1224404	852.078197827816	0	4	4	2	2012	3	3	2	3	2	1	1	1	1
J1224405	948.515344431978	0	5	4	2	2012	1	1	1	3	2	1	1	1	-9
J1231102	3118.86592243249	1	1	1	4	2011	1	1	1	3	2	1	1	1	-9
J1231103	698.113364514808	0	4	1	4	2011	4	4	2	3	2	1	1	1	2
J1231104	768.375833410279	1	1	1	4	2011	4	4	2	3	2	1	1	1	2
J1231105	799.003385245957	1	1	1	4	2011	4	4	2	3	2	1	1	1	2
J1231107	1264.46610299059	0	5	1	4	2011	1	1	1	3	2	1	1	3	-9
J1231201	1531.25433965401	0	4	1	4	2011	1	1	1	3	2	1	1	1	-9
J1231203	1642.60812568817	1	1	1	4	2011	1	1	1	3	2	1	1	2	-9
J1231205	2912.24802979955	1	1	1	4	2011	4	4	2	3	2	1	1	1	2
J1231206	2060.12714663308	0	4	1	4	2011	1	1	1	3	2	1	1	1	-9
J1231207	731.042229800327	0	5	1	4	2011	1	1	1	3	2	1	1	1	-9
J1231301	2214.43641242307	0	4	1	5	2011	2	2	1	3	2	1	1	1	3
J1231302	750.976504843487	1	1	1	5	2011	4	4	2	3	2	1	1	1	2
J1231305	2597.32315318029	1	1	1	5	2011	1	1	1	3	2	1	1	1	-9
J1231402	1065.84496442669	1	1	1	5	2011	4	4	2	3	2	1	1	2	2
J1231403	1163.52098063251	1	1	1	5	2011	3	3	2	3	2	1	1	1	1
J1231404	1448.12369625754	0	4	1	5	2011	1	1	1	3	2	1	1	7	-9
J1231408	3203.67948025471	0	5	1	5	2011	1	1	1	3	2	1	1	9	-9
J1232107	1245.75542530435	0	5	2	7	2011	1	1	1	3	2	1	1	7	-9
J1232108	1407.27080744284	1	1	2	7	2011	1	1	1	3	2	1	1	6	-9
J1232206	1399.43311655434	0	5	2	7	2011	1	1	1	3	2	1	1	2	-9
J1232301	1178.49131017483	0	4	2	8	2011	2	2	1	3	2	1	1	8	5
J1232303	1530.88871143191	0	5	2	8	2011	1	1	1	3	2	1	1	6	-9
J1232304	1321.15760520831	0	4	2	8	2011	1	1	1	3	2	1	1	5	-9
J1232305	985.737472373609	0	4	2	8	2011	4	4	2	3	2	1	1	4	2
J1232401	1597.62143312621	0	5	2	8	2011	1	1	1	3	2	1	1	4	-9
J1232404	1054.5627070526	1	1	2	8	2011	4	4	2	3	2	1	1	4	2
J1232405	1448.91965365365	0	5	2	8	2011	1	1	1	3	2	1	1	5	-9
J1232406	1257.26896628217	0	4	2	8	2011	1	1	1	3	2	1	1	2	-9
J1232407	911.315292651934	0	4	2	8	2011	4	4	2	3	2	1	1	5	2
J1233103	1861.11591410567	0	5	3	10	2011	1	1	1	3	2	1	1	7	-9
J1233201	1577.13242612736	1	1	3	10	2011	4	4	2	3	2	1	1	3	2
J1233205	938.513603023423	1	1	3	10	2011	4	4	2	3	2	1	1	2	2
J1233207	3671.50882946957	0	4	3	10	2011	1	1	1	3	2	1	1	6	-9
J1233302	676.641667651115	0	5	3	11	2011	3	3	2	3	2	1	1	1	1
J1233303	616.86129889495	1	1	3	11	2011	4	4	2	3	2	1	1	2	2
J1233304	1418.92981461989	1	1	3	11	2011	4	4	2	3	2	1	1	1	2
J1233305	1346.1601974333	0	5	3	11	2011	1	1	1	3	2	1	1	4	-9
J1233401	1196.6093123428	1	1	3	11	2011	2	2	1	3	2	1	1	1	3
J1233403	1735.90981570813	0	4	3	11	2011	1	1	1	3	2	1	1	2	-9
J1233404	1980.76239485517	0	5	3	11	2011	1	1	1	3	2	1	1	4	-9
J1234104	686.008604589812	0	4	4	1	2012	2	2	1	3	2	1	1	2	3
J1234105	1802.17584269779	0	4	4	1	2012	1	1	1	3	2	1	1	5	-9
J1234107	640.280457207054	1	1	4	1	2012	3	3	2	3	2	1	1	2	1
J1234201	1252.46607331914	1	1	4	1	2012	1	1	1	3	2	1	1	2	-9
J1234203	1540.82838673576	1	1	4	1	2012	1	1	1	3	2	1	1	7	-9
J1234204	1630.95939625954	0	5	4	1	2012	1	1	1	3	2	1	1	5	-9
J1234205	1210.01497795853	0	5	4	1	2012	3	3	2	3	2	1	1	5	1
J1234206	690.16162311175	0	4	4	1	2012	3	3	2	3	2	1	1	1	1
J1234301	1283.39719898366	0	5	4	2	2012	1	1	1	3	2	1	2	10	-9
J1234302	1333.66683849152	0	4	4	2	2012	1	1	1	3	2	1	4	8	-9
J1234303	1338.69679223145	0	5	4	2	2012	1	1	1	3	2	1	1	9	-9
J1234401	3517.87733295635	0	5	4	2	2012	1	1	1	3	2	1	3	9	-9
J1234402	1143.52820011923	1	1	4	2	2012	1	1	1	3	2	1	4	8	-9
J1234405	1215.45152801954	0	5	4	2	2012	1	1	1	3	2	1	2	9	-9
J1241101	1228.86979682777	0	5	1	4	2011	1	1	1	3	2	1	1	3	-9
J1241103	822.126518153399	0	4	1	4	2011	4	4	2	3	2	1	1	2	2
J1241107	1412.24242279246	0	4	1	4	2011	1	1	1	3	2	1	1	3	-9
J1241108	1503.81285466677	0	5	1	4	2011	1	1	1	3	2	1	1	8	-9
J1241109	748.810386199941	1	1	1	4	2011	4	4	2	3	2	1	1	1	2
J1241201	1615.69609982449	1	1	1	4	2011	4	4	2	3	2	1	1	2	2
J1241202	620.13122160198	1	1	1	4	2011	4	4	2	3	2	1	1	1	2
J1241205	1778.06505983478	1	1	1	4	2011	1	1	1	3	2	1	1	5	-9
J1241206	880.521507652879	0	5	1	4	2011	1	1	1	3	2	1	1	1	-9
J1241208	1428.78687420713	0	5	1	4	2011	1	1	1	3	2	1	1	1	-9
J1241210	1459.99005623913	1	1	1	4	2011	2	2	1	3	2	1	1	4	4
J1241301	1583.19470084888	0	4	1	5	2011	1	1	1	3	2	1	1	4	-9
J1241303	989.75313027542	1	1	1	5	2011	4	4	2	3	2	1	1	1	2
J1241304	928.961261471556	1	1	1	5	2011	4	4	2	3	2	1	1	1	2
J1241305	778.335745613696	1	1	1	5	2011	1	1	1	3	2	1	1	2	-9
J1241306	1323.15224982228	0	5	1	5	2011	1	1	1	3	2	1	1	2	-9
J1241307	1575.76588248729	0	4	1	5	2011	1	1	1	3	2	1	1	1	-9
J1241309	1425.5865160652	0	4	1	5	2011	4	4	2	3	2	1	1	2	2
J1241310	862.316411918079	1	1	1	5	2011	4	4	2	3	2	1	1	2	2
J1241401	1542.90889675045	1	1	1	5	2011	1	1	1	3	2	1	1	3	-9
J1241403	1114.82058346269	1	1	1	5	2011	1	1	1	3	2	1	1	1	-9
J1241405	2419.49691907559	1	1	1	5	2011	1	1	1	3	2	1	1	6	-9
J1241406	750.640389691984	1	1	1	5	2011	4	4	2	3	2	1	1	1	2
J1241407	869.206887840735	1	1	1	5	2011	1	1	1	3	2	1	1	1	-9
J1241408	1888.25667521987	0	5	1	5	2011	1	1	1	3	2	1	1	3	-9
J1241410	1426.72184173694	1	1	1	5	2011	4	4	2	3	2	1	1	3	2
J1242104	1069.31049209965	0	5	2	7	2011	1	1	1	4	5	3	1	5	-9
J1242106	1534.37103536408	0	5	2	7	2011	1	1	1	4	5	3	1	7	-9
J1242107	1222.28557643396	0	5	2	7	2011	1	1	1	3	2	1	2	5	-9
J1242108	1384.74034429705	1	1	2	7	2011	1	1	1	3	2	1	1	5	-9
J1242110	1776.87498265461	0	4	2	7	2011	1	1	1	3	2	1	1	4	-9
J1242202	1673.11435861938	1	1	2	7	2011	1	1	1	3	2	1	1	2	-9
J1242204	702.855643960575	1	1	2	7	2011	4	4	2	3	2	1	1	1	2
J1242205	1418.82416670772	0	5	2	7	2011	1	1	1	3	2	1	1	6	-9
J1242208	1530.77907660397	0	5	2	7	2011	1	1	1	3	2	1	1	9	-9
J1242209	1350.54897456988	0	4	2	7	2011	2	2	1	3	2	1	1	1	5
J1242301	1187.47616171044	1	1	2	8	2011	1	1	1	3	2	1	1	1	-9
J1242302	998.269080653506	0	5	2	8	2011	1	1	1	3	2	1	1	1	-9
J1242303	1372.87483415293	0	4	2	8	2011	4	4	2	3	2	1	1	1	2
J1242304	3570.50143825431	0	5	2	8	2011	1	1	1	3	2	1	1	3	-9
J1242305	770.577712287226	0	4	2	8	2011	2	2	1	3	2	1	1	2	5
J1242307	1701.51737593601	0	5	2	8	2011	1	1	1	3	2	1	1	6	-9
J1242308	1686.8702516207	1	1	2	8	2011	1	1	1	3	2	1	1	9	-9
J1242309	2167.66546865673	0	4	2	8	2011	2	2	1	3	2	1	1	10	5
J1242403	1089.11458701354	1	1	2	8	2011	1	1	1	3	2	1	1	2	-9
J1242404	1038.0960321764	0	5	2	8	2011	1	1	1	3	2	1	1	1	-9
J1242406	855.093941831192	1	1	2	8	2011	4	4	2	3	2	1	1	1	2
J1242410	796.939608109919	0	4	2	8	2011	4	4	2	3	2	1	1	3	2
J1242411	987.471564653723	1	1	2	8	2011	4	4	2	3	2	1	1	1	2
J1243104	1671.65146700858	0	5	3	10	2011	1	1	1	3	2	1	1	3	-9
J1243105	4510.11695705679	0	4	3	10	2011	4	4	2	3	2	1	1	2	2
J1243201	1338.48563351581	0	4	3	10	2011	1	1	1	3	2	1	1	3	-9
J1243203	1519.01859468071	0	5	3	10	2011	1	1	1	3	2	1	1	6	-9
J1243204	1552.5068496645	1	1	3	10	2011	1	1	1	3	2	1	1	6	-9
J1243205	1199.72648627154	1	1	3	10	2011	4	4	2	3	2	1	1	6	2
J1243206	1342.72498948711	0	4	3	10	2011	1	1	1	3	2	1	1	2	-9
J1243301	1649.91961845321	0	5	3	11	2011	1	1	1	3	2	1	1	7	-9
J1243302	2671.75744712659	0	5	3	11	2011	1	1	1	3	2	1	1	4	-9
J1243306	591.797369584466	1	1	3	11	2011	4	4	2	3	2	1	1	4	2
J1243401	3528.44930685174	0	5	3	11	2011	1	1	1	3	2	1	1	3	-9
J1243402	1755.79200620887	1	1	3	11	2011	1	1	1	3	2	1	1	2	-9
J1243403	1342.94676327457	0	5	3	11	2011	1	1	1	3	2	1	1	4	-9
J1243404	1829.20098777892	0	5	3	11	2011	1	1	1	3	2	1	1	7	-9
J1243405	897.254857754206	1	1	3	11	2011	4	4	2	3	2	1	1	1	2
J1243406	1580.46907002394	1	1	3	11	2011	2	2	1	3	2	1	1	2	3
J1243407	1290.16025402047	1	1	3	11	2011	4	4	2	3	2	1	1	4	2
J1243408	1341.93472112818	0	5	3	11	2011	1	1	1	3	2	1	1	4	-9
J1243409	1620.31786273794	0	5	3	11	2011	1	1	1	3	2	1	1	4	-9
J1243410	2031.40459872316	1	1	3	11	2011	1	1	1	3	2	1	1	5	-9
J1244101	851.860976188238	0	5	4	1	2012	1	1	1	4	5	3	1	4	-9
J1244104	2207.56863261371	0	5	4	1	2012	1	1	1	4	5	3	1	8	-9
J1244105	1114.58011259599	1	1	4	1	2012	3	3	2	4	5	3	1	7	1
J1244106	1475.6243473792	1	1	4	1	2012	4	4	2	4	5	3	1	3	2
J1244201	1548.74551113902	0	5	4	1	2012	1	1	1	4	5	3	3	8	-9
J1244202	1699.93060274222	1	1	4	1	2012	1	1	1	4	5	3	3	8	-9
J1244203	1519.00791600806	0	5	4	1	2012	1	1	1	4	5	3	1	4	-9
J1244204	2136.74734104663	0	4	4	1	2012	1	1	1	4	5	3	3	5	-9
J1244205	1701.36597396476	0	5	4	1	2012	1	1	1	4	5	3	2	6	-9
J1244206	1700.75502396812	0	5	4	1	2012	1	1	1	4	5	3	2	7	-9
J1244207	1488.15415912492	1	1	4	1	2012	1	1	1	4	5	3	2	7	-9
J1244208	1106.90765087602	1	1	4	1	2012	3	3	2	4	5	3	2	6	1
J1244305	2511.16300259915	0	5	4	2	2012	1	1	1	4	5	3	2	5	-9
J1244306	1407.69568370653	1	1	4	2	2012	1	1	1	4	5	3	2	10	-9
J1244307	2207.10756926178	0	5	4	2	2012	1	1	1	4	5	3	2	8	-9
J1244405	1603.89619818848	1	1	4	2	2012	1	1	1	4	5	3	1	5	-9
J1251101	816.286744454881	1	1	1	4	2011	3	3	2	3	2	1	1	4	1
J1251104	1595.2352666014	1	1	1	4	2011	1	1	1	3	2	1	1	10	-9
J1251105	1402.32803015188	0	5	1	4	2011	1	1	1	3	2	1	1	7	-9
J1251106	1505.70140231053	1	1	1	4	2011	1	1	1	3	2	1	1	8	-9
J1251203	2115.21378365852	1	1	1	4	2011	1	1	1	3	2	1	1	2	-9
J1251205	1583.19348872138	1	1	1	4	2011	2	2	1	3	2	1	1	7	3
J1251206	1661.45230904636	0	4	1	4	2011	1	1	1	3	2	1	1	7	-9
J1251207	1117.95822996671	1	1	1	4	2011	3	3	2	3	2	1	1	1	1
J1251301	2025.9635335537	0	5	1	5	2011	1	1	1	3	2	1	1	8	-9
J1251302	1885.4269095294	1	1	1	5	2011	3	3	2	3	2	1	1	1	1
J1251303	2600.69589799578	1	1	1	5	2011	2	2	1	3	2	1	1	3	3
J1251306	1530.46131788769	1	1	1	5	2011	1	1	1	3	2	1	1	3	-9
J1251307	1154.5255986559	0	5	1	5	2011	1	1	1	3	2	1	1	5	-9
J1251308	1905.95838700319	1	1	1	5	2011	1	1	1	3	2	1	1	3	-9
J1251401	1221.92446546331	1	1	1	5	2011	1	1	1	3	2	1	1	4	-9
J1251402	1341.75896301416	0	5	1	5	2011	1	1	1	3	2	1	1	4	-9
J1251403	1184.07925208574	1	1	1	5	2011	1	1	1	3	2	1	1	4	-9
J1251405	956.387440232804	0	4	1	5	2011	3	3	2	3	2	1	1	1	1
J1251408	948.867647086822	1	1	1	5	2011	3	3	2	3	2	1	1	1	1
J1251409	1256.87008057501	0	4	1	5	2011	1	1	1	3	2	1	1	3	-9
J1251410	1305.52647184478	0	5	1	5	2011	1	1	1	3	2	1	1	6	-9
J1252102	1286.4061676119	1	1	2	7	2011	1	1	1	3	2	1	1	5	-9
J1252103	1713.26067299854	0	5	2	7	2011	1	1	1	3	2	1	1	3	-9
J1252105	1363.30905058501	0	5	2	7	2011	1	1	1	3	2	1	1	4	-9
J1252106	1321.68625475664	1	1	2	7	2011	1	1	1	3	2	1	1	7	-9
J1252107	1744.94577421008	0	5	2	7	2011	1	1	1	3	2	1	1	4	-9
J1252108	1508.31831927969	1	1	2	7	2011	2	2	1	3	2	1	1	5	3
J1252203	1561.69537617614	1	1	2	7	2011	1	1	1	3	2	1	1	9	-9
J1252206	814.204355822365	1	1	2	7	2011	4	4	2	3	2	1	1	3	2
J1252207	1804.30439119966	0	4	2	7	2011	1	1	1	3	2	1	1	5	-9
J1252303	1797.31108630627	0	4	2	8	2011	1	1	1	3	2	1	1	9	-9
J1252307	1410.92004900753	0	5	2	8	2011	1	1	1	3	2	1	1	9	-9
J1252308	1523.47142968387	1	1	2	8	2011	1	1	1	3	2	1	1	10	-9
J1252402	1377.75954102597	1	1	2	8	2011	2	2	1	3	2	1	1	10	3
J1252407	1443.71954356685	1	1	2	8	2011	1	1	1	3	2	1	1	10	-9
J1253101	728.090614019191	0	4	3	10	2011	3	3	2	3	2	1	1	1	1
J1253104	1712.94459632067	0	4	3	10	2011	1	1	1	3	2	1	1	9	-9
J1253105	1210.66712136223	0	4	3	10	2011	2	2	1	3	2	1	1	10	3
J1253106	1367.09291546072	0	5	3	10	2011	1	1	1	3	2	1	1	10	-9
J1253201	1472.90550546806	1	1	3	10	2011	1	1	1	3	2	1	1	5	-9
J1253203	1711.49683614109	1	1	3	10	2011	4	4	2	3	2	1	1	5	2
J1253205	1761.10224348399	0	5	3	10	2011	1	1	1	3	2	1	1	10	-9
J1253208	1254.33346918654	1	1	3	10	2011	1	1	1	3	2	1	1	10	-9
J1253302	762.860642669984	0	4	3	11	2011	3	3	2	3	2	1	1	1	1
J1253303	1327.14784722756	0	5	3	11	2011	1	1	1	3	2	1	1	4	-9
J1253306	1531.89422096779	0	5	3	11	2011	1	1	1	3	2	1	1	7	-9
J1253402	832.412026249069	0	5	3	11	2011	1	1	1	3	2	1	1	2	-9
J1253403	979.205807105966	1	1	3	11	2011	3	3	2	3	2	1	1	3	1
J1253404	1434.39954063413	1	1	3	11	2011	1	1	1	3	2	1	1	7	-9
J1253405	2199.01782804379	0	5	3	11	2011	1	1	1	3	2	1	1	4	-9
J1253407	1462.80339298835	1	1	3	11	2011	2	2	1	3	2	1	1	4	3
J1253408	643.347421951368	1	1	3	11	2011	4	4	2	3	2	1	1	6	2
J1253409	1386.89122408071	1	1	3	11	2011	1	1	1	3	2	1	1	6	-9
J1253410	1573.68108656868	0	4	3	11	2011	2	2	1	3	2	1	1	1	3
J1253411	1901.81566104992	0	4	3	11	2011	1	1	1	3	2	1	1	4	-9
J1254101	1170.20583882268	1	1	4	1	2012	1	1	1	3	2	1	1	10	-9
J1254103	1921.0202038859	0	5	4	1	2012	1	1	1	3	2	1	1	8	-9
J1254104	7453.42746170169	1	1	4	1	2012	2	2	1	3	2	1	1	8	3
J1254105	4365.30080924186	0	5	4	1	2012	1	1	1	3	2	1	1	6	-9
J1254106	1192.71507604632	1	1	4	1	2012	1	1	1	3	2	1	1	10	-9
J1254108	1433.37906566739	0	5	4	1	2012	1	1	1	3	2	1	1	10	-9
J1254109	2481.4918392878	1	1	4	1	2012	1	1	1	3	2	1	1	10	-9
J1254201	1811.75118307613	0	5	4	1	2012	1	1	1	3	2	1	1	8	-9
J1254202	1799.97945573723	1	1	4	1	2012	1	1	1	3	2	1	1	7	-9
J1254203	958.353907726164	1	1	4	1	2012	2	2	1	3	2	1	1	4	3
J1254205	1388.09793506632	1	1	4	1	2012	1	1	1	3	2	1	1	8	-9
J1254206	1320.92085813029	0	5	4	1	2012	1	1	1	3	2	1	1	8	-9
J1254207	1376.31231222157	1	1	4	1	2012	1	1	1	3	2	1	1	7	-9
J1254301	1183.64361213247	1	1	4	2	2012	1	1	1	3	2	1	1	10	-9
J1254303	735.540131631236	1	1	4	2	2012	4	4	2	3	2	1	1	2	2
J1254304	1752.8911576957	0	5	4	2	2012	1	1	1	3	2	1	1	9	-9
J1254306	1371.98175508344	1	1	4	2	2012	1	1	1	3	2	1	1	8	-9
J1254401	1892.64256368746	0	5	4	2	2012	1	1	1	3	2	1	1	7	-9
J1254403	1835.99658973042	1	1	4	2	2012	1	1	1	3	2	1	1	6	-9
J1254407	1253.40990997247	0	5	4	2	2012	1	1	1	3	2	1	1	9	-9
J1254408	2306.79552578186	0	4	4	2	2012	1	1	1	3	2	1	1	3	-9
J1261102	767.197088408353	0	5	1	4	2011	1	1	1	3	2	1	1	2	-9
J1261103	720.228695073168	1	1	1	4	2011	4	4	2	3	2	1	1	3	2
J1261104	795.825384667463	0	5	1	4	2011	1	1	1	3	2	1	1	4	-9
J1261105	958.113915865146	1	1	1	4	2011	2	2	1	3	2	1	1	3	3
J1261106	1186.25625807778	0	5	1	4	2011	1	1	1	3	2	1	1	4	-9
J1261108	1003.51066792102	1	1	1	4	2011	2	2	1	3	2	1	1	4	3
J1261109	1466.91604794327	0	5	1	4	2011	1	1	1	3	2	1	1	8	-9
J1261111	4116.30020807846	1	1	1	4	2011	2	2	1	3	2	1	1	3	3
J1261115	4255.63904986432	0	5	1	4	2011	1	1	1	3	2	1	1	5	-9
J1261204	1833.55177832245	1	1	1	4	2011	2	2	1	3	2	1	1	4	4
J1261207	1449.53834999952	0	4	1	4	2011	2	2	1	3	2	1	1	1	3
J1261208	670.783595256018	1	1	1	4	2011	4	4	2	3	2	1	1	2	2
J1261212	933.497939279659	1	1	1	4	2011	1	1	1	3	2	1	1	1	-9
J1261213	894.781197017481	1	1	1	4	2011	4	4	2	3	2	1	1	1	2
J1261217	1240.52587277203	1	1	1	4	2011	4	4	2	3	2	1	1	6	2
J1261301	928.919879467354	1	1	1	5	2011	4	4	2	3	2	1	1	1	2
J1261304	715.031332197124	1	1	1	5	2011	4	4	2	3	2	1	1	2	2
J1261308	720.085313026506	1	1	1	5	2011	4	4	2	3	2	1	1	1	2
J1261310	888.766467179193	1	1	1	5	2011	1	1	1	3	2	1	1	4	-9
J1261311	1061.73732593812	1	1	1	5	2011	2	2	1	3	2	1	1	2	5
J1261313	3914.96419762209	0	4	1	5	2011	2	2	1	3	2	1	1	5	5
J1261314	936.282541281033	1	1	1	5	2011	2	2	1	3	2	1	1	4	5
J1261315	721.972709997705	1	1	1	5	2011	1	1	1	3	2	1	1	1	-9
J1261318	606.938654795795	1	1	1	5	2011	4	4	2	3	2	1	1	1	2
J1261319	807.009054337623	1	1	1	5	2011	4	4	2	3	2	1	1	1	2
J1261320	1196.50511888199	0	4	1	5	2011	2	2	1	3	2	1	1	1	3
J1261321	709.291231617313	0	4	1	5	2011	1	1	1	3	2	1	1	2	-9
J1261322	1336.04306532502	0	5	1	5	2011	1	1	1	3	2	1	1	2	-9
J1261402	803.140796177063	0	4	1	5	2011	4	4	2	3	2	1	1	1	2
J1261403	726.693321543169	1	1	1	5	2011	4	4	2	3	2	1	1	1	2
J1261404	741.072894115738	1	1	1	5	2011	2	2	1	3	2	1	1	1	3
J1261408	1375.73483442167	1	1	1	5	2011	1	1	1	3	2	1	1	2	-9
J1261411	870.191458194946	1	1	1	5	2011	4	4	2	3	2	1	1	1	2
J1261413	1374.94547522125	1	1	1	5	2011	1	1	1	3	2	1	1	2	-9
J1261414	1200.56241767357	1	1	1	5	2011	4	4	2	3	2	1	1	1	2
J1261415	1444.5074212518	1	1	1	5	2011	1	1	1	3	2	1	1	2	-9
J1262103	885.15894264719	0	4	2	7	2011	4	4	2	3	2	1	1	1	2
J1262104	786.821839528912	1	1	2	7	2011	1	1	1	3	2	1	1	1	-9
J1262106	1449.36510181486	1	1	2	7	2011	1	1	1	3	2	1	1	3	-9
J1262108	944.29834961489	1	1	2	7	2011	1	1	1	3	2	1	1	1	-9
J1262113	552.256233993284	1	1	2	7	2011	4	4	2	3	2	1	1	1	2
J1262115	1460.83495861214	0	4	2	7	2011	1	1	1	3	2	1	1	1	-9
J1262116	875.68002557668	1	1	2	7	2011	4	4	2	3	2	1	1	1	2
J1262117	685.738467864299	1	1	2	7	2011	4	4	2	3	2	1	1	1	2
J1262118	703.922137695483	0	5	2	7	2011	1	1	1	3	2	1	1	1	-9
J1262119	1798.137399657	1	1	2	7	2011	4	4	2	3	2	1	1	1	2
J1262201	2500.34976493664	1	1	2	7	2011	4	4	2	3	2	1	1	2	2
J1262204	639.434129080819	1	1	2	7	2011	4	4	2	3	2	1	1	2	2
J1262206	780.128329596865	0	4	2	7	2011	4	4	2	3	2	1	1	1	2
J1262207	799.526345768618	0	5	2	7	2011	1	1	1	3	2	1	1	1	-9
J1262208	1292.74376686489	0	4	2	7	2011	1	1	1	3	2	1	1	1	-9
J1262210	1428.95425492496	1	1	2	7	2011	4	4	2	3	2	1	1	1	2
J1262211	761.649761059766	0	5	2	7	2011	1	1	1	3	2	1	1	1	-9
J1262212	864.496434786545	0	5	2	7	2011	1	1	1	3	2	1	1	2	-9
J1262213	1587.12364176716	1	1	2	7	2011	1	1	1	3	2	1	1	2	-9
J1262214	876.800579195652	0	5	2	7	2011	1	1	1	3	2	1	1	1	-9
J1262215	734.028357897962	1	1	2	7	2011	4	4	2	3	2	1	1	1	2
J1262216	1546.28995673068	0	5	2	7	2011	1	1	1	3	2	1	1	2	-9
J1262217	1111.09801306882	0	4	2	7	2011	1	1	1	3	2	1	1	2	-9
J1262218	1426.52892489662	0	5	2	7	2011	1	1	1	3	2	1	1	6	-9
J1262219	907.660482481021	1	1	2	7	2011	4	4	2	3	2	1	1	6	2
J1262304	1093.61711875219	0	4	2	8	2011	4	4	2	3	2	1	1	3	2
J1262307	790.909150988497	1	1	2	8	2011	1	1	1	3	2	1	1	1	-9
J1262308	675.237022873284	1	1	2	8	2011	4	4	2	3	2	1	1	1	2
J1262309	746.489388944772	0	5	2	8	2011	1	1	1	3	2	1	1	1	-9
J1262310	559.630509153586	1	1	2	8	2011	3	3	2	3	2	1	1	1	1
J1262312	1926.0048293587	1	1	2	8	2011	2	2	1	3	2	1	1	5	3
J1262313	2431.56374384481	0	4	2	8	2011	4	4	2	3	2	1	1	5	2
J1262314	1109.6037631546	1	1	2	8	2011	1	1	1	3	2	1	1	2	-9
J1262315	843.807794682836	0	5	2	8	2011	1	1	1	3	2	1	1	3	-9
J1262317	1058.82926258857	1	1	2	8	2011	2	2	1	3	2	1	1	1	3
J1262318	930.017947177848	1	1	2	8	2011	3	3	2	3	2	1	1	1	1
J1262402	770.083694731063	0	5	2	8	2011	1	1	1	3	2	1	1	1	-9
J1262403	624.937449924901	1	1	2	8	2011	3	3	2	3	2	1	1	1	1
J1262406	662.647865101914	0	4	2	8	2011	2	2	1	3	2	1	1	1	3
J1262411	708.146263938839	1	1	2	8	2011	4	4	2	3	2	1	1	1	2
J1262413	1388.63694236727	1	1	2	8	2011	4	4	2	3	2	1	1	4	2
J1262416	1797.63069694549	1	1	2	8	2011	1	1	1	3	2	1	1	5	-9
J1262418	1885.67149086608	1	1	2	8	2011	1	1	1	3	2	1	1	9	-9
J1263102	1393.04849975202	0	5	3	10	2011	1	1	1	3	2	1	1	1	-9
J1263103	892.042316106156	0	5	3	10	2011	4	4	2	3	2	1	1	1	2
J1263104	1240.35483126465	1	1	3	10	2011	2	2	1	3	2	1	1	1	3
J1263105	816.740872672683	1	1	3	10	2011	2	2	1	3	2	1	1	1	4
J1263106	577.02379018281	1	1	3	10	2011	4	4	2	3	2	1	1	1	2
J1263107	937.654991959544	0	4	3	10	2011	3	3	2	3	2	1	1	1	1
J1263109	1860.3292041276	0	4	3	10	2011	2	2	1	3	2	1	1	1	4
J1263110	1988.35169243964	0	5	3	10	2011	1	1	1	3	2	1	1	1	-9
J1263111	735.395546377114	1	1	3	10	2011	3	3	2	3	2	1	1	1	1
J1263112	1104.19580916538	1	1	3	10	2011	3	3	2	3	2	1	1	1	1
J1263113	839.902332162507	1	1	3	10	2011	3	3	2	3	2	1	1	1	1
J1263115	2050.92368321852	0	5	3	10	2011	1	1	1	3	2	1	1	6	-9
J1263201	755.795672216591	1	1	3	10	2011	3	3	2	3	2	1	1	2	1
J1263202	628.293461156773	0	5	3	10	2011	3	3	2	3	2	1	1	2	1
J1263205	1750.98177218804	0	5	3	10	2011	1	1	1	3	2	1	1	4	-9
J1263208	853.744090276964	0	5	3	10	2011	3	3	2	3	2	1	1	1	1
J1263209	2003.73039416254	0	4	3	10	2011	1	1	1	3	2	1	1	2	-9
J1263210	718.596441197241	0	5	3	10	2011	1	1	1	3	2	1	1	2	-9
J1263211	1845.63370260025	0	4	3	10	2011	2	2	1	3	2	1	1	1	5
J1263215	825.638135545895	0	5	3	10	2011	3	3	2	3	2	1	1	1	1
J1263216	2288.19416878456	0	4	3	10	2011	1	1	1	3	2	1	1	2	-9
J1263301	1305.04138799481	0	5	3	11	2011	4	4	2	3	2	1	1	1	2
J1263302	1340.71312307465	1	1	3	11	2011	3	3	2	3	2	1	1	1	1
J1263305	2916.43670168026	0	5	3	11	2011	1	1	1	3	2	1	1	2	-9
J1263306	1256.72711801802	0	5	3	11	2011	1	1	1	3	2	1	1	1	-9
J1263311	3067.30151509388	0	4	3	11	2011	3	3	2	3	2	1	1	1	1
J1263312	2005.91186714529	1	1	3	11	2011	3	3	2	3	2	1	1	1	1
J1263313	896.879193005231	0	5	3	11	2011	1	1	1	3	2	1	1	1	-9
J1263316	2016.24329486402	0	5	3	11	2011	1	1	1	3	2	1	1	1	-9
J1263317	2766.53285195295	0	4	3	11	2011	1	1	1	3	2	1	1	1	-9
J1263401	1049.28672220739	0	4	3	11	2011	2	2	1	3	2	1	1	2	5
J1263403	852.904722280187	1	1	3	11	2011	2	2	1	3	2	1	1	1	4
J1263404	818.877629475234	0	5	3	11	2011	2	2	1	3	2	1	1	1	3
J1263405	750.972580306953	0	4	3	11	2011	3	3	2	3	2	1	1	1	1
J1263406	1142.76669322236	1	1	3	11	2011	4	4	2	3	2	1	1	3	2
J1263410	759.080604516886	0	4	3	11	2011	2	2	1	3	2	1	1	1	3
J1263411	1576.08791459126	0	4	3	11	2011	2	2	1	3	2	1	1	2	3
J1263412	655.767548035903	1	1	3	11	2011	4	4	2	3	2	1	1	1	2
J1263414	862.236770929953	0	5	3	11	2011	1	1	1	3	2	1	1	1	-9
J1263416	777.349512532682	0	5	3	11	2011	1	1	1	3	2	1	1	1	-9
J1263417	1305.97686242777	1	1	3	11	2011	3	3	2	3	2	1	1	1	1
J1264101	1646.24013126258	0	5	4	1	2012	1	1	1	3	2	1	1	6	-9
J1264103	709.64599058674	1	1	4	1	2012	4	4	2	3	2	1	1	1	2
J1264104	1501.81339846301	0	4	4	1	2012	2	2	1	3	2	1	1	6	3
J1264105	822.338831412583	1	1	4	1	2012	2	2	1	3	2	1	1	2	3
J1264110	783.906785836025	0	4	4	1	2012	4	4	2	3	2	1	1	3	2
J1264112	2073.93963171903	0	5	4	1	2012	1	1	1	3	2	1	1	1	-9
J1264113	1777.81391824374	1	1	4	1	2012	4	4	2	3	2	1	1	2	2
J1264114	784.824276549904	1	1	4	1	2012	3	3	2	3	2	1	1	1	1
J1264203	1265.52385555221	1	1	4	1	2012	2	2	1	3	2	1	1	5	3
J1264205	686.212784503223	1	1	4	1	2012	4	4	2	3	2	1	1	6	2
J1264207	830.244114485875	0	5	4	1	2012	1	1	1	3	2	1	1	4	-9
J1264208	3283.92489666484	0	4	4	1	2012	2	2	1	3	2	1	1	4	3
J1264209	1696.95726292618	0	4	4	1	2012	2	2	1	3	2	1	1	4	5
J1264210	1531.72863853626	0	4	4	1	2012	2	2	1	3	2	1	1	1	3
J1264214	1346.38403125928	1	1	4	1	2012	3	3	2	3	2	1	1	1	1
J1264215	692.015057746782	1	1	4	1	2012	2	2	1	3	2	1	1	1	4
J1264217	772.556283795375	0	5	4	1	2012	4	4	2	3	2	1	1	1	2
J1264218	753.714758590533	0	4	4	1	2012	3	3	2	3	2	1	1	1	1
J1264309	580.987276555043	1	1	4	2	2012	4	4	2	3	2	1	1	1	2
J1264315	769.074629146122	1	1	4	2	2012	4	4	2	3	2	1	1	2	2
J1264316	1025.46015576821	1	1	4	2	2012	2	2	1	3	2	1	1	1	3
J1264317	649.626347199465	1	1	4	2	2012	4	4	2	3	2	1	1	1	2
J1264319	1293.37463238415	1	1	4	2	2012	2	2	1	3	2	1	1	1	3
J1264320	994.189196479834	1	1	4	2	2012	2	2	1	3	2	1	1	2	3
J1264322	1201.26809978137	1	1	4	2	2012	2	2	1	3	2	1	1	2	3
J1264323	986.518648584327	1	1	4	2	2012	4	4	2	3	2	1	1	2	2
J1264326	2288.74776081801	1	1	4	2	2012	2	2	1	3	2	1	1	1	3
J1264327	562.434266614915	1	1	4	2	2012	4	4	2	3	2	1	1	1	2
J1264328	565.124448643553	1	1	4	2	2012	4	4	2	3	2	1	1	1	2
J1264403	1557.62050997022	0	4	4	2	2012	2	2	1	3	2	1	1	1	3
J1264404	800.938865583071	0	4	4	2	2012	4	4	2	3	2	1	1	1	2
J1264405	939.866792965034	1	1	4	2	2012	4	4	2	3	2	1	1	1	2
J1264406	634.754838519152	0	5	4	2	2012	4	4	2	3	2	1	1	1	2
J1264407	817.61371367802	0	4	4	2	2012	1	1	1	3	2	1	1	1	-9
J1264408	645.3013757806	1	1	4	2	2012	4	4	2	3	2	1	1	1	2
J1264409	1583.96068237223	1	1	4	2	2012	2	2	1	3	2	1	1	2	3
J1264411	730.357502579109	1	1	4	2	2012	4	4	2	3	2	1	1	1	2
J1264412	708.309498854491	0	4	4	2	2012	4	4	2	3	2	1	1	1	2
J1264413	937.759883099335	0	5	4	2	2012	1	1	1	3	2	1	1	1	-9
J1264414	1601.99278170067	0	4	4	2	2012	1	1	1	3	2	1	1	1	-9
J1264416	1170.79275522253	0	5	4	2	2012	2	2	1	3	2	1	1	2	3
J1264417	1553.63098257094	0	4	4	2	2012	1	1	1	3	2	1	1	2	-9
J1271101	3066.49577795674	0	5	1	4	2011	1	1	1	3	2	1	1	7	-9
J1271102	1505.67864108766	1	1	1	4	2011	1	1	1	3	2	1	1	7	-9
J1271103	779.992893388926	0	5	1	4	2011	1	1	1	3	2	1	1	2	-9
J1271104	1354.99007374965	1	1	1	4	2011	1	1	1	3	2	1	1	7	-9
J1271105	2342.95250444094	1	1	1	4	2011	4	4	2	3	2	1	1	7	2
J1271106	1346.95013870502	1	1	1	4	2011	1	1	1	3	2	1	1	10	-9
J1271107	1631.31105044668	1	1	1	4	2011	1	1	1	3	2	1	1	10	-9
J1271203	618.577024103102	1	1	1	4	2011	4	4	2	3	2	1	1	1	2
J1271204	2585.87318068232	1	1	1	4	2011	1	1	1	3	2	1	1	5	-9
J1271205	1646.20343845019	1	1	1	4	2011	4	4	2	3	2	1	1	1	2
J1271206	1491.37587723264	1	1	1	4	2011	1	1	1	3	2	1	1	9	-9
J1271301	1690.4635114133	0	5	1	5	2011	1	1	1	3	2	1	1	8	-9
J1271304	1788.42341052014	1	1	1	5	2011	4	4	2	3	2	1	1	9	2
J1271305	1819.76246577775	0	5	1	5	2011	1	1	1	3	2	1	1	10	-9
J1271307	1326.39268231693	0	5	1	5	2011	1	1	1	3	2	1	1	7	-9
J1271401	1290.94798359397	1	1	1	5	2011	1	1	1	3	2	1	1	10	-9
J1271404	1319.59980661062	0	4	1	5	2011	1	1	1	3	2	1	1	6	-9
J1271405	1325.75459322553	0	5	1	5	2011	1	1	1	3	2	1	1	10	-9
J1272102	568.160686195815	0	5	2	7	2011	1	1	1	3	2	1	1	3	-9
J1272107	1493.79821343535	0	4	2	7	2011	1	1	1	3	2	1	1	3	-9
J1272108	3430.68127587874	0	5	2	7	2011	1	1	1	3	2	1	1	2	-9
J1272202	887.199163491338	0	5	2	7	2011	1	1	1	3	2	1	1	3	-9
J1272204	1326.12706275552	1	1	2	7	2011	4	4	2	3	2	1	1	4	2
J1272205	1902.46890167235	0	5	2	7	2011	1	1	1	3	2	1	1	5	-9
J1272206	797.003571062002	0	4	2	7	2011	4	4	2	3	2	1	1	3	2
J1272207	802.790512395571	0	4	2	7	2011	4	4	2	3	2	1	1	2	2
J1272303	1227.28544213616	1	1	2	8	2011	1	1	1	3	2	1	1	9	-9
J1272304	1713.42090593004	0	5	2	8	2011	1	1	1	3	2	1	1	10	-9
J1272306	859.536968080311	0	5	2	8	2011	1	1	1	3	2	1	1	5	-9
J1272401	1931.06213516122	0	5	2	8	2011	1	1	1	3	2	1	1	6	-9
J1272402	1378.70598135029	1	1	2	8	2011	1	1	1	3	2	1	1	8	-9
J1272403	1214.12368297514	0	5	2	8	2011	1	1	1	3	2	1	1	4	-9
J1272406	1102.11188529131	1	1	2	8	2011	2	2	1	3	2	1	1	6	3
J1273101	939.756846536825	0	5	3	10	2011	1	1	1	3	2	1	1	4	-9
J1273102	2048.6355429417	1	1	3	10	2011	1	1	1	3	2	1	1	6	-9
J1273105	967.356587525016	0	5	3	10	2011	4	4	2	3	2	1	1	4	2
J1273201	723.907450695867	0	4	3	10	2011	4	4	2	3	2	1	1	1	2
J1273202	989.448349932867	1	1	3	10	2011	2	2	1	3	2	1	1	3	4
J1273203	1640.73380996415	0	5	3	10	2011	1	1	1	3	2	1	1	7	-9
J1273204	1513.36969344837	1	1	3	10	2011	1	1	1	3	2	1	1	7	-9
J1273206	1394.70007158589	0	5	3	10	2011	1	1	1	3	2	1	1	6	-9
J1273302	1164.164029588	1	1	3	11	2011	4	4	2	3	2	1	1	6	2
J1273303	1655.93546023299	1	1	3	11	2011	1	1	1	3	2	1	1	6	-9
J1273304	1245.11863465522	0	5	3	11	2011	1	1	1	3	2	1	1	9	-9
J1273305	790.746033965413	0	4	3	11	2011	4	4	2	3	2	1	1	2	2
J1273307	1646.34888045056	0	5	3	11	2011	1	1	1	3	2	1	1	7	-9
J1273403	593.299989775688	1	1	3	11	2011	1	1	1	3	2	1	1	3	-9
J1273404	1517.91922481719	0	5	3	11	2011	1	1	1	3	2	1	1	9	-9
J1273405	1536.55483841711	0	5	3	11	2011	1	1	1	3	2	1	1	9	-9
J1274101	1364.76259879109	1	1	4	1	2012	1	1	1	3	2	1	1	9	-9
J1274103	3730.90439269239	0	5	4	1	2012	1	1	1	3	2	1	1	8	-9
J1274104	902.630514376706	1	1	4	1	2012	1	1	1	3	2	1	1	8	-9
J1274107	1516.83780099631	0	5	4	1	2012	1	1	1	3	2	1	1	10	-9
J1274202	1976.99539297627	1	1	4	1	2012	1	1	1	3	2	1	1	5	-9
J1274203	718.26289454965	0	5	4	1	2012	1	1	1	3	2	1	1	3	-9
J1274301	1494.00795294803	1	1	4	2	2012	1	1	1	3	2	1	1	4	-9
J1274302	794.658193748612	0	5	4	2	2012	1	1	1	3	2	1	1	1	-9
J1274303	706.500603035716	1	1	4	2	2012	4	4	2	3	2	1	1	1	2
J1274304	1507.05236460689	1	1	4	2	2012	2	2	1	3	2	1	1	3	3
J1274305	1494.9746054566	0	5	4	2	2012	1	1	1	3	2	1	1	10	-9
J1274306	819.813660532247	0	4	4	2	2012	4	4	2	3	2	1	1	5	2
J1274307	1700.6500175986	0	5	4	2	2012	1	1	1	3	2	1	1	10	-9
J1274401	1256.31840808056	1	1	4	2	2012	1	1	1	3	2	1	1	9	-9
J1274402	2012.6517689933	0	5	4	2	2012	1	1	1	3	2	1	1	10	-9
J1274403	1245.0124904596	1	1	4	2	2012	1	1	1	3	2	1	1	10	-9
J1281101	1619.39951914608	0	5	1	4	2011	1	1	1	3	2	1	1	3	-9
J1281103	1582.39494478134	0	5	1	4	2011	1	1	1	3	2	1	1	3	-9
J1281106	1470.94968014747	0	5	1	4	2011	1	1	1	3	2	1	1	5	-9
J1281202	839.62274664455	0	5	1	4	2011	1	1	1	3	2	1	1	1	-9
J1281203	2336.01905983651	0	4	1	4	2011	2	2	1	3	2	1	1	4	3
J1281204	772.042038537007	1	1	1	4	2011	3	3	2	3	2	1	1	1	1
J1281206	753.506447745317	1	1	1	4	2011	3	3	2	3	2	1	1	1	1
J1281207	2157.22794197114	0	4	1	4	2011	1	1	1	3	2	1	1	8	-9
J1281301	3294.87934853128	1	1	1	5	2011	1	1	1	3	2	1	1	6	-9
J1281303	2699.93284949156	1	1	1	5	2011	1	1	1	3	2	1	1	8	-9
J1281305	1676.44874643225	1	1	1	5	2011	1	1	1	3	2	1	1	10	-9
J1281306	1413.49365559537	0	5	1	5	2011	1	1	1	3	2	1	1	9	-9
J1281402	1484.34134748772	0	4	1	5	2011	3	3	2	3	2	1	1	2	1
J1281405	3579.62911176887	0	5	1	5	2011	1	1	1	3	2	1	1	4	-9
J1282105	1934.37634214762	0	5	2	7	2011	1	1	1	3	2	1	1	6	-9
J1282106	589.207592591925	1	1	2	7	2011	3	3	2	3	2	1	1	1	1
J1282107	1554.67469731125	1	1	2	7	2011	1	1	1	3	2	1	1	4	-9
J1282202	4354.52883107778	0	5	2	7	2011	1	1	1	3	2	1	1	3	-9
J1282208	1209.40416517193	0	5	2	7	2011	1	1	1	3	2	1	1	1	-9
J1282210	725.193395121538	0	4	2	7	2011	3	3	2	3	2	1	1	5	1
J1282301	694.759682747389	0	4	2	8	2011	4	4	2	3	2	1	1	1	2
J1282303	1467.25151479519	1	1	2	8	2011	2	2	1	3	2	1	1	1	3
J1282304	550.306461278525	0	5	2	8	2011	1	1	1	3	2	1	1	1	-9
J1282305	766.83785426989	1	1	2	8	2011	4	4	2	3	2	1	1	1	2
J1282306	1506.56501593964	0	5	2	8	2011	1	1	1	3	2	1	1	6	-9
J1282307	2291.79606118756	0	4	2	8	2011	2	2	1	3	2	1	1	1	5
J1282401	669.89544987862	1	1	2	8	2011	3	3	2	3	2	1	1	1	1
J1282402	3198.05825038605	0	4	2	8	2011	3	3	2	3	2	1	1	5	1
J1282403	2586.69122369017	1	1	2	8	2011	2	2	1	3	2	1	1	1	3
J1282406	3145.8862485633	0	4	2	8	2011	3	3	2	3	2	1	1	1	1
J1282408	1106.35303959261	1	1	2	8	2011	3	3	2	3	2	1	1	1	1
J1282411	1833.30776321011	1	1	2	8	2011	1	1	1	3	2	1	1	2	-9
J1283103	2377.67778173791	1	1	3	10	2011	3	3	2	3	2	1	1	1	1
J1283104	1405.45287393628	1	1	3	10	2011	3	3	2	3	2	1	1	1	1
J1283107	680.254092362551	0	5	3	10	2011	3	3	2	3	2	1	1	2	1
J1283110	864.459677676313	0	5	3	10	2011	1	1	1	3	2	1	1	6	-9
J1283113	2504.36711301588	0	4	3	10	2011	2	2	1	3	2	1	1	2	5
J1283201	1922.45385450189	0	5	3	10	2011	1	1	1	3	2	1	1	1	-9
J1283202	2308.89247743993	1	1	3	10	2011	4	4	2	3	2	1	1	1	2
J1283203	948.888957688005	1	1	3	10	2011	3	3	2	3	2	1	1	1	1
J1283204	654.317545455893	1	1	3	10	2011	3	3	2	3	2	1	1	1	1
J1283208	982.751901791186	1	1	3	10	2011	4	4	2	3	2	1	1	1	2
J1283209	1592.92578367339	1	1	3	10	2011	1	1	1	3	2	1	1	6	-9
J1283210	1476.25990447935	1	1	3	10	2011	2	2	1	3	2	1	1	2	3
J1283301	1738.55770128705	1	1	3	11	2011	3	3	2	3	2	1	1	1	1
J1283302	1888.2772306853	0	5	3	11	2011	1	1	1	3	2	1	1	6	-9
J1283304	773.516198738379	1	1	3	11	2011	3	3	2	3	2	1	1	1	1
J1283305	1585.14053610768	0	5	3	11	2011	1	1	1	3	2	1	1	4	-9
J1283306	1952.92144430637	1	1	3	11	2011	1	1	1	3	2	1	1	5	-9
J1283401	674.116044739514	1	1	3	11	2011	3	3	2	3	2	1	1	1	1
J1283402	1526.3743254315	1	1	3	11	2011	4	4	2	3	2	1	1	1	2
J1283404	2649.72485449734	0	4	3	11	2011	4	4	2	3	2	1	1	3	2
J1283405	2111.36771628152	0	4	3	11	2011	1	1	1	3	2	1	1	2	-9
J1283406	1545.50651636257	0	5	3	11	2011	1	1	1	3	2	1	1	6	-9
J1284101	802.025983315066	1	1	4	1	2012	4	4	2	3	2	1	1	1	2
J1284104	890.882404439455	0	5	4	1	2012	1	1	1	3	2	1	1	1	-9
J1284109	1305.29803644406	1	1	4	1	2012	3	3	2	3	2	1	1	2	1
J1284202	1352.63122034726	1	1	4	1	2012	1	1	1	3	2	1	1	1	-9
J1284204	842.326027854349	0	5	4	1	2012	1	1	1	3	2	1	1	4	-9
J1284205	975.082357310713	1	1	4	1	2012	3	3	2	3	2	1	1	3	1
J1284206	2063.73463197957	0	5	4	1	2012	1	1	1	3	2	1	1	4	-9
J1284208	4012.68855625122	0	5	4	1	2012	1	1	1	3	2	1	1	1	-9
J1284301	2103.48422278279	0	5	4	2	2012	1	1	1	3	2	1	1	9	-9
J1284302	1401.30470097524	0	4	4	2	2012	1	1	1	3	2	1	1	4	-9
J1284303	3817.02298406002	0	5	4	2	2012	1	1	1	3	2	1	1	9	-9
J1284304	1744.91303761758	0	4	4	2	2012	1	1	1	3	2	1	1	9	-9
J1284401	3098.09202681133	0	4	4	2	2012	2	2	1	3	2	1	1	1	5
J1284402	854.585566239458	1	1	4	2	2012	3	3	2	3	2	1	1	1	1
J1284403	1473.05356865677	0	5	4	2	2012	1	1	1	3	2	1	1	7	-9
J1291102	1517.70974738604	1	1	1	4	2011	1	1	1	3	2	1	1	8	-9
J1291103	2502.69132431495	0	5	1	4	2011	1	1	1	3	2	1	1	3	-9
J1291104	1503.3749143123	0	4	1	4	2011	2	2	1	3	2	1	1	5	5
J1291105	1372.62084090315	0	5	1	4	2011	1	1	1	3	2	1	1	2	-9
J1291106	803.872336138669	0	4	1	4	2011	3	3	2	3	2	1	1	1	1
J1291107	637.422210925029	1	1	1	4	2011	3	3	2	3	2	1	1	1	1
J1291108	651.433922173879	1	1	1	4	2011	4	4	2	3	2	1	1	1	2
J1291109	1898.69355007381	0	5	1	4	2011	1	1	1	3	2	1	1	5	-9
J1291110	1188.94213417919	1	1	1	4	2011	3	3	2	3	2	1	1	1	1
J1291204	1446.07385686826	0	4	1	4	2011	1	1	1	3	2	1	1	6	-9
J1291205	903.690571766403	0	5	1	4	2011	1	1	1	3	2	1	1	2	-9
J1291206	2018.58921182656	1	1	1	4	2011	2	2	1	3	2	1	1	5	5
J1291208	1462.94211163291	1	1	1	4	2011	2	2	1	3	2	1	1	6	3
J1291301	4463.18110750427	1	1	1	5	2011	2	2	1	3	2	1	1	1	3
J1291303	1117.23530604042	1	1	1	5	2011	3	3	2	3	2	1	1	4	1
J1291307	1686.96857640259	0	5	1	5	2011	1	1	1	3	2	1	1	3	-9
J1291308	664.28668277905	1	1	1	5	2011	1	1	1	3	2	1	1	1	-9
J1291309	2592.70931304031	0	5	1	5	2011	1	1	1	3	2	1	1	1	-9
J1291310	3098.72467301169	1	1	1	5	2011	1	1	1	3	2	1	1	3	-9
J1291405	1507.81405619959	0	4	1	5	2011	1	1	1	3	2	1	1	5	-9
J1291406	2184.55884683841	0	4	1	5	2011	1	1	1	3	2	1	1	9	-9
J1291407	1358.73779177584	0	5	1	5	2011	1	1	1	3	2	1	1	6	-9
J1291408	1284.12056435098	0	4	1	5	2011	1	1	1	3	2	1	1	9	-9
J1291409	1429.4851246022	0	5	1	5	2011	1	1	1	3	2	1	1	6	-9
J1292102	1149.87608497229	1	1	2	7	2011	2	2	1	3	2	1	1	3	4
J1292105	1394.83022417691	0	5	2	7	2011	1	1	1	3	2	1	1	1	-9
J1292108	1847.13184084171	1	1	2	7	2011	2	2	1	3	2	1	1	8	5
J1292109	2195.20983749181	0	4	2	7	2011	1	1	1	3	2	1	1	7	-9
J1292201	545.308776286999	0	5	2	7	2011	1	1	1	3	2	1	1	1	-9
J1292202	582.162457024101	1	1	2	7	2011	4	4	2	3	2	1	1	1	2
J1292206	638.73267049569	1	1	2	7	2011	4	4	2	3	2	1	1	1	2
J1292209	1712.06713657239	0	5	2	7	2011	1	1	1	3	2	1	1	3	-9
J1292303	1292.82676674307	1	1	2	8	2011	2	2	1	3	2	1	1	1	3
J1292304	1979.49402114268	0	5	2	8	2011	1	1	1	3	2	1	1	1	-9
J1292401	1222.84910933398	0	5	2	8	2011	1	1	1	3	2	1	1	1	-9
J1292402	1299.29958303494	0	4	2	8	2011	2	2	1	3	2	1	1	1	5
J1292407	1745.20126241178	1	1	2	8	2011	1	1	1	3	2	1	1	2	-9
J1292409	1565.88994033711	0	4	2	8	2011	1	1	1	3	2	1	1	9	-9
J1293104	789.320948960755	1	1	3	10	2011	3	3	2	3	2	1	1	5	1
J1293105	1562.23940255937	0	5	3	10	2011	1	1	1	3	2	1	1	3	-9
J1293106	1306.35224918439	0	5	3	10	2011	1	1	1	3	2	1	1	4	-9
J1293107	1465.11977316898	0	4	3	10	2011	1	1	1	3	2	1	1	9	-9
J1293109	3812.8131859825	1	1	3	10	2011	1	1	1	3	2	1	1	1	-9
J1293202	1797.58946081548	1	1	3	10	2011	3	3	2	3	2	1	1	2	1
J1293203	1516.94641474038	1	1	3	10	2011	1	1	1	3	2	1	3	2	-9
J1293204	4234.57155393728	0	5	3	10	2011	1	1	1	3	2	1	1	4	-9
J1293206	3435.59238706491	0	4	3	10	2011	2	2	1	3	2	1	1	3	3
J1293208	3236.37548726044	0	4	3	10	2011	1	1	1	3	2	1	1	5	-9
J1293209	1459.14205969305	0	5	3	10	2011	1	1	1	3	2	1	1	7	-9
J1293301	1202.46357063004	0	5	3	11	2011	1	1	1	3	2	1	1	8	-9
J1293302	1567.08580399439	0	5	3	11	2011	1	1	1	3	2	1	1	8	-9
J1293303	1194.18639529446	1	1	3	11	2011	1	1	1	3	2	1	1	7	-9
J1293402	1230.98028383891	0	5	3	11	2011	1	1	1	3	2	1	1	7	-9
J1293404	2229.37222070397	0	4	3	11	2011	4	4	2	3	2	1	1	2	2
J1293405	1827.21793349249	0	5	3	11	2011	1	1	1	3	2	1	2	4	-9
J1293407	2850.68209504449	0	5	3	11	2011	1	1	1	3	2	1	1	3	-9
J1293408	1327.45579742833	0	5	3	11	2011	1	1	1	3	2	1	1	3	-9
J1293409	1469.02224341993	1	1	3	11	2011	1	1	1	3	2	1	1	2	-9
J1293410	657.679942131106	1	1	3	11	2011	4	4	2	3	2	1	1	4	2
J1294101	3537.22791029439	0	5	4	1	2012	1	1	1	3	2	1	1	8	-9
J1294104	3286.5621488402	1	1	4	1	2012	1	1	1	3	2	1	1	10	-9
J1294105	1094.29285495955	0	5	4	1	2012	1	1	1	3	2	1	1	9	-9
J1294106	1296.19436668358	0	5	4	1	2012	1	1	1	3	2	1	1	6	-9
J1294107	1305.74411735336	1	1	4	1	2012	1	1	1	3	2	1	1	10	-9
J1294108	3833.78292765894	0	5	4	1	2012	1	1	1	3	2	1	1	5	-9
J1294201	1677.322757244	1	1	4	1	2012	2	2	1	3	2	1	1	3	4
J1294202	1333.55565915108	0	5	4	1	2012	1	1	1	3	2	1	1	6	-9
J1294204	1587.74081660937	1	1	4	1	2012	1	1	1	3	2	1	1	3	-9
J1294205	1340.8964325435	0	5	4	1	2012	1	1	1	3	2	1	2	8	-9
J1294207	1376.78462157448	0	5	4	1	2012	1	1	1	3	2	1	1	9	-9
J1294302	1604.39846566136	0	5	4	2	2012	1	1	1	3	2	1	1	2	-9
J1294304	1494.09429712782	0	5	4	2	2012	1	1	1	3	2	1	1	8	-9
J1294305	1987.6040303203	1	1	4	2	2012	1	1	1	3	2	1	1	5	-9
J1294306	737.264555804796	1	1	4	2	2012	4	4	2	3	2	1	1	1	2
J1294307	1400.87778274951	0	5	4	2	2012	1	1	1	3	2	1	1	1	-9
J1294308	1458.77261532068	0	4	4	2	2012	1	1	1	3	2	1	2	7	-9
J1294309	1212.93247782998	0	5	4	2	2012	1	1	1	3	2	1	1	3	-9
J1294401	1096.20905719186	0	4	4	2	2012	2	2	1	3	2	1	1	2	3
J1294405	651.804407622777	1	1	4	2	2012	4	4	2	3	2	1	1	2	2
J1294406	703.750576931072	1	1	4	2	2012	4	4	2	3	2	1	1	3	2
J1294408	1420.88930047924	0	5	4	2	2012	1	1	1	3	2	1	1	8	-9
J1294409	1329.39468200606	1	1	4	2	2012	1	1	1	3	2	1	1	9	-9
J1294410	1008.73161304247	0	5	4	2	2012	1	1	1	3	2	1	4	7	-9
J1301101	1884.82914919581	0	5	1	4	2011	1	1	1	3	2	1	1	2	-9
J1301102	1459.78695161732	1	1	1	4	2011	1	1	1	3	2	1	1	4	-9
J1301103	1280.44755539155	0	4	1	4	2011	2	2	1	3	2	1	1	7	3
J1301104	860.502971429867	1	1	1	4	2011	4	4	2	3	2	1	1	2	2
J1301105	1396.77724922656	1	1	1	4	2011	1	1	1	3	2	1	1	7	-9
J1301106	1439.68705242926	0	5	1	4	2011	1	1	1	3	2	1	1	3	-9
J1301107	1280.08358461448	1	1	1	4	2011	1	1	1	3	2	1	1	4	-9
J1301109	1307.12731598012	1	1	1	4	2011	3	3	2	3	2	1	1	1	1
J1301202	1688.03318519684	1	1	1	4	2011	1	1	1	3	2	1	1	9	-9
J1301203	1665.47210057629	0	5	1	4	2011	1	1	1	3	2	1	1	5	-9
J1301204	1354.29232143639	1	1	1	4	2011	1	1	1	3	2	1	1	9	-9
J1301205	911.879897268145	1	1	1	4	2011	4	4	2	3	2	1	1	5	2
J1301207	1270.47918239378	0	4	1	4	2011	1	1	1	3	2	1	1	10	-9
J1301302	647.790635896193	1	1	1	5	2011	4	4	2	3	2	1	1	1	2
J1301303	1349.94969478422	1	1	1	5	2011	1	1	1	3	2	1	1	2	-9
J1301304	2710.934549979	0	5	1	5	2011	1	1	1	3	2	1	1	9	-9
J1301306	1228.60512576856	0	5	1	5	2011	1	1	1	3	2	1	1	9	-9
J1301307	1274.85822271312	1	1	1	5	2011	1	1	1	3	2	1	1	9	-9
J1301401	968.018573806792	1	1	1	5	2011	4	4	2	3	2	1	1	1	2
J1301402	834.569228899278	1	1	1	5	2011	3	3	2	3	2	1	1	1	1
J1301403	3067.19870294945	0	5	1	5	2011	1	1	1	3	2	1	1	1	-9
J1301404	1573.26817639163	1	1	1	5	2011	1	1	1	3	2	1	1	1	-9
J1301405	688.658022777987	1	1	1	5	2011	3	3	2	3	2	1	1	2	1
J1301406	2278.96935695409	1	1	1	5	2011	1	1	1	3	2	1	1	5	-9
J1301408	1575.18894140804	1	1	1	5	2011	1	1	1	3	2	1	1	6	-9
J1301409	2558.33570629009	0	5	1	5	2011	1	1	1	3	2	1	1	6	-9
J1302102	932.75793781462	0	4	2	7	2011	1	1	1	3	2	1	1	1	-9
J1302103	1464.14776316949	0	5	2	7	2011	1	1	1	3	2	1	1	3	-9
J1302104	1641.91022500834	0	4	2	7	2011	1	1	1	3	2	1	1	2	-9
J1302105	1145.7407816973	1	1	2	7	2011	4	4	2	3	2	1	1	2	2
J1302107	784.089479460599	1	1	2	7	2011	4	4	2	3	2	1	1	1	2
J1302108	746.661763135905	0	5	2	7	2011	1	1	1	3	2	1	1	1	-9
J1302110	713.277946390508	1	1	2	7	2011	3	3	2	3	2	1	1	1	1
J1302201	735.312959341292	1	1	2	7	2011	2	2	1	3	2	1	1	1	3
J1302202	2686.96619890463	0	5	2	7	2011	1	1	1	3	2	1	1	3	-9
J1302204	1306.84819123419	0	5	2	7	2011	1	1	1	3	2	1	1	3	-9
J1302205	1354.14504340929	1	1	2	7	2011	1	1	1	3	2	1	1	4	-9
J1302206	1171.83186617274	0	5	2	7	2011	1	1	1	3	2	1	1	3	-9
J1302301	1909.03520443204	0	4	2	8	2011	1	1	1	3	2	1	1	3	-9
J1302302	1408.33419372274	1	1	2	8	2011	4	4	2	3	2	1	1	1	2
J1302303	820.255511538952	0	4	2	8	2011	3	3	2	3	2	1	1	2	1
J1302307	920.585632206558	1	1	2	8	2011	3	3	2	3	2	1	1	1	1
J1302308	1454.20080245789	0	4	2	8	2011	1	1	1	3	2	1	1	3	-9
J1302309	1847.07928689038	0	5	2	8	2011	1	1	1	3	2	1	1	2	-9
J1302310	834.663624125551	1	1	2	8	2011	3	3	2	3	2	1	1	1	1
J1302401	1491.69272045499	0	5	2	8	2011	1	1	1	3	2	1	1	3	-9
J1302404	1683.69452757823	0	5	2	8	2011	1	1	1	3	2	1	1	3	-9
J1302405	1814.55992845538	1	1	2	8	2011	1	1	1	3	2	1	1	7	-9
J1302406	1438.23561394816	0	5	2	8	2011	1	1	1	3	2	1	1	4	-9
J1302407	1545.09717155055	1	1	2	8	2011	1	1	1	3	2	1	1	2	-9
J1303101	629.489534603307	1	1	3	10	2011	3	3	2	3	2	1	1	1	1
J1303104	1297.13272589062	1	1	3	10	2011	1	1	1	3	2	1	1	8	-9
J1303105	722.249246196461	0	5	3	10	2011	1	1	1	3	2	1	1	5	-9
J1303106	878.866016293223	1	1	3	10	2011	4	4	2	3	2	1	1	1	2
J1303201	942.217611788442	0	5	3	10	2011	2	2	1	3	2	1	1	2	3
J1303203	1551.6824479519	0	5	3	10	2011	1	1	1	3	2	1	1	5	-9
J1303206	1526.76441102324	0	5	3	10	2011	1	1	1	3	2	1	1	9	-9
J1303207	1300.76352232621	1	1	3	10	2011	1	1	1	3	2	1	1	9	-9
J1303208	1298.10322983677	0	5	3	10	2011	1	1	1	3	2	1	1	8	-9
J1303301	1397.75332828668	0	4	3	11	2011	1	1	1	3	2	1	2	8	-9
J1303302	1602.20330723108	0	5	3	11	2011	1	1	1	3	2	1	2	8	-9
J1303304	1555.55031174914	0	4	3	11	2011	1	1	1	3	2	1	1	6	-9
J1303306	2334.55290384246	1	1	3	11	2011	4	4	2	3	2	1	1	4	2
J1303307	1315.99759912937	0	5	3	11	2011	1	1	1	3	2	1	1	6	-9
J1303308	1574.08166778122	0	5	3	11	2011	1	1	1	3	2	1	4	8	-9
J1303403	1348.83031852837	1	1	3	11	2011	1	1	1	3	2	1	1	6	-9
J1303405	1292.84829091591	0	5	3	11	2011	1	1	1	3	2	1	1	7	-9
J1303406	1582.09159049371	1	1	3	11	2011	1	1	1	3	2	1	1	3	-9
J1304101	1108.82079356362	0	5	4	1	2012	2	2	1	3	2	1	1	2	3
J1304103	1191.68408391723	0	4	4	1	2012	4	4	2	3	2	1	1	1	2
J1304104	875.523700008232	1	1	4	1	2012	4	4	2	3	2	1	1	1	2
J1304106	853.349590430079	0	5	4	1	2012	1	1	1	3	2	1	1	1	-9
J1304110	1834.64176880827	0	5	4	1	2012	1	1	1	3	2	1	1	3	-9
J1304201	2275.35839056748	0	5	4	1	2012	1	1	1	3	2	1	1	8	-9
J1304203	1486.03156285048	1	1	4	1	2012	2	2	1	3	2	1	1	8	3
J1304204	1631.23333273897	1	1	4	1	2012	1	1	1	3	2	1	1	10	-9
J1304205	1478.89921121849	1	1	4	1	2012	2	2	1	3	2	1	1	4	3
J1304206	1386.89356324427	0	5	4	1	2012	1	1	1	3	2	1	1	8	-9
J1304303	1254.50152818057	0	5	4	2	2012	1	1	1	3	2	1	1	2	-9
J1304308	1492.2439035647	0	5	4	2	2012	1	1	1	3	2	1	1	2	-9
J1304402	989.75313027542	0	4	4	2	2012	4	4	2	3	2	1	1	1	2
J1304403	995.831842588532	0	5	4	2	2012	1	1	1	3	2	1	1	1	-9
J1304405	1221.18117713152	1	1	4	2	2012	1	1	1	3	2	1	1	1	-9
J1304407	799.078947943791	0	4	4	2	2012	1	1	1	3	2	1	1	1	-9
J1304408	685.154431267605	1	1	4	2	2012	3	3	2	3	2	1	1	1	1
J1304409	2196.98989465169	0	5	4	2	2012	1	1	1	3	2	1	1	2	-9
J1304410	1829.47677122974	1	1	4	2	2012	1	1	1	3	2	1	1	1	-9
J1311102	1760.27114512405	0	4	1	4	2011	1	1	1	3	2	1	1	9	-9
J1311103	833.744516158429	0	5	1	4	2011	1	1	1	3	2	1	1	3	-9
J1311106	1894.24864532651	1	1	1	4	2011	1	1	1	3	2	1	1	8	-9
J1311109	1197.45378070584	0	5	1	4	2011	1	1	1	3	2	1	2	9	-9
J1311201	1250.2046577391	1	1	1	4	2011	1	1	1	3	2	1	1	7	-9
J1311203	1473.75453734091	0	5	1	4	2011	1	1	1	3	2	1	1	10	-9
J1311206	1572.229464708	1	1	1	4	2011	3	3	2	3	2	1	1	4	1
J1311207	1262.11365331423	0	5	1	4	2011	1	1	1	3	2	1	2	7	-9
J1311208	1394.75128275803	0	4	1	4	2011	1	1	1	3	2	1	2	6	-9
J1311302	1336.90480364335	1	1	1	5	2011	1	1	1	3	2	1	1	7	-9
J1311303	1300.96967877963	1	1	1	5	2011	2	2	1	3	2	1	1	2	4
J1311304	677.357733594616	1	1	1	5	2011	3	3	2	3	2	1	1	1	1
J1311305	1661.78735925307	0	5	1	5	2011	1	1	1	3	2	1	2	9	-9
J1311309	681.188804141856	0	5	1	5	2011	1	1	1	3	2	1	1	3	-9
J1311404	1450.91204359676	0	4	1	5	2011	1	1	1	3	2	1	1	6	-9
J1311407	1280.08358461448	0	5	1	5	2011	1	1	1	3	2	1	1	4	-9
J1311408	2075.05020552163	0	4	1	5	2011	1	1	1	3	2	1	1	4	-9
J1311410	758.133635113512	1	1	1	5	2011	3	3	2	3	2	1	1	1	1
J1311411	825.090385558967	0	4	1	5	2011	3	3	2	3	2	1	1	2	1
J1312101	1883.07637881032	0	5	2	7	2011	1	1	1	3	2	1	1	3	-9
J1312104	1406.08766958607	1	1	2	7	2011	1	1	1	3	2	1	1	7	-9
J1312105	665.387581385593	1	1	2	7	2011	3	3	2	3	2	1	1	3	1
J1312107	1568.47651635981	0	5	2	7	2011	1	1	1	3	2	1	1	9	-9
J1312108	1354.00007475516	1	1	2	7	2011	1	1	1	3	2	1	1	9	-9
J1312110	698.460444030609	1	1	2	7	2011	3	3	2	3	2	1	1	1	1
J1312201	621.538445922049	1	1	2	7	2011	1	1	1	3	2	1	1	5	-9
J1312203	1310.86290055564	1	1	2	7	2011	1	1	1	3	2	1	1	6	-9
J1312204	1552.20509832205	0	5	2	7	2011	1	1	1	3	2	1	1	2	-9
J1312205	697.901173532785	1	1	2	7	2011	1	1	1	3	2	1	1	1	-9
J1312206	3610.91723765459	0	5	2	7	2011	1	1	1	3	2	1	1	1	-9
J1312209	1525.03171229115	1	1	2	7	2011	1	1	1	3	2	1	1	1	-9
J1312301	3439.92197854703	0	4	2	8	2011	1	1	1	3	2	1	1	7	-9
J1312302	1314.09247747981	0	5	2	8	2011	1	1	1	3	2	1	1	7	-9
J1312304	1364.78090303506	0	5	2	8	2011	1	1	1	3	2	1	1	8	-9
J1312305	3015.76986735933	0	5	2	8	2011	1	1	1	3	2	1	1	7	-9
J1312401	1645.55088133307	1	1	2	8	2011	1	1	1	3	2	1	1	8	-9
J1312402	1293.35168681693	0	5	2	8	2011	1	1	1	3	2	1	1	2	-9
J1312403	1105.13231845266	1	1	2	8	2011	3	3	2	3	2	1	1	1	1
J1312404	1583.31502671068	0	5	2	8	2011	1	1	1	3	2	1	1	9	-9
J1312405	1585.33348152898	0	4	2	8	2011	1	1	1	3	2	1	1	2	-9
J1312406	1346.87032483082	0	5	2	8	2011	1	1	1	3	2	1	1	2	-9
J1313101	1504.46495292823	1	1	3	10	2011	1	1	1	3	2	1	1	8	-9
J1313105	1929.11537171047	0	5	3	10	2011	1	1	1	3	2	1	1	3	-9
J1313106	1434.31104452158	1	1	3	10	2011	1	1	1	3	2	1	1	2	-9
J1313107	3994.25183067673	0	5	3	10	2011	1	1	1	3	2	1	1	2	-9
J1313109	792.565946292667	1	1	3	10	2011	1	1	1	3	2	1	1	3	-9
J1313201	2185.9229475144	0	5	3	10	2011	3	3	2	3	2	1	1	2	1
J1313202	1501.59972916031	1	1	3	10	2011	1	1	1	3	2	1	1	2	-9
J1313203	1488.69436044381	0	5	3	10	2011	1	1	1	3	2	1	1	3	-9
J1313208	1471.07476326639	0	5	3	10	2011	1	1	1	3	2	1	1	2	-9
J1313209	3831.53328219749	0	5	3	10	2011	1	1	1	3	2	1	1	2	-9
J1313210	1977.80193468267	1	1	3	10	2011	3	3	2	3	2	1	1	1	1
J1313302	724.570732059983	1	1	3	11	2011	2	2	1	3	2	1	1	1	3
J1313303	667.423671166123	0	5	3	11	2011	3	3	2	3	2	1	1	1	1
J1313304	1660.31203181456	0	5	3	11	2011	1	1	1	3	2	1	1	6	-9
J1313305	823.928647863214	1	1	3	11	2011	3	3	2	3	2	1	1	2	1
J1313307	851.215056329	0	4	3	11	2011	1	1	1	3	2	1	1	1	-9
J1313308	1396.43230058554	0	5	3	11	2011	1	1	1	3	2	1	1	6	-9
J1313309	1074.6066271448	0	5	3	11	2011	1	1	1	3	2	1	1	3	-9
J1313310	1254.61386133682	1	1	3	11	2011	1	1	1	3	2	1	1	2	-9
J1313401	2057.01141675431	0	4	3	11	2011	1	1	1	3	2	1	1	3	-9
J1313402	1295.11762380449	0	5	3	11	2011	1	1	1	3	2	1	1	2	-9
J1313404	757.584259796636	0	4	3	11	2011	3	3	2	3	2	1	1	3	1
J1313405	1551.84608103265	0	5	3	11	2011	3	3	2	3	2	1	1	1	1
J1313406	676.903158251777	1	1	3	11	2011	1	1	1	3	2	1	1	1	-9
J1313408	1541.95820515575	1	1	3	11	2011	3	3	2	3	2	1	1	3	1
J1314101	1463.21197888472	1	1	4	1	2012	1	1	1	3	2	1	1	4	-9
J1314102	1488.85424196736	0	5	4	1	2012	1	1	1	3	2	1	1	8	-9
J1314103	1444.99701509343	0	4	4	1	2012	1	1	1	3	2	1	1	3	-9
J1314104	825.466249425691	1	1	4	1	2012	3	3	2	3	2	1	1	1	1
J1314105	1373.09167142739	0	5	4	1	2012	1	1	1	3	2	1	1	4	-9
J1314107	1780.26241027698	0	5	4	1	2012	1	1	1	3	2	1	1	2	-9
J1314110	1202.87147373428	0	5	4	1	2012	1	1	1	3	2	1	1	8	-9
J1314111	666.588514163558	0	4	4	1	2012	3	3	2	3	2	1	1	1	1
J1314201	1361.38947956694	0	5	4	1	2012	1	1	1	3	2	1	1	3	-9
J1314202	744.395227658348	1	1	4	1	2012	2	2	1	3	2	1	1	3	3
J1314203	1335.7540601081	0	5	4	1	2012	1	1	1	3	2	1	1	4	-9
J1314204	1583.5064115001	0	5	4	1	2012	2	2	1	3	2	1	1	3	5
J1314207	675.883232745009	1	1	4	1	2012	1	1	1	3	2	1	1	1	-9
J1314208	1415.27350611836	0	5	4	1	2012	1	1	1	3	2	1	1	8	-9
J1314209	1675.76392053057	1	1	4	1	2012	3	3	2	3	2	1	1	1	1
J1314301	2354.83964473779	0	5	4	2	2012	1	1	1	3	2	1	1	9	-9
J1314303	1930.03980469888	0	5	4	2	2012	1	1	1	3	2	1	1	4	-9
J1314304	1740.97726639654	0	5	4	2	2012	1	1	1	3	2	1	1	3	-9
J1314305	833.442483336238	1	1	4	2	2012	3	3	2	3	2	1	1	1	1
J1314306	1151.74947260824	0	5	4	2	2012	1	1	1	3	2	1	1	6	-9
J1314307	2045.69410012803	0	4	4	2	2012	3	3	2	3	2	1	1	6	1
J1314401	922.591713288099	0	5	4	2	2012	1	1	1	3	2	1	1	2	-9
J1314402	1608.2452794491	0	5	4	2	2012	1	1	1	3	2	1	1	5	-9
J1314403	2913.5161523038	0	4	4	2	2012	1	1	1	3	2	1	4	5	-9
J1314404	1605.13767076238	0	5	4	2	2012	1	1	1	3	2	1	3	6	-9
J1314406	1758.13073151264	0	5	4	2	2012	1	1	1	3	2	1	1	7	-9
J1314408	696.02390477578	1	1	4	2	2012	1	1	1	3	2	1	2	1	-9
J1314409	737.737253004935	1	1	4	2	2012	3	3	2	3	2	1	2	1	1
J1314410	705.615588464288	0	4	4	2	2012	1	1	1	3	2	1	1	2	-9
J1314411	1478.5025134245	0	5	4	2	2012	1	1	1	3	2	1	1	6	-9
J1321101	1184.36760301353	0	5	1	4	2011	1	1	1	3	2	1	2	4	-9
J1321102	1247.32169474117	0	4	1	4	2011	4	4	2	3	2	1	1	3	2
J1321103	1387.16069935863	0	5	1	4	2011	1	1	1	3	2	1	1	2	-9
J1321105	1747.14695596523	1	1	1	4	2011	1	1	1	3	2	1	1	2	-9
J1321107	2190.43533776712	1	1	1	4	2011	1	1	1	3	2	1	1	2	-9
J1321108	1963.52268374872	1	1	1	4	2011	2	2	1	3	2	1	1	3	3
J1321109	1544.46107140853	1	1	1	4	2011	1	1	1	3	2	1	1	8	-9
J1321110	1557.71535935531	0	5	1	4	2011	1	1	1	3	2	1	1	8	-9
J1321203	882.001532197362	0	4	1	4	2011	4	4	2	3	2	1	1	2	2
J1321205	730.623026469697	0	4	1	4	2011	1	1	1	3	2	1	1	1	-9
J1321206	1497.98817086256	0	5	1	4	2011	1	1	1	3	2	1	1	2	-9
J1321207	1202.56312296661	0	4	1	4	2011	1	1	1	3	2	1	1	1	-9
J1321209	1914.5775034925	1	1	1	4	2011	2	2	1	3	2	1	1	1	4
J1321301	1239.04856703872	1	1	1	5	2011	1	1	1	3	2	1	1	7	-9
J1321303	926.324408204947	1	1	1	5	2011	4	4	2	3	2	1	1	1	2
J1321305	1419.70737392508	0	5	1	5	2011	1	1	1	3	2	1	1	9	-9
J1321307	1304.36943480051	0	5	1	5	2011	1	1	1	3	2	1	1	9	-9
J1321309	1795.01360042465	0	5	1	5	2011	1	1	1	3	2	1	1	3	-9
J1321403	1425.3345685718	1	1	1	5	2011	1	1	1	3	2	1	1	7	-9
J1321404	1718.99789028942	0	5	1	5	2011	1	1	1	3	2	1	1	8	-9
J1321405	1189.34950983788	1	1	1	5	2011	1	1	1	3	2	1	1	8	-9
J1321406	1379.34092836339	0	4	1	5	2011	1	1	1	3	2	1	1	6	-9
J1321408	1366.1263995272	1	1	1	5	2011	1	1	1	3	2	1	1	10	-9
J1322101	1289.59950317174	0	5	2	7	2011	1	1	1	3	2	1	2	9	-9
J1322102	1095.53731595538	0	5	2	7	2011	1	1	1	3	2	1	3	7	-9
J1322104	1060.61939926314	1	1	2	7	2011	4	4	2	3	2	1	1	3	2
J1322106	1407.93304259862	0	5	2	7	2011	1	1	1	3	2	1	1	10	-9
J1322108	1520.1085186293	1	1	2	7	2011	4	4	2	3	2	1	1	5	2
J1322202	1277.07707698399	1	1	2	7	2011	4	4	2	3	2	1	2	10	2
J1322204	1064.16874243304	1	1	2	7	2011	4	4	2	3	2	1	3	7	2
J1322205	1776.23624289756	0	5	2	7	2011	1	1	1	3	2	1	2	10	-9
J1322207	1445.49826516599	0	5	2	7	2011	1	1	1	3	2	1	3	6	-9
J1322208	1341.42344822766	0	4	2	7	2011	1	1	1	3	2	1	1	10	-9
J1322301	3769.43782056514	0	5	2	8	2011	1	1	1	3	2	1	1	7	-9
J1322304	1607.12051682704	1	1	2	8	2011	2	2	1	3	2	1	1	8	4
J1322305	1610.17956857089	0	5	2	8	2011	1	1	1	3	2	1	1	8	-9
J1322306	2618.22412076439	0	4	2	8	2011	1	1	1	3	2	1	1	3	-9
J1322308	1515.34595093288	0	4	2	8	2011	1	1	1	3	2	1	1	10	-9
J1322403	751.616487202504	0	4	2	8	2011	4	4	2	3	2	1	1	3	2
J1322404	2566.8083153854	0	5	2	8	2011	1	1	1	3	2	1	1	4	-9
J1322405	1669.32837520077	1	1	2	8	2011	2	2	1	3	2	1	1	3	3
J1322409	1516.60380547736	1	1	2	8	2011	1	1	1	3	2	1	1	7	-9
J1323101	1929.67713151456	1	1	3	10	2011	4	4	2	3	2	1	1	8	2
J1323102	1804.66984580595	1	1	3	10	2011	4	4	2	3	2	1	1	5	2
J1323105	1217.28002763569	1	1	3	10	2011	1	1	1	3	2	1	1	10	-9
J1323107	1252.10847739882	1	1	3	10	2011	1	1	1	3	2	1	1	10	-9
J1323205	853.680321737555	1	1	3	10	2011	4	4	2	3	2	1	1	2	2
J1323210	1814.95340567005	0	5	3	10	2011	1	1	1	3	2	1	1	4	-9
J1323211	988.743696982762	1	1	3	10	2011	4	4	2	3	2	1	1	1	2
J1323212	1725.26860201232	0	5	3	10	2011	1	1	1	3	2	1	1	8	-9
J1323303	4375.44987807719	0	4	3	11	2011	1	1	1	3	2	1	1	2	-9
J1323307	1217.33368236445	0	5	3	11	2011	1	1	1	3	2	1	1	7	-9
J1323309	654.303956918907	0	4	3	11	2011	4	4	2	3	2	1	1	1	2
J1323310	1320.9202324031	0	5	3	11	2011	4	4	2	3	2	1	1	1	2
J1323311	1580.93184490173	1	1	3	11	2011	1	1	1	3	2	1	1	1	-9
J1323402	4417.04156101317	0	4	3	11	2011	1	1	1	3	2	1	4	9	-9
J1323404	1406.32956826878	1	1	3	11	2011	2	2	1	3	2	1	1	5	5
J1323408	836.29167120154	0	5	3	11	2011	1	1	1	3	2	1	1	2	-9
J1324101	1539.17142074499	0	4	4	1	2012	1	1	1	3	2	1	1	3	-9
J1324102	2274.30854490158	0	5	4	1	2012	1	1	1	3	2	1	1	8	-9
J1324106	2811.43523107359	0	4	4	1	2012	2	2	1	3	2	1	2	7	3
J1324107	1226.00825366706	0	5	4	1	2012	1	1	1	3	2	1	1	9	-9
J1324108	736.285718509969	1	1	4	1	2012	4	4	2	3	2	1	1	3	2
J1324109	1052.89932672222	0	5	4	1	2012	1	1	1	3	2	1	1	10	-9
J1324201	813.026483175536	0	4	4	1	2012	2	2	1	3	2	1	1	1	5
J1324203	1573.48670527393	0	4	4	1	2012	1	1	1	3	2	1	1	2	-9
J1324205	698.534830332963	0	5	4	1	2012	4	4	2	3	2	1	1	1	2
J1324206	3191.51554168421	0	4	4	1	2012	4	4	2	3	2	1	1	3	2
J1324208	1434.57898088667	1	1	4	1	2012	1	1	1	3	2	1	1	4	-9
J1324210	2811.40898527215	0	5	4	1	2012	1	1	1	3	2	1	1	7	-9
J1324304	876.237238979125	1	1	4	2	2012	4	4	2	3	2	1	1	2	2
J1324305	1456.08936677323	1	1	4	2	2012	4	4	2	3	2	1	1	1	2
J1324310	1246.01172798631	0	5	4	2	2012	1	1	1	3	2	1	1	3	-9
J1324311	865.706184240376	0	5	4	2	2012	1	1	1	3	2	1	1	2	-9
J1324312	601.985756533023	1	1	4	2	2012	2	2	1	3	2	1	1	1	3
J1324313	890.396552283675	0	4	4	2	2012	4	4	2	3	2	1	1	1	2
J1324401	958.731862266507	1	1	4	2	2012	4	4	2	3	2	1	1	5	2
J1324406	1459.45254856354	1	1	4	2	2012	1	1	1	3	2	1	1	9	-9
J1324407	1611.03849360207	0	5	4	2	2012	1	1	1	3	2	1	3	5	-9
J1324408	606.69640493916	1	1	4	2	2012	4	4	2	3	2	1	2	5	2
J1324409	1580.40860008864	1	1	4	2	2012	1	1	1	3	2	1	4	8	-9
J1331103	613.179008303868	1	1	1	4	2011	4	4	2	3	2	1	1	1	2
J1331104	863.567930642293	0	4	1	4	2011	4	4	2	3	2	1	1	1	2
J1331106	1165.78727946263	1	1	1	4	2011	2	2	1	3	2	1	2	5	3
J1331107	2037.40532197238	1	1	1	4	2011	1	1	1	3	2	1	1	1	-9
J1331110	1018.3743736583	0	4	1	4	2011	4	4	2	3	2	1	1	1	2
J1331202	3114.61249382334	0	5	1	4	2011	1	1	1	3	2	1	1	2	-9
J1331203	864.911051512963	1	1	1	4	2011	4	4	2	3	2	1	1	1	2
J1331208	1152.51776585488	1	1	1	4	2011	4	4	2	3	2	1	1	1	2
J1331210	748.766643448571	1	1	1	4	2011	4	4	2	3	2	1	1	1	2
J1331302	2722.73593513914	1	1	1	5	2011	1	1	1	3	2	1	2	4	-9
J1331303	1348.80981298457	0	5	1	5	2011	1	1	1	3	2	1	1	7	-9
J1331304	1073.41665162777	0	4	1	5	2011	4	4	2	3	2	1	2	7	2
J1331305	1785.49369282327	0	5	1	5	2011	1	1	1	3	2	1	2	8	-9
J1331306	1916.87164640769	1	1	1	5	2011	1	1	1	3	2	1	1	5	-9
J1331403	746.973178241894	1	1	1	5	2011	4	4	2	3	2	1	1	4	2
J1331404	1394.88012517887	1	1	1	5	2011	1	1	1	3	2	1	1	7	-9
J1331406	1593.20774909028	1	1	1	5	2011	1	1	1	3	2	1	1	5	-9
J1331408	1366.44963251121	1	1	1	5	2011	1	1	1	3	2	1	2	9	-9
J1331409	1584.43312728848	0	5	1	5	2011	1	1	1	3	2	1	2	9	-9
J1332105	1275.49799859305	0	5	2	7	2011	1	1	1	3	2	1	1	2	-9
J1332108	1789.97036196839	0	5	2	7	2011	1	1	1	3	2	1	1	2	-9
J1332201	1255.42547892845	0	4	2	7	2011	1	1	1	3	2	1	1	9	-9
J1332206	722.692688164248	1	1	2	7	2011	4	4	2	3	2	1	1	1	2
J1332208	1272.21542762438	0	4	2	7	2011	2	2	1	3	2	1	1	1	4
J1332209	1402.09388931813	1	1	2	7	2011	4	4	2	3	2	1	1	1	2
J1332302	1880.39279444556	0	4	2	8	2011	2	2	1	3	2	1	1	5	3
J1332303	2121.86216718417	1	1	2	8	2011	1	1	1	3	2	1	1	6	-9
J1332304	860.353592076499	1	1	2	8	2011	4	4	2	3	2	1	1	1	2
J1332305	1322.46681738647	1	1	2	8	2011	4	4	2	3	2	1	1	1	2
J1332306	1455.99244274142	0	5	2	8	2011	1	1	1	3	2	1	1	7	-9
J1332307	631.929322964416	0	4	2	8	2011	4	4	2	3	2	1	1	1	2
J1332308	658.14004856767	0	4	2	8	2011	4	4	2	3	2	1	1	1	2
J1332310	1330.24646925717	0	5	2	8	2011	1	1	1	3	2	1	1	2	-9
J1332402	1437.53329171928	0	5	2	8	2011	1	1	1	3	2	1	1	4	-9
J1332404	1325.30082203346	1	1	2	8	2011	1	1	1	3	2	1	1	4	-9
J1332405	1564.67297209989	0	5	2	8	2011	1	1	1	3	2	1	1	4	-9
J1332406	1408.72775384912	1	1	2	8	2011	1	1	1	3	2	1	1	2	-9
J1332407	1423.41766238107	0	5	2	8	2011	1	1	1	3	2	1	1	10	-9
J1332408	1228.01898898351	1	1	2	8	2011	1	1	1	3	2	1	1	9	-9
J1332409	1178.8946017532	0	5	2	8	2011	1	1	1	3	2	1	1	5	-9
J1333101	2422.02557180518	1	1	3	10	2011	4	4	2	3	2	1	1	1	2
J1333102	1288.480032432	0	5	3	10	2011	4	4	2	3	2	1	1	1	2
J1333107	1254.54085421781	0	5	3	10	2011	1	1	1	3	2	1	1	6	-9
J1333203	3803.50395573588	0	4	3	10	2011	1	1	1	3	2	1	1	9	-9
J1333204	1216.84354278614	0	5	3	10	2011	1	1	1	3	2	1	1	7	-9
J1333205	1641.92197228487	1	1	3	10	2011	1	1	1	3	2	1	1	2	-9
J1333207	588.968868534263	1	1	3	10	2011	4	4	2	3	2	1	1	1	2
J1333208	1573.15127345573	0	4	3	10	2011	1	1	1	3	2	1	1	6	-9
J1333209	902.379444339688	1	1	3	10	2011	4	4	2	3	2	1	1	1	2
J1333211	704.193043273986	1	1	3	10	2011	4	4	2	3	2	1	1	1	2
J1333303	1684.67709919667	0	4	3	11	2011	1	1	1	3	2	1	1	6	-9
J1333304	1738.61637229613	0	5	3	11	2011	1	1	1	3	2	1	1	2	-9
J1333401	1580.44446114396	0	4	3	11	2011	1	1	1	3	2	1	1	6	-9
J1333403	1204.5991761394	0	5	3	11	2011	1	1	1	3	2	1	1	5	-9
J1333404	1680.78346387254	1	1	3	11	2011	1	1	1	3	2	1	1	1	-9
J1333405	2396.85281110363	0	5	3	11	2011	1	1	1	3	2	1	1	2	-9
J1333406	1310.98518127658	1	1	3	11	2011	2	2	1	3	2	1	1	2	3
J1333407	1294.45047692523	0	5	3	11	2011	1	1	1	3	2	1	1	2	-9
J1333408	1283.83079860405	0	5	3	11	2011	1	1	1	3	2	1	1	2	-9
J1333409	1318.55614561461	1	1	3	11	2011	1	1	1	3	2	1	1	6	-9
J1333410	1016.50547128956	0	4	3	11	2011	2	2	1	3	2	1	1	1	3
J1333411	4409.44680798148	0	4	3	11	2011	2	2	1	3	2	1	1	1	3
J1334102	2901.56987289969	1	1	4	1	2012	2	2	1	3	2	1	1	1	3
J1334107	4011.62676868463	0	5	4	1	2012	1	1	1	3	2	1	1	3	-9
J1334108	3124.7032993114	1	1	4	1	2012	1	1	1	3	2	1	1	7	-9
J1334109	579.603023325397	1	1	4	1	2012	4	4	2	3	2	1	1	1	2
J1334110	571.37468291962	1	1	4	1	2012	4	4	2	3	2	1	1	1	2
J1334204	691.48948136424	1	1	4	1	2012	4	4	2	3	2	1	1	1	2
J1334205	649.579145674761	0	4	4	1	2012	4	4	2	3	2	1	1	1	2
J1334206	4129.4543741296	0	4	4	1	2012	2	2	1	3	2	1	1	2	3
J1334209	1220.42406807136	0	4	4	1	2012	1	1	1	3	2	1	1	2	-9
J1334211	1253.06778033435	1	1	4	1	2012	1	1	1	3	2	1	1	2	-9
J1334304	770.139897634807	0	5	4	2	2012	2	2	1	3	2	1	1	3	5
J1334306	853.272539760709	0	5	4	2	2012	1	1	1	3	2	1	1	2	-9
J1334307	1334.08274091408	1	1	4	2	2012	1	1	1	3	2	1	1	3	-9
J1334308	1578.75670202066	0	5	4	2	2012	1	1	1	3	2	1	1	3	-9
J1334309	723.833583076686	0	4	4	2	2012	4	4	2	3	2	1	1	2	2
J1334401	771.804412347911	1	1	4	2	2012	4	4	2	3	2	1	1	2	2
J1334404	771.526091410112	0	5	4	2	2012	4	4	2	3	2	1	1	1	2
J1334405	559.186879451278	1	1	4	2	2012	4	4	2	3	2	1	1	2	2
J1334406	1264.31358960125	1	1	4	2	2012	2	2	1	3	2	1	1	2	3
J1334407	1918.93271391735	1	1	4	2	2012	4	4	2	3	2	1	1	3	2
J1334409	879.42394918576	0	5	4	2	2012	1	1	1	3	2	1	1	2	-9
J1334410	1158.55731199789	1	1	4	2	2012	4	4	2	3	2	1	1	2	2
J1334411	1477.24138861551	0	5	4	2	2012	1	1	1	3	2	1	1	6	-9
J1334412	1461.20782716843	0	4	4	2	2012	1	1	1	3	2	1	1	6	-9
J1341101	2208.8371439038	1	1	1	4	2011	2	2	1	3	2	1	1	2	5
J1341103	4146.80787200158	0	4	1	4	2011	1	1	1	3	2	1	1	7	-9
J1341105	1264.92432577236	1	1	1	4	2011	1	1	1	3	2	1	1	3	-9
J1341107	2351.07936112731	1	1	1	4	2011	4	4	2	3	2	1	1	1	2
J1341109	574.256333528687	0	4	1	4	2011	4	4	2	3	2	1	1	1	2
J1341112	1933.54022318065	1	1	1	4	2011	1	1	1	3	2	1	1	1	-9
J1341208	1225.80549550038	1	1	1	4	2011	4	4	2	3	2	1	1	1	2
J1341210	857.334786069426	1	1	1	4	2011	4	4	2	3	2	1	1	1	2
J1341211	1915.72780446231	0	4	1	4	2011	1	1	1	3	2	1	1	3	-9
J1341212	2706.50257382077	0	5	1	4	2011	1	1	1	3	2	1	1	7	-9
J1341214	1398.51528577509	1	1	1	4	2011	4	4	2	3	2	1	1	2	2
J1341301	1649.94989677418	1	1	1	5	2011	4	4	2	3	2	1	1	1	2
J1341302	1093.88229344482	0	5	1	5	2011	1	1	1	3	2	1	1	1	-9
J1341303	714.956066648001	1	1	1	5	2011	4	4	2	3	2	1	1	1	2
J1341306	2652.6914420355	1	1	1	5	2011	1	1	1	3	2	1	1	1	-9
J1341307	1352.68179342307	1	1	1	5	2011	4	4	2	3	2	1	1	1	2
J1341308	575.769593667153	1	1	1	5	2011	4	4	2	3	2	1	1	1	2
J1341309	1320.72563376974	1	1	1	5	2011	4	4	2	3	2	1	1	1	2
J1341310	1363.64081146287	1	1	1	5	2011	4	4	2	3	2	1	1	1	2
J1341314	3988.50264659253	1	1	1	5	2011	1	1	1	3	2	1	1	2	-9
J1341401	1151.09305623675	0	5	1	5	2011	1	1	1	3	2	1	1	1	-9
J1341402	706.413135416936	1	1	1	5	2011	1	1	1	3	2	1	1	1	-9
J1341403	673.173902520871	0	4	1	5	2011	4	4	2	3	2	1	1	2	2
J1341404	921.120492938394	1	1	1	5	2011	4	4	2	3	2	1	1	2	2
J1341405	1537.80508809616	1	1	1	5	2011	1	1	1	3	2	1	1	2	-9
J1341409	691.003376903352	1	1	1	5	2011	1	1	1	3	2	1	1	1	-9
J1341410	1111.15968756306	1	1	1	5	2011	4	4	2	3	2	1	1	1	2
J1341411	1270.97050157046	0	4	1	5	2011	1	1	1	3	2	1	1	3	-9
J1342103	3042.56209746835	1	1	2	7	2011	2	2	1	3	2	1	1	1	3
J1342104	1966.65951742295	1	1	2	7	2011	1	1	1	3	2	1	1	2	-9
J1342106	1104.8486883803	1	1	2	7	2011	1	1	1	3	2	1	1	1	-9
J1342107	714.346060654105	1	1	2	7	2011	4	4	2	3	2	1	1	1	2
J1342111	913.229829031332	1	1	2	7	2011	1	1	1	3	2	1	1	1	-9
J1342113	1452.78776597323	0	4	2	7	2011	1	1	1	3	2	1	1	1	-9
J1342114	879.394435272951	0	5	2	7	2011	1	1	1	3	2	1	1	1	-9
J1342118	1586.96426451983	0	4	2	7	2011	1	1	1	3	2	1	1	4	-9
J1342202	1944.22417302695	1	1	2	7	2011	1	1	1	3	2	1	1	7	-9
J1342204	1468.53684709442	1	1	2	7	2011	1	1	1	3	2	1	1	3	-9
J1342205	2435.44034594919	0	5	2	7	2011	1	1	1	3	2	1	1	6	-9
J1342208	1227.64953535374	1	1	2	7	2011	1	1	1	3	2	1	1	3	-9
J1342211	2414.24715133637	1	1	2	7	2011	1	1	1	3	2	1	1	7	-9
J1342301	1586.2898779023	0	5	2	8	2011	1	1	1	3	2	1	1	2	-9
J1342302	999.86222496663	1	1	2	8	2011	2	2	1	3	2	1	1	1	3
J1342303	706.960172974214	1	1	2	8	2011	1	1	1	3	2	1	1	1	-9
J1342304	2842.06628301149	0	5	2	8	2011	1	1	1	3	2	1	1	1	-9
J1342306	1323.81861680326	1	1	2	8	2011	2	2	1	3	2	1	1	6	5
J1342307	1379.45893740403	0	4	2	8	2011	4	4	2	3	2	1	1	3	2
J1342308	1398.13006197178	0	5	2	8	2011	1	1	1	3	2	1	1	3	-9
J1342309	1845.76949975035	0	4	2	8	2011	1	1	1	3	2	1	1	4	-9
J1342310	1606.8119264174	0	5	2	8	2011	1	1	1	3	2	1	1	7	-9
J1342311	634.119107981034	1	1	2	8	2011	1	1	1	3	2	1	1	6	-9
J1342313	857.53519734058	1	1	2	8	2011	4	4	2	3	2	1	1	2	2
J1342314	1345.24700762511	1	1	2	8	2011	1	1	1	3	2	1	1	2	-9
J1342315	614.021659715417	1	1	2	8	2011	4	4	2	3	2	1	1	1	2
J1342401	1743.00469122084	0	4	2	8	2011	2	2	1	3	2	1	1	4	3
J1342402	2097.09102247802	0	5	2	8	2011	1	1	1	3	2	1	1	7	-9
J1342404	1472.58178501376	0	5	2	8	2011	1	1	1	3	2	1	1	10	-9
J1342405	1299.67621891866	0	4	2	8	2011	4	4	2	3	2	1	1	5	2
J1342407	1768.22101051626	0	5	2	8	2011	1	1	1	3	2	1	1	8	-9
J1342411	1503.35089481505	0	5	2	8	2011	1	1	1	3	2	1	1	6	-9
J1342412	834.705395076825	1	1	2	8	2011	1	1	1	3	2	1	1	1	-9
J1343101	1346.51585204918	0	5	3	10	2011	1	1	1	3	2	1	1	4	-9
J1343102	835.497358234188	1	1	3	10	2011	4	4	2	3	2	1	1	2	2
J1343103	890.846397013042	0	4	3	10	2011	4	4	2	3	2	1	1	1	2
J1343106	1465.35606787137	0	5	3	10	2011	1	1	1	3	2	1	1	2	-9
J1343107	2181.75823359412	0	4	3	10	2011	1	1	1	3	2	1	1	2	-9
J1343108	669.025694071605	0	5	3	10	2011	4	4	2	3	2	1	1	1	2
J1343109	1814.98290749228	0	4	3	10	2011	2	2	1	3	2	1	1	1	5
J1343110	887.626323872318	1	1	3	10	2011	4	4	2	3	2	1	1	2	2
J1343111	2302.18540682564	0	4	3	10	2011	4	4	2	3	2	1	1	1	2
J1343112	1075.70372748544	1	1	3	10	2011	4	4	2	3	2	1	1	1	2
J1343113	921.193278243839	1	1	3	10	2011	4	4	2	3	2	1	1	1	2
J1343114	706.023360161923	1	1	3	10	2011	4	4	2	3	2	1	1	1	2
J1343115	2608.04440699211	1	1	3	10	2011	2	2	1	3	2	1	1	2	3
J1343204	881.575865219841	1	1	3	10	2011	4	4	2	3	2	1	1	2	2
J1343207	716.193858057009	1	1	3	10	2011	4	4	2	3	2	1	1	2	2
J1343213	1567.92664801431	0	4	3	10	2011	2	2	1	3	2	1	1	4	5
J1343214	1624.67943432426	0	4	3	10	2011	2	2	1	3	2	1	1	3	3
J1343220	1017.83470850579	1	1	3	10	2011	2	2	1	3	2	1	1	2	3
J1343221	725.734810017514	0	5	3	10	2011	1	1	1	3	2	1	1	1	-9
J1343222	4094.09471739671	1	1	3	10	2011	2	2	1	3	2	1	1	1	5
J1343223	894.849347136168	0	4	3	10	2011	2	2	1	3	2	1	1	1	5
J1343224	792.27669318446	1	1	3	10	2011	1	1	1	3	2	1	1	1	-9
J1343301	1599.22588118447	1	1	3	11	2011	2	2	1	3	2	1	1	2	5
J1343304	668.969490630324	0	5	3	11	2011	1	1	1	3	2	1	1	2	-9
J1343305	1406.22977923453	1	1	3	11	2011	1	1	1	3	2	1	1	3	-9
J1343308	848.002202187031	1	1	3	11	2011	2	2	1	3	2	1	1	3	5
J1343309	776.23601644146	0	5	3	11	2011	1	1	1	3	2	1	1	1	-9
J1343314	750.930951516552	1	1	3	11	2011	4	4	2	3	2	1	1	1	2
J1343316	1215.97553804959	1	1	3	11	2011	2	2	1	3	2	1	1	1	3
J1343317	970.242609156572	1	1	3	11	2011	4	4	2	3	2	1	1	1	2
J1343318	3603.45559059768	1	1	3	11	2011	4	4	2	3	2	1	1	1	2
J1343401	930.359352205964	0	5	3	11	2011	1	1	1	3	2	1	1	1	-9
J1343403	1215.82232310234	0	4	3	11	2011	4	4	2	3	2	1	1	4	2
J1343405	1368.62347555981	1	1	3	11	2011	1	1	1	3	2	1	1	1	-9
J1343406	1728.87716373867	0	5	3	11	2011	1	1	1	3	2	1	1	4	-9
J1343409	685.118446272739	1	1	3	11	2011	4	4	2	3	2	1	1	2	2
J1344101	1603.6768719893	0	5	4	1	2012	1	1	1	3	2	1	1	1	-9
J1344102	678.745614859793	0	5	4	1	2012	4	4	2	3	2	1	1	1	2
J1344108	1771.42397967307	0	4	4	1	2012	4	4	2	3	2	1	1	1	2
J1344110	701.122130520491	1	1	4	1	2012	2	2	1	3	2	1	1	1	3
J1344111	1300.44364213045	0	5	4	1	2012	1	1	1	3	2	1	1	1	-9
J1344113	716.473370781028	1	1	4	1	2012	4	4	2	3	2	1	1	1	2
J1344202	1823.08331998389	0	5	4	1	2012	1	1	1	3	2	1	1	1	-9
J1344208	1093.97044067974	1	1	4	1	2012	4	4	2	3	2	1	1	1	2
J1344209	1183.22616909125	0	4	4	1	2012	4	4	2	3	2	1	1	1	2
J1344210	1205.5832585041	0	4	4	1	2012	4	4	2	3	2	1	1	1	2
J1344211	1364.38016268423	1	1	4	1	2012	3	3	2	3	2	1	1	1	1
J1344214	744.716789399268	1	1	4	1	2012	4	4	2	3	2	1	1	1	2
J1344216	789.207419739815	1	1	4	1	2012	4	4	2	3	2	1	1	1	2
J1344218	775.574895574396	1	1	4	1	2012	1	1	1	3	2	1	1	1	-9
J1344219	1252.9565065063	0	5	4	1	2012	1	1	1	3	2	1	1	1	-9
J1344220	771.26577342248	0	4	4	1	2012	4	4	2	3	2	1	1	1	2
J1344221	1154.33553072734	0	4	4	1	2012	2	2	1	3	2	1	1	1	3
J1344301	574.086381313639	1	1	4	2	2012	4	4	2	3	2	1	1	1	2
J1344302	3134.59825022554	0	5	4	2	2012	1	1	1	3	2	1	1	1	-9
J1344303	2022.15047725823	1	1	4	2	2012	1	1	1	3	2	1	1	1	-9
J1344304	1290.21848920694	1	1	4	2	2012	2	2	1	3	2	1	1	1	3
J1344307	1165.35746845167	1	1	4	2	2012	2	2	1	3	2	1	1	1	3
J1344311	809.744225464171	0	5	4	2	2012	1	1	1	3	2	1	1	1	-9
J1344314	712.419613832424	0	5	4	2	2012	1	1	1	3	2	1	1	1	-9
J1344317	1027.11012868495	1	1	4	2	2012	4	4	2	3	2	1	1	1	2
J1344401	1434.82214365515	0	5	4	2	2012	1	1	1	3	2	1	1	5	-9
J1344405	1583.15539444913	1	1	4	2	2012	1	1	1	3	2	1	1	1	-9
J1344406	1870.09045645251	0	5	4	2	2012	1	1	1	3	2	1	1	1	-9
J1344410	772.931307354967	1	1	4	2	2012	1	1	1	3	2	1	1	1	-9
J1344412	1489.2516368129	1	1	4	2	2012	1	1	1	3	2	1	1	1	-9
J1351101	740.013212409149	1	1	1	4	2011	1	1	1	3	2	1	1	1	-9
J1351102	869.614378941169	1	1	1	4	2011	4	4	2	3	2	1	1	2	2
J1351103	1134.7814837548	1	1	1	4	2011	4	4	2	3	2	1	1	1	2
J1351104	1705.82653845704	0	5	1	4	2011	1	1	1	3	2	1	1	2	-9
J1351105	1213.45652699002	1	1	1	4	2011	1	1	1	3	2	1	1	4	-9
J1351108	1502.30412773776	1	1	1	4	2011	1	1	1	3	2	1	1	9	-9
J1351109	1362.76297588041	0	5	1	4	2011	1	1	1	3	2	1	1	5	-9
J1351201	1726.64934356193	0	5	1	4	2011	1	1	1	3	2	1	1	8	-9
J1351202	2156.10619692445	0	4	1	4	2011	1	1	1	3	2	1	1	3	-9
J1351203	1262.29493342878	0	5	1	4	2011	1	1	1	3	2	1	1	8	-9
J1351204	696.07929841612	1	1	1	4	2011	4	4	2	3	2	1	1	2	2
J1351205	3471.17908475205	0	5	1	4	2011	1	1	1	3	2	1	1	9	-9
J1351206	1556.10888813959	1	1	1	4	2011	1	1	1	3	2	1	1	9	-9
J1351207	1819.71526135038	0	5	1	4	2011	1	1	1	3	2	1	1	9	-9
J1351301	1566.34583321107	0	4	1	5	2011	1	1	1	3	2	1	1	9	-9
J1351302	1948.1899482289	0	5	1	5	2011	1	1	1	3	2	1	1	8	-9
J1351305	1331.95590320416	1	1	1	5	2011	1	1	1	3	2	1	1	4	-9
J1351306	2072.742029343	0	5	1	5	2011	1	1	1	3	2	1	1	9	-9
J1351401	1164.31515551191	0	5	1	5	2011	1	1	1	3	2	1	1	9	-9
J1351402	1395.55437124711	1	1	1	5	2011	1	1	1	3	2	1	1	10	-9
J1351403	2276.54479200848	1	1	1	5	2011	2	2	1	3	2	1	1	10	3
J1351406	1424.55126079512	0	5	1	5	2011	1	1	1	3	2	1	1	10	-9
J1351407	2683.96907830785	1	1	1	5	2011	4	4	2	3	2	1	1	8	2
J1351408	3515.06135880775	0	5	1	5	2011	1	1	1	3	2	1	1	7	-9
J1352101	1666.75215958992	0	5	2	7	2011	1	1	1	3	2	1	1	10	-9
J1352102	1251.19493685176	1	1	2	7	2011	1	1	1	3	2	1	1	5	-9
J1352103	1796.71931470758	0	5	2	7	2011	1	1	1	3	2	1	1	8	-9
J1352105	1629.58540972607	0	5	2	7	2011	1	1	1	3	2	1	1	9	-9
J1352106	1373.17410692087	0	4	2	7	2011	1	1	1	3	2	1	1	7	-9
J1352108	674.662203480911	1	1	2	7	2011	2	2	1	3	2	1	1	2	3
J1352109	1395.45982722022	1	1	2	7	2011	1	1	1	3	2	1	1	9	-9
J1352201	1598.16929907241	0	4	2	7	2011	1	1	1	3	2	1	1	3	-9
J1352202	1494.39137232111	0	5	2	7	2011	1	1	1	3	2	1	1	7	-9
J1352205	1329.92292025564	1	1	2	7	2011	4	4	2	3	2	1	1	1	2
J1352206	843.463291363961	0	5	2	7	2011	1	1	1	3	2	1	1	1	-9
J1352207	1979.12581827043	0	4	2	7	2011	2	2	1	3	2	1	1	1	3
J1352301	1239.38953273708	1	1	2	8	2011	1	1	1	3	2	1	1	9	-9
J1352302	1552.14579376362	0	5	2	8	2011	1	1	1	3	2	1	1	9	-9
J1352303	1505.47798029101	0	4	2	8	2011	1	1	1	3	2	1	1	9	-9
J1352304	1505.47806042056	0	5	2	8	2011	1	1	1	3	2	1	1	6	-9
J1352305	1742.80984479408	0	5	2	8	2011	1	1	1	3	2	1	1	9	-9
J1352306	1828.06812936105	1	1	2	8	2011	1	1	1	3	2	1	1	8	-9
J1352307	1260.28590496463	0	5	2	8	2011	1	1	1	3	2	1	1	9	-9
J1352308	1133.27520768342	0	4	2	8	2011	1	1	1	3	2	1	1	9	-9
J1352404	1784.14567097028	1	1	2	8	2011	1	1	1	3	2	1	1	6	-9
J1352408	1433.45139877108	0	5	2	8	2011	1	1	1	3	2	1	3	9	-9
J1352409	1734.06425488078	0	4	2	8	2011	1	1	1	3	2	1	1	7	-9
J1352410	1729.36233724075	0	5	2	8	2011	1	1	1	3	2	1	1	6	-9
J1353101	1278.09294252844	0	5	3	10	2011	1	1	1	3	2	1	1	4	-9
J1353103	2404.53552635574	0	4	3	10	2011	1	1	1	3	2	1	1	1	-9
J1353105	1516.6993615675	1	1	3	10	2011	1	1	1	3	2	1	1	5	-9
J1353108	1335.73434052431	0	4	3	10	2011	1	1	1	3	2	1	1	8	-9
J1353109	2089.4793255566	0	5	3	10	2011	1	1	1	3	2	1	1	1	-9
J1353110	921.569416228019	1	1	3	10	2011	4	4	2	3	2	1	1	1	2
J1353203	673.405640246612	0	4	3	10	2011	2	2	1	3	2	1	1	1	3
J1353206	1212.14190710802	0	4	3	10	2011	2	2	1	3	2	1	1	1	3
J1353208	1508.75942738634	1	1	3	10	2011	1	1	1	3	2	1	1	1	-9
J1353305	726.968369236966	1	1	3	11	2011	4	4	2	3	2	1	1	1	2
J1353402	1613.54057618059	0	5	3	11	2011	1	1	1	3	2	1	1	1	-9
J1353403	937.780527558413	1	1	3	11	2011	2	2	1	3	2	1	1	1	3
J1353404	1315.85669164422	1	1	3	11	2011	2	2	1	3	2	1	1	1	3
J1353405	1209.33031483368	1	1	3	11	2011	4	4	2	3	2	1	1	4	2
J1353406	1772.97574115262	1	1	3	11	2011	1	1	1	3	2	1	1	1	-9
J1353408	1704.3869380216	0	5	3	11	2011	1	1	1	3	2	1	1	6	-9
J1353409	4078.41059963568	1	1	3	11	2011	1	1	1	3	2	1	1	4	-9
J1353410	1694.56373678957	0	5	3	11	2011	1	1	1	3	2	1	1	6	-9
J1354101	1072.15847426629	0	5	4	1	2012	1	1	1	3	2	1	1	7	-9
J1354102	1590.22380199255	1	1	4	1	2012	1	1	1	3	2	1	1	4	-9
J1354104	3008.29443036467	0	4	4	1	2012	2	2	1	3	2	1	1	7	3
J1354106	3007.83199826422	0	5	4	1	2012	1	1	1	3	2	1	1	4	-9
J1354107	1350.22385702458	0	4	4	1	2012	1	1	1	3	2	1	1	8	-9
J1354109	1661.72033966314	1	1	4	1	2012	1	1	1	3	2	1	1	4	-9
J1354201	2252.13729282797	1	1	4	1	2012	2	2	1	3	2	1	1	2	3
J1354202	1198.9959668518	0	4	4	1	2012	2	2	1	3	2	1	1	2	3
J1354205	1286.56629918929	0	4	4	1	2012	1	1	1	3	2	1	1	4	-9
J1354206	1361.50728557789	0	4	4	1	2012	4	4	2	3	2	1	1	1	2
J1354208	1729.27086244926	1	1	4	1	2012	1	1	1	3	2	1	1	4	-9
J1354303	1270.2156005428	1	1	4	2	2012	2	2	1	3	2	1	1	8	3
J1354305	4699.46146810272	1	1	4	2	2012	1	1	1	3	2	1	1	4	-9
J1354306	1398.20199224688	0	5	4	2	2012	1	1	1	3	2	1	1	8	-9
J1354307	835.061574007406	1	1	4	2	2012	4	4	2	3	2	1	1	1	2
J1354308	1736.12193729375	1	1	4	2	2012	1	1	1	3	2	1	1	4	-9
J1354404	1404.47695570576	0	5	4	2	2012	1	1	1	3	2	1	1	3	-9
J1354406	1459.40731349403	0	5	4	2	2012	1	1	1	3	2	1	1	1	-9
J1354409	791.375777767048	1	1	4	2	2012	4	4	2	3	2	1	1	1	2
J1354410	1236.58279265028	1	1	4	2	2012	1	1	1	3	2	1	1	1	-9
J1354411	1616.15121783528	0	5	4	2	2012	1	1	1	3	2	1	1	1	-9
J1361101	956.844639735975	1	1	1	4	2011	4	4	2	3	2	1	1	4	2
J1361103	834.188161910059	1	1	1	4	2011	1	1	1	3	2	1	1	1	-9
J1361105	740.029712010966	1	1	1	4	2011	4	4	2	3	2	1	1	2	2
J1361106	1271.81254446875	1	1	1	4	2011	4	4	2	3	2	1	1	1	2
J1361107	719.116193769923	0	4	1	4	2011	4	4	2	3	2	1	1	2	2
J1361111	1306.54488930216	0	5	1	4	2011	1	1	1	3	2	1	1	2	-9
J1361202	1063.47386211372	1	1	1	4	2011	4	4	2	3	2	1	1	4	2
J1361302	779.668653339883	1	1	1	5	2011	4	4	2	3	2	1	1	1	2
J1361303	3478.2948074282	0	4	1	5	2011	1	1	1	3	2	1	1	1	-9
J1361304	1757.19242144892	0	4	1	5	2011	4	4	2	3	2	1	1	1	2
J1361309	636.997326057589	1	1	1	5	2011	4	4	2	3	2	1	1	1	2
J1361310	1347.29193391645	1	1	1	5	2011	2	2	1	3	2	1	1	1	3
J1361311	1588.77598741039	0	5	1	5	2011	1	1	1	3	2	1	1	1	-9
J1361402	663.801848195592	1	1	1	5	2011	4	4	2	3	2	1	1	1	2
J1361403	695.522214019253	1	1	1	5	2011	4	4	2	3	2	1	1	2	2
J1361404	943.452885723797	1	1	1	5	2011	4	4	2	3	2	1	1	1	2
J1361406	1295.59845331443	1	1	1	5	2011	2	2	1	3	2	1	1	2	5
J1361407	1051.2794249772	1	1	1	5	2011	1	1	1	3	2	1	1	1	-9
J1361408	2796.27749363641	0	4	1	5	2011	2	2	1	3	2	1	1	1	5
J1361409	2778.38356182804	0	4	1	5	2011	2	2	1	3	2	1	1	2	3
J1362101	2168.72473936006	0	5	2	7	2011	1	1	1	3	2	1	1	5	-9
J1362102	1299.28666808488	0	4	2	7	2011	1	1	1	3	2	1	4	4	-9
J1362104	1602.56454445433	1	1	2	7	2011	1	1	1	3	2	1	1	7	-9
J1362105	1647.08437549979	0	5	2	7	2011	1	1	1	3	2	1	1	9	-9
J1362106	1816.34704293334	1	1	2	7	2011	1	1	1	3	2	1	1	9	-9
J1362202	1803.99640713369	1	1	2	7	2011	2	2	1	3	2	1	1	1	3
J1362206	1638.2553987113	0	5	2	7	2011	1	1	1	3	2	1	1	2	-9
J1362302	1299.00907172464	0	5	2	8	2011	1	1	1	3	2	1	1	6	-9
J1362303	1061.56595474196	1	1	2	8	2011	1	1	1	3	2	1	1	6	-9
J1362305	1367.5453002788	1	1	2	8	2011	1	1	1	3	2	1	1	10	-9
J1362306	1642.69062525657	0	5	2	8	2011	1	1	1	3	2	1	1	6	-9
J1362307	1557.69576816465	0	4	2	8	2011	4	4	2	3	2	1	1	2	2
J1362308	681.106309979718	1	1	2	8	2011	4	4	2	3	2	1	1	1	2
J1362309	1127.18035111844	0	5	2	8	2011	1	1	1	3	2	1	1	9	-9
J1362401	1875.20437797343	1	1	2	8	2011	1	1	1	3	2	1	1	7	-9
J1362402	1494.96839782124	0	5	2	8	2011	1	1	1	3	2	1	1	7	-9
J1362403	4491.26453561541	1	1	2	8	2011	1	1	1	3	2	1	1	3	-9
J1362405	1431.69722747504	1	1	2	8	2011	1	1	1	3	2	1	1	9	-9
J1362406	1899.96827960754	0	5	2	8	2011	1	1	1	3	2	1	1	8	-9
J1363101	1465.93452847721	0	5	3	10	2011	1	1	1	3	2	1	1	10	-9
J1363106	1728.54824636165	0	5	3	10	2011	1	1	1	3	2	1	1	9	-9
J1363107	2639.17049598912	0	5	3	10	2011	1	1	1	3	2	1	1	6	-9
J1363108	2357.22256024303	1	1	3	10	2011	1	1	1	3	2	1	1	10	-9
J1363201	3209.65776385829	0	5	3	10	2011	1	1	1	3	2	1	1	8	-9
J1363202	2803.78098093906	1	1	3	10	2011	1	1	1	3	2	1	1	10	-9
J1363204	1270.00134840651	0	5	3	10	2011	1	1	1	3	2	1	1	9	-9
J1363205	1631.56664320867	0	4	3	10	2011	1	1	1	3	2	1	1	8	-9
J1363301	1364.38016268423	1	1	3	11	2011	4	4	2	3	2	1	1	1	2
J1363302	5111.74604406816	0	5	3	11	2011	1	1	1	3	2	1	1	1	-9
J1363304	1777.96900821826	1	1	3	11	2011	1	1	1	3	2	1	1	8	-9
J1363305	1306.23299731562	0	5	3	11	2011	1	1	1	3	2	1	1	8	-9
J1363306	1597.21023205121	1	1	3	11	2011	2	2	1	3	2	1	1	9	3
J1363307	1810.73841836615	0	5	3	11	2011	1	1	1	3	2	1	2	9	-9
J1363402	1590.43232899901	0	4	3	11	2011	4	4	2	3	2	1	1	7	2
J1364101	1263.00984166308	1	1	4	1	2012	1	1	1	3	2	1	1	9	-9
J1364103	1807.64893061451	0	5	4	1	2012	1	1	1	3	2	1	1	8	-9
J1364104	1275.84937870975	1	1	4	1	2012	1	1	1	3	2	1	1	6	-9
J1364105	1955.62805016334	0	5	4	1	2012	1	1	1	3	2	1	1	7	-9
J1364202	2062.22310280035	0	5	4	1	2012	1	1	1	3	2	1	1	6	-9
J1364203	1258.96992243059	0	4	4	1	2012	2	2	1	3	2	1	1	5	3
J1364205	1428.67586824742	0	5	4	1	2012	1	1	1	3	2	1	1	9	-9
J1364207	690.654087669432	1	1	4	1	2012	4	4	2	3	2	1	1	2	2
J1364302	2042.51708053483	0	5	4	2	2012	1	1	1	3	2	1	1	4	-9
J1364303	977.463376373765	0	5	4	2	2012	2	2	1	3	2	1	1	1	3
J1364304	1900.33618097121	0	4	4	2	2012	1	1	1	3	2	1	1	3	-9
J1364306	1518.07900116587	1	1	4	2	2012	4	4	2	3	2	1	1	1	2
J1364307	1562.05997903478	0	4	4	2	2012	2	2	1	3	2	1	1	2	5
J1364308	1381.84237238456	0	4	4	2	2012	2	2	1	3	2	1	1	1	3
J1364310	1920.82792534908	0	5	4	2	2012	1	1	1	3	2	1	1	3	-9
J1364401	1205.0935268572	1	1	4	2	2012	1	1	1	3	2	1	1	9	-9
J1364402	1214.26232254205	0	5	4	2	2012	1	1	1	3	2	1	1	7	-9
J1364404	2431.2704568279	0	4	4	2	2012	2	2	1	3	2	1	1	6	3
J1364405	1224.46889331048	1	1	4	2	2012	2	2	1	3	2	1	1	5	5
J1371102	1251.75672509671	0	4	1	4	2011	1	1	1	3	2	1	1	1	-9
J1371103	1434.30361709333	0	5	1	4	2011	1	1	1	3	2	1	1	3	-9
J1371104	1559.47130807552	1	1	1	4	2011	2	2	1	3	2	1	1	2	5
J1371105	1421.91156152616	0	5	1	4	2011	1	1	1	3	2	1	1	4	-9
J1371106	1565.49615627665	1	1	1	4	2011	1	1	1	3	2	1	1	1	-9
J1371107	1040.49087152709	0	5	1	4	2011	1	1	1	3	2	1	1	1	-9
J1371108	1324.36282566982	0	4	1	4	2011	1	1	1	3	2	1	1	3	-9
J1371110	1451.84355540352	0	4	1	4	2011	3	3	2	3	2	1	1	2	1
J1371111	1175.70136517251	0	4	1	4	2011	1	1	1	3	2	1	1	3	-9
J1371112	1470.64333129002	0	5	1	4	2011	1	1	1	3	2	1	1	5	-9
J1371201	1439.48241146082	1	1	1	4	2011	2	2	1	3	2	1	1	3	5
J1371202	1650.86708825428	1	1	1	4	2011	1	1	1	3	2	1	1	4	-9
J1371203	1674.9994916672	1	1	1	4	2011	3	3	2	3	2	1	1	4	1
J1371204	1361.69393097514	0	4	1	4	2011	1	1	1	3	2	1	1	3	-9
J1371205	1291.39492172424	0	5	1	4	2011	1	1	1	3	2	1	1	6	-9
J1371206	1546.68474621117	1	1	1	4	2011	1	1	1	3	2	1	1	8	-9
J1371207	1324.84742250945	0	5	1	4	2011	1	1	1	3	2	1	1	9	-9
J1371211	1042.6899829723	1	1	1	4	2011	4	4	2	3	2	1	1	5	2
J1371212	1066.14457728688	0	4	1	4	2011	2	2	1	3	2	1	1	6	3
J1371302	1773.98622649125	0	5	1	5	2011	1	1	1	3	2	1	1	10	-9
J1371303	841.109478122492	0	4	1	5	2011	2	2	1	3	2	1	1	4	3
J1371304	1094.97997838497	1	1	1	5	2011	2	2	1	3	2	1	1	2	3
J1371305	661.287186632153	1	1	1	5	2011	1	1	1	3	2	1	1	2	-9
J1371306	1326.58371874594	0	5	1	5	2011	1	1	1	3	2	1	1	2	-9
J1371308	1327.29912377933	0	5	1	5	2011	1	1	1	3	2	1	1	9	-9
J1371309	1189.54730979415	1	1	1	5	2011	1	1	1	3	2	1	1	10	-9
J1371310	1118.87868104612	1	1	1	5	2011	1	1	1	3	2	1	1	10	-9
J1371312	1954.15356050251	0	4	1	5	2011	2	2	1	3	2	1	1	6	5
J1371401	1425.96090601889	0	5	1	5	2011	1	1	1	3	2	1	1	9	-9
J1371402	1049.26514740841	1	1	1	5	2011	1	1	1	3	2	1	1	8	-9
J1371404	1330.62938063718	1	1	1	5	2011	1	1	1	3	2	1	2	9	-9
J1371405	1114.65297018354	0	5	1	5	2011	1	1	1	3	2	1	2	6	-9
J1371406	1275.20679914745	1	1	1	5	2011	1	1	1	3	2	1	2	9	-9
J1371407	1391.36385044989	0	4	1	5	2011	2	2	1	3	2	1	1	10	4
J1371408	1393.70347446599	1	1	1	5	2011	2	2	1	3	2	1	1	5	3
J1371409	1585.89576900921	1	1	1	5	2011	1	1	1	3	2	1	1	9	-9
J1371410	616.325463777196	1	1	1	5	2011	4	4	2	3	2	1	1	5	2
J1371411	1446.74583710511	1	1	1	5	2011	1	1	1	3	2	1	1	9	-9
J1372101	1712.06713657239	0	4	2	7	2011	1	1	1	3	2	1	1	6	-9
J1372103	1648.8976978376	0	5	2	7	2011	1	1	1	3	2	1	3	8	-9
J1372104	1454.74044133213	0	4	2	7	2011	1	1	1	3	2	1	3	7	-9
J1372105	1517.63495765782	0	5	2	7	2011	1	1	1	3	2	1	2	9	-9
J1372107	1458.68012351006	0	5	2	7	2011	1	1	1	3	2	1	2	9	-9
J1372110	1256.14475833723	1	1	2	7	2011	1	1	1	3	2	1	4	5	-9
J1372201	1039.64190394083	0	5	2	7	2011	1	1	1	3	2	1	1	7	-9
J1372202	751.890356335767	1	1	2	7	2011	3	3	2	3	2	1	1	3	1
J1372203	761.074388829403	1	1	2	7	2011	3	3	2	3	2	1	1	4	1
J1372205	2230.43070802278	1	1	2	7	2011	2	2	1	3	2	1	4	8	3
J1372206	803.374122165297	0	5	2	7	2011	1	1	1	3	2	1	2	4	-9
J1372207	4493.04351093016	1	1	2	7	2011	1	1	1	3	2	1	3	8	-9
J1372208	1522.27662031925	0	5	2	7	2011	1	1	1	3	2	1	2	6	-9
J1372209	1686.41348437123	1	1	2	7	2011	3	3	2	3	2	1	3	6	1
J1372210	1402.6307079142	0	5	2	7	2011	1	1	1	3	2	1	2	9	-9
J1372211	715.216332300581	1	1	2	7	2011	1	1	1	3	2	1	1	3	-9
J1372212	1842.2260530146	1	1	2	7	2011	3	3	2	3	2	1	1	3	1
J1372213	3230.80470675373	0	5	2	7	2011	1	1	1	3	2	1	2	10	-9
J1372302	1348.66017658621	1	1	2	8	2011	1	1	1	3	2	1	1	7	-9
J1372303	1989.47931762571	0	5	2	8	2011	1	1	1	3	2	1	1	8	-9
J1372304	1601.56601946913	0	4	2	8	2011	2	2	1	3	2	1	1	5	4
J1372305	1914.52144574057	1	1	2	8	2011	4	4	2	3	2	1	1	9	2
J1372306	1289.14730292671	1	1	2	8	2011	1	1	1	3	2	1	1	10	-9
J1372308	1275.90277537622	0	4	2	8	2011	1	1	1	3	2	1	3	7	-9
J1372311	1277.02541669967	0	5	2	8	2011	1	1	1	3	2	1	1	2	-9
J1372312	1106.49839639087	0	5	2	8	2011	1	1	1	3	2	1	1	5	-9
J1372313	1300.62077268509	1	1	2	8	2011	1	1	1	3	2	1	1	5	-9
J1372401	1511.13278475456	0	5	2	8	2011	1	1	1	3	2	1	1	8	-9
J1372405	724.053144483775	0	5	2	8	2011	1	1	1	3	2	1	1	1	-9
J1372406	575.308097468578	1	1	2	8	2011	2	2	1	3	2	1	1	1	3
J1372408	797.519692620391	0	5	2	8	2011	1	1	1	3	2	1	1	2	-9
J1372411	861.630044752824	0	4	2	8	2011	2	2	1	3	2	1	1	1	5
J1372412	1485.23809594358	0	4	2	8	2011	3	3	2	3	2	1	1	1	1
J1372414	1178.16806854431	1	1	2	8	2011	4	4	2	3	2	1	1	1	2
J1372415	3344.0293160912	1	1	2	8	2011	1	1	1	3	2	1	1	1	-9
J1373101	1682.40540564997	0	5	3	10	2011	1	1	1	3	2	1	1	5	-9
J1373106	1532.75419555889	0	5	3	10	2011	1	1	1	3	2	1	1	5	-9
J1373107	1448.04941596178	0	5	3	10	2011	1	1	1	3	2	1	1	6	-9
J1373108	940.269110610875	0	4	3	10	2011	4	4	2	3	2	1	1	1	2
J1373110	1583.23574554553	0	4	3	10	2011	1	1	1	3	2	1	1	7	-9
J1373111	1523.87115429443	0	5	3	10	2011	1	1	1	3	2	1	1	7	-9
J1373113	1716.07696585041	0	4	3	10	2011	4	4	2	3	2	1	1	1	2
J1373201	1409.92301865914	1	1	3	10	2011	1	1	1	3	2	1	1	2	-9
J1373202	3071.24664802091	0	5	3	10	2011	1	1	1	3	2	1	1	6	-9
J1373205	1510.1094642909	0	5	3	10	2011	1	1	1	3	2	1	1	4	-9
J1373206	1344.06869356557	1	1	3	10	2011	1	1	1	3	2	1	1	9	-9
J1373207	1739.01044014021	0	5	3	10	2011	1	1	1	3	2	1	1	5	-9
J1373208	1215.98338447484	0	5	3	10	2011	1	1	1	3	2	1	1	5	-9
J1373209	1436.50492484229	1	1	3	10	2011	2	2	1	3	2	1	1	3	3
J1373210	2312.05703837017	0	5	3	10	2011	1	1	1	3	2	1	1	5	-9
J1373301	1349.82612367214	0	4	3	11	2011	1	1	1	3	2	1	1	4	-9
J1373302	712.202412339403	1	1	3	11	2011	3	3	2	3	2	1	1	1	1
J1373303	871.519242881168	0	4	3	11	2011	3	3	2	3	2	1	1	1	1
J1373305	1702.39086849876	0	5	3	11	2011	1	1	1	3	2	1	1	7	-9
J1373306	697.540704277906	1	1	3	11	2011	3	3	2	3	2	1	1	3	1
J1373307	1419.48979294264	0	5	3	11	2011	1	1	1	3	2	1	1	3	-9
J1373308	3263.52488634814	1	1	3	11	2011	1	1	1	3	2	1	1	9	-9
J1373310	1503.22477770678	0	5	3	11	2011	1	1	1	3	2	1	1	9	-9
J1373311	1348.09660753437	1	1	3	11	2011	1	1	1	3	2	1	1	7	-9
J1373312	1372.71014001071	0	5	3	11	2011	1	1	1	3	2	1	1	8	-9
J1373313	1719.05901044517	1	1	3	11	2011	1	1	1	3	2	1	1	7	-9
J1373314	1263.82078934333	0	5	3	11	2011	1	1	1	3	2	1	1	10	-9
J1373402	1713.71584856453	0	4	3	11	2011	1	1	1	3	2	1	1	3	-9
J1373404	788.874930241967	1	1	3	11	2011	3	3	2	3	2	1	1	2	1
J1373406	1523.09996613757	0	5	3	11	2011	1	1	1	3	2	1	1	6	-9
J1373407	1191.65724507079	1	1	3	11	2011	1	1	1	3	2	1	1	5	-9
J1373408	1506.84070467331	0	5	3	11	2011	1	1	1	3	2	1	1	8	-9
J1373409	1234.69605464185	1	1	3	11	2011	1	1	1	3	2	1	1	4	-9
J1373412	8488.9283673857	1	1	3	11	2011	2	2	1	3	2	1	1	7	3
J1373413	1061.4673477342	0	5	3	11	2011	1	1	1	3	2	1	1	9	-9
J1374102	1104.61075318152	0	5	4	1	2012	1	1	1	3	2	1	2	7	-9
J1374105	1039.43780292388	0	5	4	1	2012	1	1	1	3	2	1	4	7	-9
J1374109	1787.52385233376	1	1	4	1	2012	2	2	1	3	2	1	2	10	3
J1374110	1430.06188130235	0	5	4	1	2012	1	1	1	3	2	1	2	7	-9
J1374111	812.137228388523	1	1	4	1	2012	2	2	1	3	2	1	4	7	4
J1374112	1302.74958222091	0	5	4	1	2012	1	1	1	3	2	1	2	9	-9
J1374201	1150.11194535613	0	5	4	1	2012	4	4	2	3	2	1	2	8	2
J1374202	3368.39146559374	1	1	4	1	2012	1	1	1	3	2	1	1	7	-9
J1374203	3258.90576551739	0	5	4	1	2012	1	1	1	3	2	1	1	4	-9
J1374205	1419.51448474917	1	1	4	1	2012	2	2	1	3	2	1	1	4	3
J1374206	1297.68178000013	0	5	4	1	2012	1	1	1	3	2	1	1	3	-9
J1374210	3732.78328337921	0	5	4	1	2012	1	1	1	3	2	1	1	10	-9
J1374211	3669.30871025153	0	5	4	1	2012	1	1	1	3	2	1	2	8	-9
J1374212	883.619877111786	1	1	4	1	2012	2	2	1	3	2	1	3	8	3
J1374213	1512.78101910695	0	5	4	1	2012	1	1	1	3	2	1	3	8	-9
J1374305	931.81443694029	1	1	4	2	2012	4	4	2	3	2	1	1	1	2
J1374306	1452.03201298497	0	5	4	2	2012	1	1	1	3	2	1	1	1	-9
J1374307	1368.78441783129	1	1	4	2	2012	1	1	1	3	2	1	1	1	-9
J1374309	611.423419292271	1	1	4	2	2012	1	1	1	3	2	1	1	1	-9
J1374310	955.380739182769	0	5	4	2	2012	1	1	1	3	2	1	1	1	-9
J1374311	592.193929918745	1	1	4	2	2012	3	3	2	3	2	1	1	1	1
J1374312	771.734589484749	0	4	4	2	2012	3	3	2	3	2	1	1	1	1
J1374404	1813.13982415462	0	4	4	2	2012	2	2	1	3	2	1	1	1	4
J1374408	1168.28755680396	0	4	4	2	2012	2	2	1	3	2	1	1	1	3
J1374409	1058.79356016214	0	4	4	2	2012	1	1	1	3	2	1	1	1	-9
J1374410	1311.93295049075	1	1	4	2	2012	4	4	2	3	2	1	1	1	2
J1374411	1420.86548111554	1	1	4	2	2012	2	2	1	3	2	1	1	1	3
J1374412	3817.19545510676	0	5	4	2	2012	1	1	1	3	2	1	1	1	-9
J1374413	2406.99229354811	0	5	4	2	2012	1	1	1	3	2	1	1	3	-9
J1381101	1486.03636989074	1	1	1	4	2011	1	1	1	3	2	1	1	5	-9
J1381102	850.305006436921	1	1	1	4	2011	4	4	2	3	2	1	1	1	2
J1381103	940.663056267668	1	1	1	4	2011	1	1	1	3	2	1	1	4	-9
J1381104	1135.57061382598	0	5	1	4	2011	1	1	1	3	2	1	1	5	-9
J1381105	3232.99980589216	1	1	1	4	2011	1	1	1	3	2	1	1	5	-9
J1381106	1317.9849005611	0	5	1	4	2011	1	1	1	3	2	1	1	7	-9
J1381107	888.160442232475	1	1	1	4	2011	4	4	2	3	2	1	1	4	2
J1381108	1673.95542174279	1	1	1	4	2011	1	1	1	3	2	1	1	8	-9
J1381109	1319.86500531974	0	5	1	4	2011	1	1	1	3	2	1	4	9	-9
J1381110	1258.19656171836	0	4	1	4	2011	2	2	1	3	2	1	2	10	3
J1381111	2119.81379579516	1	1	1	4	2011	2	2	1	3	2	1	1	6	3
J1381201	1816.50604791694	0	5	1	4	2011	1	1	1	3	2	1	1	4	-9
J1381202	1681.96234873071	1	1	1	4	2011	4	4	2	3	2	1	1	4	2
J1381203	1179.44132643594	0	5	1	4	2011	1	1	1	3	2	1	1	3	-9
J1381204	1237.78100452297	1	1	1	4	2011	4	4	2	3	2	1	1	1	2
J1381205	1220.97603550523	0	5	1	4	2011	1	1	1	3	2	1	4	7	-9
J1381208	1647.80490454579	1	1	1	4	2011	4	4	2	3	2	1	1	1	2
J1381210	1495.3042971523	0	5	1	4	2011	1	1	1	3	2	1	1	7	-9
J1381301	1232.7603256649	0	5	1	5	2011	1	1	1	3	2	1	1	7	-9
J1381302	729.043519950439	1	1	1	5	2011	1	1	1	3	2	1	1	2	-9
J1381303	1298.04636999015	0	5	1	5	2011	1	1	1	3	2	1	1	4	-9
J1381304	1221.69473872412	1	1	1	5	2011	1	1	1	3	2	1	1	4	-9
J1381305	1322.65428158016	0	4	1	5	2011	4	4	2	3	2	1	1	3	2
J1381306	1261.28028568862	1	1	1	5	2011	1	1	1	3	2	1	1	7	-9
J1381307	1464.06215567265	0	4	1	5	2011	2	2	1	3	2	1	1	3	3
J1381308	717.67433363534	1	1	1	5	2011	4	4	2	3	2	1	1	1	2
J1381309	1512.81759820731	1	1	1	5	2011	1	1	1	3	2	1	1	5	-9
J1381310	1421.85189377815	0	5	1	5	2011	1	1	1	3	2	1	1	9	-9
J1381401	1499.93426354953	0	5	1	5	2011	1	1	1	3	2	1	2	8	-9
J1381402	1088.37938707626	1	1	1	5	2011	4	4	2	3	2	1	2	5	2
J1381403	1260.29918537126	0	5	1	5	2011	1	1	1	3	2	1	2	8	-9
J1381404	1481.90716292227	0	4	1	5	2011	1	1	1	3	2	1	4	8	-9
J1381406	1130.60181727862	1	1	1	5	2011	1	1	1	3	2	1	2	5	-9
J1381407	622.189238659906	1	1	1	5	2011	4	4	2	3	2	1	2	5	2
J1381409	1547.97682873866	1	1	1	5	2011	1	1	1	3	2	1	2	7	-9
J1382103	546.601903190705	1	1	2	7	2011	4	4	2	3	2	1	1	1	2
J1382106	1270.51242193227	1	1	2	7	2011	4	4	2	3	2	1	1	1	2
J1382107	7851.53605983199	0	4	2	7	2011	2	2	1	3	2	1	1	2	3
J1382110	1451.40933524046	1	1	2	7	2011	1	1	1	3	2	1	1	1	-9
J1382111	1740.99048303535	0	5	2	7	2011	1	1	1	3	2	1	1	1	-9
J1382115	2154.81636330365	1	1	2	7	2011	2	2	1	3	2	1	1	3	5
J1382201	869.366368931888	1	1	2	7	2011	4	4	2	3	2	1	1	1	2
J1382204	763.234031794407	0	4	2	7	2011	2	2	1	3	2	1	1	1	3
J1382206	694.024077210418	1	1	2	7	2011	4	4	2	3	2	1	1	1	2
J1382208	816.276076650231	0	4	2	7	2011	4	4	2	3	2	1	1	1	2
J1382303	1791.35745920666	0	5	2	8	2011	1	1	1	3	2	1	2	10	-9
J1382304	1188.71244014547	0	5	2	8	2011	1	1	1	3	2	1	4	4	-9
J1382305	1352.9786788949	1	1	2	8	2011	1	1	1	3	2	1	1	7	-9
J1382306	1680.70021630367	0	5	2	8	2011	1	1	1	3	2	1	1	8	-9
J1382307	1714.9387400686	1	1	2	8	2011	1	1	1	3	2	1	1	4	-9
J1382308	1326.79791674996	0	5	2	8	2011	1	1	1	3	2	1	1	3	-9
J1382401	677.602151979491	1	1	2	8	2011	4	4	2	3	2	1	1	1	2
J1382405	1178.77115405627	0	5	2	8	2011	1	1	1	3	2	1	1	10	-9
J1382406	2184.00544128588	0	4	2	8	2011	2	2	1	3	2	1	1	7	5
J1382407	1594.88358176741	0	5	2	8	2011	1	1	1	3	2	1	1	7	-9
J1382409	1513.47950791947	0	5	2	8	2011	1	1	1	3	2	1	1	7	-9
J1382410	1685.31400507824	1	1	2	8	2011	1	1	1	3	2	1	1	5	-9
J1383101	1437.22026550607	1	1	3	10	2011	1	1	1	3	2	1	1	9	-9
J1383104	1164.70615903924	0	4	3	10	2011	1	1	1	3	2	1	1	9	-9
J1383105	1344.09143908632	1	1	3	10	2011	2	2	1	3	2	1	1	8	5
J1383106	1632.30347905441	1	1	3	10	2011	1	1	1	3	2	1	1	9	-9
J1383107	1956.92566230936	0	5	3	10	2011	1	1	1	3	2	1	4	8	-9
J1383109	1260.35879329592	1	1	3	10	2011	1	1	1	3	2	1	1	10	-9
J1383201	1313.90977119005	0	5	3	10	2011	1	1	1	3	2	1	1	5	-9
J1383202	1364.27970558958	1	1	3	10	2011	1	1	1	3	2	1	1	1	-9
J1383203	844.660441264976	1	1	3	10	2011	4	4	2	3	2	1	1	1	2
J1383204	1784.75648461314	0	5	3	10	2011	1	1	1	3	2	1	1	1	-9
J1383206	1110.13438622598	0	5	3	10	2011	1	1	1	3	2	1	1	2	-9
J1383207	1679.73030173151	1	1	3	10	2011	2	2	1	3	2	1	1	4	3
J1383208	1549.36523842511	0	5	3	10	2011	1	1	1	3	2	1	1	4	-9
J1383209	3728.6665005169	1	1	3	10	2011	2	2	1	3	2	1	1	9	5
J1383304	1437.92412559053	0	4	3	11	2011	1	1	1	3	2	1	1	3	-9
J1383307	1261.08789599401	0	5	3	11	2011	1	1	1	3	2	1	1	7	-9
J1383308	1570.31991361637	0	5	3	11	2011	2	2	1	3	2	1	1	9	3
J1383402	1262.58337652243	0	5	3	11	2011	1	1	1	3	2	1	1	5	-9
J1383403	2634.85138294693	0	4	3	11	2011	1	1	1	3	2	1	1	5	-9
J1383404	709.277037775086	0	5	3	11	2011	4	4	2	3	2	1	1	3	2
J1383405	782.757748767902	1	1	3	11	2011	4	4	2	3	2	1	1	3	2
J1383406	1339.86782097575	1	1	3	11	2011	1	1	1	3	2	1	1	6	-9
J1383407	1187.14391469749	1	1	3	11	2011	4	4	2	3	2	1	1	1	2
J1383409	678.041320181629	1	1	3	11	2011	4	4	2	3	2	1	1	2	2
J1383410	909.141773065988	0	5	3	11	2011	1	1	1	3	2	1	1	2	-9
J1383411	1257.0981232172	1	1	3	11	2011	1	1	1	3	2	1	4	9	-9
J1384101	1396.13416906071	1	1	4	1	2012	1	1	1	3	2	1	1	10	-9
J1384103	1259.8858197719	0	5	4	1	2012	1	1	1	3	2	1	1	10	-9
J1384107	1624.87864684576	0	5	4	1	2012	1	1	1	3	2	1	1	7	-9
J1384109	1665.24751270852	1	1	4	1	2012	1	1	1	3	2	1	1	3	-9
J1384201	1651.75349857334	0	5	4	1	2012	1	1	1	3	2	1	1	10	-9
J1384204	1647.40961039493	0	5	4	1	2012	1	1	1	3	2	1	1	8	-9
J1384205	1743.74610718908	0	4	4	1	2012	1	1	1	3	2	1	1	9	-9
J1384206	1848.53057411798	0	5	4	1	2012	1	1	1	3	2	1	2	9	-9
J1384207	1424.35186899074	1	1	4	1	2012	1	1	1	3	2	1	1	9	-9
J1384208	1088.83200215618	0	5	4	1	2012	1	1	1	3	2	1	1	9	-9
J1384301	2267.65186195203	0	5	4	2	2012	1	1	1	3	2	1	1	2	-9
J1384302	1482.24310287009	1	1	4	2	2012	1	1	1	3	2	1	1	2	-9
J1384304	1721.67620140862	0	5	4	2	2012	1	1	1	3	2	1	1	10	-9
J1384305	1502.80579137394	0	4	4	2	2012	1	1	1	3	2	1	1	10	-9
J1384306	830.631574183771	0	4	4	2	2012	4	4	2	3	2	1	1	4	2
J1384307	1695.73523336179	0	4	4	2	2012	1	1	1	3	2	1	3	9	-9
J1384308	1375.20576017629	0	5	4	2	2012	1	1	1	3	2	1	2	9	-9
J1384309	1250.22548933531	0	5	4	2	2012	1	1	1	3	2	1	2	9	-9
J1384310	1168.01857651664	1	1	4	2	2012	1	1	1	3	2	1	3	6	-9
J1384401	1544.77775622701	0	5	4	2	2012	1	1	1	3	2	1	1	9	-9
J1384402	3823.54133732705	0	4	4	2	2012	1	1	1	3	2	1	1	4	-9
J1384403	2645.77195590386	0	5	4	2	2012	1	1	1	3	2	1	1	10	-9
J1384404	3996.10640623279	0	5	4	2	2012	1	1	1	3	2	1	1	5	-9
J1384405	1391.81494325767	1	1	4	2	2012	1	1	1	3	2	1	1	6	-9
J1384407	3467.20255191018	1	1	4	2	2012	2	2	1	3	2	1	1	9	3
J1384408	1101.79582095663	1	1	4	2	2012	4	4	2	3	2	1	1	5	2
J1384409	1811.63991692099	0	5	4	2	2012	1	1	1	3	2	1	1	8	-9
J1391101	1151.97258279915	1	1	1	4	2011	2	2	1	3	2	1	1	3	3
J1391102	1338.33374247816	0	5	1	4	2011	1	1	1	3	2	1	1	8	-9
J1391103	1646.33775348438	1	1	1	4	2011	1	1	1	3	2	1	1	7	-9
J1391104	1563.59882847282	1	1	1	4	2011	4	4	2	3	2	1	1	6	2
J1391106	757.038093051202	0	5	1	4	2011	1	1	1	3	2	1	2	6	-9
J1391107	1369.63345776215	0	4	1	4	2011	1	1	1	3	2	1	2	4	-9
J1391108	1331.33293857959	1	1	1	4	2011	1	1	1	3	2	1	1	6	-9
J1391201	1354.95732235971	0	5	1	4	2011	1	1	1	3	2	1	1	6	-9
J1391202	1586.38928643166	1	1	1	4	2011	2	2	1	3	2	1	1	7	5
J1391203	776.27053308873	0	4	1	4	2011	4	4	2	3	2	1	1	4	2
J1391204	1371.00890551269	1	1	1	4	2011	4	4	2	3	2	1	1	10	2
J1391205	1159.27780144663	0	4	1	4	2011	2	2	1	3	2	1	1	7	4
J1391206	3196.39473166677	1	1	1	4	2011	2	2	1	3	2	1	1	6	5
J1391207	2100.4522421626	0	5	1	4	2011	1	1	1	3	2	1	3	7	-9
J1391208	1767.88867420065	1	1	1	4	2011	1	1	1	3	2	1	3	8	-9
J1391301	1518.84536818324	0	5	1	5	2011	1	1	1	3	2	1	2	10	-9
J1391302	1414.81705214975	1	1	1	5	2011	1	1	1	3	2	1	2	10	-9
J1391304	1696.36474673597	0	4	1	5	2011	1	1	1	3	2	1	2	10	-9
J1391305	1368.77190507759	0	5	1	5	2011	1	1	1	3	2	1	3	9	-9
J1391308	1434.10262929267	0	4	1	5	2011	1	1	1	3	2	1	2	9	-9
J1391309	1582.10833719581	0	5	1	5	2011	1	1	1	3	2	1	2	8	-9
J1391401	1103.22869477604	1	1	1	5	2011	1	1	1	3	2	1	4	10	-9
J1391402	1885.06566972879	1	1	1	5	2011	1	1	1	3	2	1	1	10	-9
J1391403	1356.41021336499	0	5	1	5	2011	1	1	1	3	2	1	2	10	-9
J1391405	1514.38503926261	0	5	1	5	2011	1	1	1	3	2	1	2	8	-9
J1391407	2045.02756895945	0	5	1	5	2011	1	1	1	3	2	1	2	9	-9
J1391408	1364.67919239697	1	1	1	5	2011	2	2	1	3	2	1	3	9	3
J1392102	1346.8308082709	1	1	2	7	2011	2	2	1	3	2	1	1	6	3
J1392104	1467.08144346161	0	4	2	7	2011	1	1	1	3	2	1	1	6	-9
J1392105	1404.49150673655	0	5	2	7	2011	1	1	1	3	2	1	1	1	-9
J1392202	2296.42176717454	1	1	2	7	2011	4	4	2	3	2	1	1	1	2
J1392205	715.207049380998	1	1	2	7	2011	4	4	2	3	2	1	1	1	2
J1392206	1431.07545476725	0	5	2	7	2011	1	1	1	3	2	1	1	6	-9
J1392207	1762.17417197582	1	1	2	7	2011	1	1	1	3	2	1	1	9	-9
J1392208	801.109103435158	0	5	2	7	2011	1	1	1	3	2	1	1	3	-9
J1392209	1507.74971973513	0	5	2	7	2011	1	1	1	3	2	1	1	5	-9
J1392210	740.612506596591	1	1	2	7	2011	4	4	2	3	2	1	1	1	2
J1392301	1033.91632536062	1	1	2	8	2011	2	2	1	3	2	1	1	3	3
J1392304	3648.81332062242	0	4	2	8	2011	1	1	1	3	2	1	1	1	-9
J1392305	1729.7840003958	1	1	2	8	2011	4	4	2	3	2	1	1	3	2
J1392306	1892.9496544407	1	1	2	8	2011	2	2	1	3	2	1	1	1	3
J1392307	931.318763293522	1	1	2	8	2011	4	4	2	3	2	1	1	1	2
J1392308	1461.57947528914	0	5	2	8	2011	1	1	1	3	2	1	1	3	-9
J1392309	653.49337751109	1	1	2	8	2011	4	4	2	3	2	1	1	1	2
J1392401	1071.91816979456	0	5	2	8	2011	1	1	1	3	2	1	1	4	-9
J1392403	1335.55073466056	0	5	2	8	2011	1	1	1	3	2	1	1	1	-9
J1392404	1465.33409003006	1	1	2	8	2011	1	1	1	3	2	1	1	2	-9
J1392405	1800.91640102503	1	1	2	8	2011	4	4	2	3	2	1	1	4	2
J1392407	1134.73536544374	1	1	2	8	2011	2	2	1	3	2	1	1	1	3
J1393101	1651.75349857334	0	5	3	10	2011	1	1	1	3	2	1	1	2	-9
J1393102	1339.20902556966	1	1	3	10	2011	1	1	1	3	2	1	1	4	-9
J1393103	1329.19631008098	1	1	3	10	2011	2	2	1	3	2	1	1	2	5
J1393105	740.98141771365	1	1	3	10	2011	1	1	1	3	2	1	1	2	-9
J1393106	1158.42798537916	0	5	3	10	2011	1	1	1	3	2	1	1	8	-9
J1393108	1515.70381810999	0	5	3	10	2011	1	1	1	3	2	1	1	5	-9
J1393201	754.418631711543	1	1	3	10	2011	3	3	2	3	2	1	1	1	1
J1393202	1636.29037947993	1	1	3	10	2011	1	1	1	3	2	1	1	1	-9
J1393204	4115.9237981012	1	1	3	10	2011	1	1	1	3	2	1	1	8	-9
J1393206	1101.98744159587	0	5	3	10	2011	1	1	1	3	2	1	1	2	-9
J1393207	1390.06664128802	1	1	3	10	2011	1	1	1	3	2	1	1	9	-9
J1393301	2503.01057369094	0	4	3	11	2011	2	2	1	3	2	1	1	4	3
J1393303	1320.3590759116	1	1	3	11	2011	2	2	1	3	2	1	1	4	3
J1393304	1195.71250147417	0	4	3	11	2011	2	2	1	3	2	1	1	4	3
J1393305	1193.13871342163	1	1	3	11	2011	1	1	1	3	2	1	1	4	-9
J1393306	1567.938248069	0	5	3	11	2011	1	1	1	3	2	1	1	3	-9
J1393309	661.155430644823	0	5	3	11	2011	1	1	1	3	2	1	1	3	-9
J1393401	1668.94985818612	1	1	3	11	2011	2	2	1	3	2	1	1	6	3
J1393402	1398.04723458317	1	1	3	11	2011	2	2	1	3	2	1	1	6	5
J1393404	1337.80999379672	0	5	3	11	2011	1	1	1	3	2	1	1	9	-9
J1394101	1557.07528727148	0	5	4	1	2012	1	1	1	3	2	1	1	6	-9
J1394103	1662.01712545136	0	5	4	1	2012	1	1	1	3	2	1	1	3	-9
J1394104	1728.93662223938	1	1	4	1	2012	1	1	1	3	2	1	1	5	-9
J1394105	1075.12199261287	1	1	4	1	2012	2	2	1	3	2	1	2	8	5
J1394106	1815.90572962844	0	5	4	1	2012	1	1	1	3	2	1	4	6	-9
J1394201	2151.43355196962	0	4	4	1	2012	1	1	1	3	2	1	2	8	-9
J1394202	1511.6416411568	0	5	4	1	2012	1	1	1	3	2	1	2	9	-9
J1394204	1487.17239087007	0	5	4	1	2012	1	1	1	3	2	1	2	7	-9
J1394205	2860.63965084505	0	5	4	1	2012	1	1	1	3	2	1	2	7	-9
J1394206	1424.9772342084	1	1	4	1	2012	1	1	1	3	2	1	2	7	-9
J1394207	1297.58928943188	0	5	4	1	2012	1	1	1	3	2	1	3	8	-9
J1394301	1591.47952681626	1	1	4	2	2012	1	1	1	3	2	1	4	8	-9
J1394302	1423.27323855269	0	5	4	2	2012	1	1	1	3	2	1	2	8	-9
J1394303	1744.94157911352	1	1	4	2	2012	1	1	1	3	2	1	1	3	-9
J1394304	1107.71042962418	0	5	4	2	2012	1	1	1	3	2	1	1	8	-9
J1394305	1795.68163449462	0	5	4	2	2012	1	1	1	3	2	1	1	6	-9
J1394306	1443.13956528726	0	4	4	2	2012	1	1	1	3	2	1	2	10	-9
J1394308	882.681672233458	1	1	4	2	2012	2	2	1	3	2	1	2	3	3
J1394401	1040.94116011678	0	5	4	2	2012	1	1	1	3	2	1	1	2	-9
J1394402	1565.4618535154	0	5	4	2	2012	1	1	1	3	2	1	1	1	-9
J1394404	1031.66906541443	0	5	4	2	2012	1	1	1	3	2	1	1	4	-9
J1394409	819.448693816127	1	1	4	2	2012	4	4	2	3	2	1	1	1	2
J1401101	3495.41391969205	0	4	1	4	2011	2	2	1	3	2	1	1	2	3
J1401102	1409.56785178414	1	1	1	4	2011	1	1	1	3	2	1	1	4	-9
J1401105	1689.1181596584	1	1	1	4	2011	2	2	1	3	2	1	1	1	3
J1401107	807.29863670636	1	1	1	4	2011	4	4	2	3	2	1	1	1	2
J1401108	593.530095294742	1	1	1	4	2011	4	4	2	3	2	1	1	1	2
J1401201	1336.93844208041	1	1	1	4	2011	1	1	1	3	2	1	1	8	-9
J1401202	1225.03898367615	0	5	1	4	2011	1	1	1	3	2	1	1	1	-9
J1401203	1744.94157911352	1	1	1	4	2011	1	1	1	3	2	1	1	2	-9
J1401301	1284.72490076571	0	5	1	5	2011	1	1	1	3	2	1	3	4	-9
J1401302	3636.39179545469	1	1	1	5	2011	1	1	1	3	2	1	1	3	-9
J1401303	693.67668540903	1	1	1	5	2011	2	2	1	3	2	1	1	2	3
J1401307	1172.47926361473	1	1	1	5	2011	2	2	1	3	2	1	1	3	3
J1401308	2910.75427008499	0	5	1	5	2011	1	1	1	3	2	1	1	5	-9
J1401402	1707.77113163696	0	5	1	5	2011	1	1	1	3	2	1	1	2	-9
J1401404	2963.08781607666	0	5	1	5	2011	1	1	1	3	2	1	1	2	-9
J1401406	2433.67058873361	0	5	1	5	2011	1	1	1	3	2	1	1	7	-9
J1402101	3702.43102465292	0	5	2	7	2011	1	1	1	3	2	1	3	5	-9
J1402102	1607.66394661351	0	4	2	7	2011	2	2	1	3	2	1	1	7	5
J1402103	653.176710338311	0	5	2	7	2011	1	1	1	3	2	1	2	6	-9
J1402105	1254.47136074294	0	5	2	7	2011	1	1	1	3	2	1	1	6	-9
J1402106	3026.65035733819	1	1	2	7	2011	1	1	1	3	2	1	4	4	-9
J1402107	968.143163137915	0	5	2	7	2011	1	1	1	3	2	1	1	2	-9
J1402108	1613.42912101873	0	5	2	7	2011	1	1	1	3	2	1	3	6	-9
J1402109	1471.71300447617	0	4	2	7	2011	1	1	1	3	2	1	1	3	-9
J1402110	1159.29766272703	0	5	2	7	2011	1	1	1	3	2	1	1	2	-9
J1402202	1563.88889272274	0	5	2	7	2011	1	1	1	3	2	1	1	4	-9
J1402203	1663.06906336235	0	4	2	7	2011	1	1	1	3	2	1	1	3	-9
J1402204	1203.04959809156	0	5	2	7	2011	1	1	1	3	2	1	1	9	-9
J1402205	1180.07552328149	0	4	2	7	2011	2	2	1	3	2	1	2	7	3
J1402207	849.535165323366	1	1	2	7	2011	1	1	1	3	2	1	1	3	-9
J1402208	739.396396546964	1	1	2	7	2011	2	2	1	3	2	1	1	3	5
J1402303	1526.15422530172	0	5	2	8	2011	1	1	1	3	2	1	1	1	-9
J1402304	1244.91723303417	1	1	2	8	2011	2	2	1	3	2	1	1	1	5
J1402305	1478.44731337422	0	5	2	8	2011	1	1	1	3	2	1	1	2	-9
J1402306	1143.8105250109	1	1	2	8	2011	1	1	1	3	2	1	1	4	-9
J1402401	1500.68098619562	0	5	2	8	2011	1	1	1	3	2	1	1	1	-9
J1402402	1436.22854352582	1	1	2	8	2011	4	4	2	3	2	1	1	1	2
J1402403	1511.05115126605	1	1	2	8	2011	2	2	1	3	2	1	1	1	5
J1403102	1699.51794186468	0	5	3	10	2011	4	4	2	3	2	1	3	5	2
J1403201	1821.52417978157	0	5	3	10	2011	1	1	1	3	2	1	1	4	-9
J1403202	2072.26548438534	0	5	3	10	2011	1	1	1	3	2	1	1	6	-9
J1403205	1980.60784643491	0	4	3	10	2011	1	1	1	3	2	1	1	4	-9
J1403206	732.134142680182	1	1	3	10	2011	4	4	2	3	2	1	1	3	2
J1403302	1471.96759373856	0	5	3	11	2011	1	1	1	3	2	1	1	10	-9
J1403307	1340.5240082166	1	1	3	11	2011	2	2	1	3	2	1	4	9	4
J1403401	683.918146692391	1	1	3	11	2011	2	2	1	3	2	1	1	1	4
J1403403	1421.08992636049	0	4	3	11	2011	2	2	1	3	2	1	1	3	3
J1403406	1528.13885357652	1	1	3	11	2011	4	4	2	3	2	1	1	4	2
J1404102	1442.29031842572	0	5	4	1	2012	1	1	1	3	2	1	2	3	-9
J1404103	1662.75796839862	0	5	4	1	2012	1	1	1	3	2	1	2	5	-9
J1404104	1230.15553943118	1	1	4	1	2012	1	1	1	3	2	1	2	5	-9
J1404105	1292.45092954163	1	1	4	1	2012	2	2	1	3	2	1	1	2	3
J1404106	1351.37542285525	1	1	4	1	2012	1	1	1	3	2	1	4	5	-9
J1404107	1726.83716164792	0	5	4	1	2012	1	1	1	3	2	1	1	8	-9
J1404201	1494.23930801159	0	5	4	1	2012	1	1	1	3	2	1	1	3	-9
J1404202	2351.68402135724	1	1	4	1	2012	4	4	2	3	2	1	1	1	2
J1404203	1237.68038182627	1	1	4	1	2012	4	4	2	3	2	1	1	1	2
J1404204	1007.65105761996	1	1	4	1	2012	1	1	1	3	2	1	1	2	-9
J1404304	3744.67103198972	1	1	4	2	2012	1	1	1	3	2	1	1	3	-9
J1404305	814.655413724028	1	1	4	2	2012	4	4	2	3	2	1	1	1	2
J1404306	1274.5239994875	1	1	4	2	2012	1	1	1	3	2	1	1	2	-9
J1404307	1537.84673470092	1	1	4	2	2012	2	2	1	3	2	1	1	1	3
J1404402	1667.89439039608	0	5	4	2	2012	1	1	1	3	2	1	1	2	-9
J1404403	1197.12459373491	0	4	4	2	2012	1	1	1	3	2	1	1	2	-9
J1404404	705.280229843788	0	5	4	2	2012	1	1	1	3	2	1	1	2	-9
J1404406	3569.07440928761	1	1	4	2	2012	2	2	1	3	2	1	1	4	4
J1411101	1278.45416677912	1	1	1	4	2011	2	2	1	2	4	1	3	8	3
J1411102	1234.6221960369	1	1	1	4	2011	1	1	1	2	4	1	1	10	-9
J1411105	755.262641125655	0	4	1	4	2011	4	4	2	2	4	1	1	2	2
J1411106	4132.44183205182	1	1	1	4	2011	1	1	1	2	4	1	1	7	-9
J1411107	749.718724279937	1	1	1	4	2011	2	2	1	2	4	1	1	2	3
J1411109	2376.2384589156	0	5	1	4	2011	1	1	1	2	4	1	1	6	-9
J1411111	1409.35596907448	0	5	1	4	2011	1	1	1	2	4	1	1	8	-9
J1411112	1314.49110315081	1	1	1	4	2011	1	1	1	2	4	1	2	10	-9
J1411113	1227.07170069853	1	1	1	4	2011	1	1	1	2	4	1	3	7	-9
J1411114	1432.09446607967	0	5	1	4	2011	1	1	1	2	4	1	3	7	-9
J1411202	1200.97227891689	0	5	1	4	2011	1	1	1	2	4	1	1	8	-9
J1411203	1168.40587034195	1	1	1	4	2011	1	1	1	2	4	1	1	6	-9
J1411204	1490.68144506307	0	5	1	4	2011	1	1	1	2	4	1	1	6	-9
J1411205	1513.84197812391	1	1	1	4	2011	2	2	1	2	4	1	1	5	3
J1411206	680.457835968404	1	1	1	4	2011	3	3	2	2	4	1	1	3	1
J1411207	697.305368595305	1	1	1	4	2011	4	4	2	2	4	1	1	6	2
J1411209	1321.02350788056	1	1	1	4	2011	1	1	1	2	4	1	1	10	-9
J1411301	1550.83418379575	1	1	1	5	2011	1	1	1	2	4	1	1	10	-9
J1411303	1424.95818082829	0	5	1	5	2011	1	1	1	2	4	1	1	6	-9
J1411304	1544.82617650565	0	4	1	5	2011	2	2	1	2	4	1	1	6	3
J1411305	1278.36022917753	0	5	1	5	2011	1	1	1	2	4	1	1	10	-9
J1411306	1351.14060981724	0	4	1	5	2011	1	1	1	2	4	1	1	8	-9
J1411308	1665.29371679103	0	4	1	5	2011	1	1	1	2	4	1	1	10	-9
J1411309	1443.64978323194	0	5	1	5	2011	1	1	1	2	4	1	1	10	-9
J1411310	1471.50376384848	0	4	1	5	2011	1	1	1	2	4	1	3	10	-9
J1411311	1953.06838897816	0	5	1	5	2011	1	1	1	2	4	1	3	7	-9
J1411401	2453.23519188203	1	1	1	5	2011	1	1	1	2	4	1	1	8	-9
J1411402	1461.41562916752	0	4	1	5	2011	4	4	2	2	4	1	1	6	2
J1411403	1431.75027886279	0	5	1	5	2011	1	1	1	2	4	1	1	7	-9
J1411404	1372.16919927884	1	1	1	5	2011	1	1	1	2	4	1	1	8	-9
J1411405	1451.3861662215	1	1	1	5	2011	2	2	1	2	4	1	1	8	3
J1411407	1331.6087024358	0	5	1	5	2011	1	1	1	2	4	1	1	6	-9
J1411409	1791.30606953652	0	5	1	5	2011	1	1	1	2	4	1	1	6	-9
J1411410	2141.12314311589	1	1	1	5	2011	1	1	1	2	4	1	1	6	-9
J1411411	1397.39407511048	0	5	1	5	2011	1	1	1	2	4	1	1	7	-9
J1411413	1549.72948970516	1	1	1	5	2011	4	4	2	2	4	1	1	6	2
J1411414	1613.06307663856	0	5	1	5	2011	1	1	1	2	4	1	1	10	-9
J1412102	2151.22539518617	1	1	2	7	2011	1	1	1	2	4	1	2	9	-9
J1412103	1304.39045834809	0	5	2	7	2011	1	1	1	2	4	1	1	9	-9
J1412105	1386.79968059408	0	5	2	7	2011	1	1	1	2	4	1	1	10	-9
J1412106	1759.8567029333	1	1	2	7	2011	1	1	1	2	4	1	1	10	-9
J1412107	1783.00112197567	1	1	2	7	2011	2	2	1	2	4	1	1	10	4
J1412108	1982.65812794215	0	4	2	7	2011	1	1	1	2	4	1	1	10	-9
J1412109	915.778428935743	1	1	2	7	2011	4	4	2	2	4	1	1	4	2
J1412110	1428.21136916549	0	4	2	7	2011	2	2	1	2	4	1	1	8	3
J1412112	841.740908099124	1	1	2	7	2011	2	2	1	2	4	1	4	9	4
J1412113	2075.67573839424	1	1	2	7	2011	2	2	1	2	4	1	2	9	4
J1412114	1590.73826330296	0	5	2	7	2011	1	1	1	2	4	1	1	7	-9
J1412115	1183.47120818694	1	1	2	7	2011	1	1	1	2	4	1	3	5	-9
J1412201	1084.18298973432	1	1	2	7	2011	2	2	1	2	4	1	1	2	3
J1412204	1364.11847741396	1	1	2	7	2011	2	2	1	2	4	1	1	6	3
J1412205	1768.30461768374	0	5	2	7	2011	1	1	1	2	4	1	1	10	-9
J1412206	1246.37137750979	0	5	2	7	2011	1	1	1	2	4	1	1	8	-9
J1412207	1374.57890852771	0	4	2	7	2011	1	1	1	2	4	1	1	4	-9
J1412208	1802.91130512545	0	5	2	7	2011	1	1	1	2	4	1	1	10	-9
J1412210	4341.15977068856	0	4	2	7	2011	2	2	1	2	4	1	1	8	4
J1412211	1613.18247735111	1	1	2	7	2011	2	2	1	2	4	1	1	9	3
J1412212	1430.61661680127	0	5	2	7	2011	1	1	1	2	4	1	1	9	-9
J1412213	3833.57531293691	0	4	2	7	2011	2	2	1	2	4	1	1	9	4
J1412214	972.487505025281	1	1	2	7	2011	3	3	2	2	4	1	1	3	1
J1412216	1453.0201003201	1	1	2	7	2011	1	1	1	2	4	1	1	9	-9
J1412301	3969.338821149	1	1	2	8	2011	2	2	1	2	4	1	1	6	3
J1412302	1378.7497407195	1	1	2	8	2011	2	2	1	2	4	1	1	6	3
J1412303	1362.7167731156	0	5	2	8	2011	1	1	1	2	4	1	1	6	-9
J1412305	1416.7929177816	0	5	2	8	2011	1	1	1	2	4	1	1	10	-9
J1412306	1088.45075988652	1	1	2	8	2011	1	1	1	2	4	1	1	4	-9
J1412307	2984.91484712948	0	5	2	8	2011	1	1	1	2	4	1	1	8	-9
J1412308	2259.11605181108	0	5	2	8	2011	1	1	1	2	4	1	1	5	-9
J1412309	1686.43047016405	1	1	2	8	2011	2	2	1	2	4	1	1	5	3
J1412310	1651.58750081169	0	5	2	8	2011	1	1	1	2	4	1	1	6	-9
J1412312	1189.58158830151	0	4	2	8	2011	2	2	1	2	4	1	1	3	5
J1412313	1277.9638093496	0	4	2	8	2011	1	1	1	2	4	1	1	7	-9
J1412314	1354.67904644796	0	5	2	8	2011	1	1	1	2	4	1	1	7	-9
J1412315	1664.45073246461	1	1	2	8	2011	1	1	1	2	4	1	1	8	-9
J1412401	1719.39010497878	1	1	2	8	2011	2	2	1	2	4	1	1	6	3
J1412402	2678.06184886906	1	1	2	8	2011	2	2	1	2	4	1	1	6	3
J1412403	1399.19393894687	0	5	2	8	2011	1	1	1	2	4	1	1	5	-9
J1412404	1304.53776947815	0	5	2	8	2011	1	1	1	2	4	1	1	10	-9
J1412405	1143.66257777005	1	1	2	8	2011	2	2	1	2	4	1	1	9	3
J1412406	1304.53776947815	0	5	2	8	2011	1	1	1	2	4	1	1	9	-9
J1412408	1646.89242288654	0	5	2	8	2011	1	1	1	2	4	1	1	7	-9
J1412410	2134.37288256063	1	1	2	8	2011	2	2	1	2	4	1	1	6	3
J1412411	1796.45341662357	1	1	2	8	2011	2	2	1	2	4	1	1	7	3
J1412412	2487.68780586571	0	4	2	8	2011	2	2	1	2	4	1	1	4	3
J1413102	1509.30473901302	0	5	3	10	2011	1	1	1	2	4	1	3	6	-9
J1413104	1297.08633609356	1	1	3	10	2011	2	2	1	2	4	1	3	9	3
J1413105	1804.99409748714	0	5	3	10	2011	2	2	1	2	4	1	3	10	3
J1413106	1844.81452163299	0	4	3	10	2011	1	1	1	2	4	1	2	5	-9
J1413107	1970.03508499952	0	5	3	10	2011	1	1	1	2	4	1	4	9	-9
J1413108	2022.41784065622	0	4	3	10	2011	3	3	2	2	4	1	2	3	1
J1413110	1513.21097173033	0	5	3	10	2011	1	1	1	2	4	1	2	6	-9
J1413111	1394.48743362808	0	4	3	10	2011	1	1	1	2	4	1	3	8	-9
J1413112	1305.57669289861	0	5	3	10	2011	1	1	1	2	4	1	1	10	-9
J1413113	1881.45462838496	1	1	3	10	2011	1	1	1	2	4	1	2	8	-9
J1413202	1663.786897531	0	5	3	10	2011	1	1	1	2	4	1	2	10	-9
J1413203	1537.96161185702	1	1	3	10	2011	1	1	1	2	4	1	1	4	-9
J1413204	1356.4374689166	0	5	3	10	2011	1	1	1	2	4	1	3	9	-9
J1413206	787.316673943008	1	1	3	10	2011	3	3	2	2	4	1	1	1	1
J1413207	1303.51837962874	1	1	3	10	2011	3	3	2	2	4	1	1	3	1
J1413208	750.834084118687	1	1	3	10	2011	4	4	2	2	4	1	1	3	2
J1413211	1469.52405394216	0	4	3	10	2011	2	2	1	2	4	1	3	7	3
J1413212	1293.38341753396	0	5	3	10	2011	1	1	1	2	4	1	2	8	-9
J1413215	1595.08202684521	1	1	3	10	2011	1	1	1	2	4	1	1	10	-9
J1413216	1394.38886893987	0	5	3	10	2011	1	1	1	2	4	1	1	10	-9
J1413217	1074.50025085122	1	1	3	10	2011	4	4	2	2	4	1	2	6	2
J1413301	1361.27548181227	1	1	3	11	2011	3	3	2	2	4	1	2	9	1
J1413302	1326.94316683646	0	5	3	11	2011	1	1	1	2	4	1	2	6	-9
J1413303	1545.11043065634	1	1	3	11	2011	1	1	1	2	4	1	2	8	-9
J1413304	1456.3857303261	0	5	3	11	2011	1	1	1	2	4	1	3	8	-9
J1413305	1407.32391361123	1	1	3	11	2011	2	2	1	2	4	1	2	8	3
J1413306	800.641789651259	1	1	3	11	2011	1	1	1	2	4	1	2	6	-9
J1413308	2248.93595407256	0	4	3	11	2011	2	2	1	2	4	1	1	9	5
J1413310	1477.87963064484	0	5	3	11	2011	1	1	1	2	4	1	1	9	-9
J1413311	1718.39035941222	1	1	3	11	2011	1	1	1	2	4	1	2	8	-9
J1413312	1491.18922974373	0	5	3	11	2011	1	1	1	2	4	1	3	8	-9
J1413314	1623.97608693173	0	5	3	11	2011	1	1	1	2	4	1	1	10	-9
J1413402	1341.32254373734	1	1	3	11	2011	2	2	1	2	4	1	1	7	3
J1413403	1833.73195894836	1	1	3	11	2011	2	2	1	2	4	1	1	9	3
J1413404	1330.32558590203	1	1	3	11	2011	1	1	1	2	4	1	1	10	-9
J1413407	1757.68965567355	1	1	3	11	2011	1	1	1	2	4	1	1	10	-9
J1413409	1627.61771862289	1	1	3	11	2011	1	1	1	2	4	1	2	10	-9
J1413410	2019.45572107955	1	1	3	11	2011	2	2	1	2	4	1	1	10	3
J1413412	1464.34199276127	1	1	3	11	2011	1	1	1	2	4	1	3	10	-9
J1414102	2043.56842951753	0	4	4	1	2012	1	1	1	2	4	1	3	8	-9
J1414104	1456.35725154092	0	5	4	1	2012	2	2	1	2	4	1	1	5	3
J1414105	1694.32305834696	0	4	4	1	2012	1	1	1	2	4	1	1	10	-9
J1414106	1344.87146079055	0	5	4	1	2012	1	1	1	2	4	1	1	7	-9
J1414107	1753.82292423536	0	4	4	1	2012	1	1	1	2	4	1	3	8	-9
J1414108	1402.51235070994	0	5	4	1	2012	1	1	1	2	4	1	3	9	-9
J1414109	1544.33937984488	0	5	4	1	2012	1	1	1	2	4	1	3	8	-9
J1414110	1373.41344995267	1	1	4	1	2012	3	3	2	2	4	1	2	9	1
J1414111	1249.81568406282	0	5	4	1	2012	1	1	1	2	4	1	4	9	-9
J1414112	1296.03404688939	1	1	4	1	2012	1	1	1	2	4	1	3	6	-9
J1414202	1598.23696698723	0	5	4	1	2012	2	2	1	2	4	1	3	8	5
J1414204	2490.9211647979	0	5	4	1	2012	1	1	1	2	4	1	2	8	-9
J1414206	2094.1022973255	0	4	4	1	2012	3	3	2	2	4	1	1	5	1
J1414207	748.522945779474	0	4	4	1	2012	3	3	2	2	4	1	1	5	1
J1414208	924.552532588491	1	1	4	1	2012	4	4	2	2	4	1	1	5	2
J1414212	1422.42827749585	0	5	4	1	2012	2	2	1	2	4	1	3	8	3
J1414214	1430.26786221503	0	5	4	1	2012	1	1	1	2	4	1	2	9	-9
J1414302	1753.07201095729	0	4	4	2	2012	4	4	2	2	4	1	3	8	2
J1414304	1398.6301840782	1	1	4	2	2012	1	1	1	2	4	1	3	9	-9
J1414305	1816.22891738371	1	1	4	2	2012	2	2	1	2	4	1	1	8	3
J1414306	1409.81202559469	1	1	4	2	2012	2	2	1	2	4	1	1	4	5
J1414309	1860.19570354842	0	4	4	2	2012	2	2	1	2	4	1	1	7	3
J1414311	1726.29230150627	0	4	4	2	2012	1	1	1	2	4	1	1	10	-9
J1414401	726.891860974607	1	1	4	2	2012	4	4	2	2	4	1	1	7	2
J1414402	1427.26274417258	1	1	4	2	2012	2	2	1	2	4	1	4	7	3
J1414403	800.207538527129	0	5	4	2	2012	1	1	1	2	4	1	2	8	-9
J1414405	1754.10830824043	0	4	4	2	2012	2	2	1	2	4	1	3	8	3
J1414406	1424.28999338928	0	5	4	2	2012	1	1	1	2	4	1	3	8	-9
J1414407	1342.0260444505	1	1	4	2	2012	1	1	1	2	4	1	3	8	-9
J1414408	1220.43827049338	0	5	4	2	2012	1	1	1	2	4	1	4	7	-9
J1414412	1636.64536158456	0	4	4	2	2012	1	1	1	2	4	1	4	7	-9
J1414413	1440.10550099834	0	5	4	2	2012	1	1	1	2	4	1	2	6	-9
J1421103	1598.74183430144	1	1	1	4	2011	1	1	1	2	4	1	1	5	-9
J1421104	1850.53758777101	0	5	1	4	2011	1	1	1	2	4	1	1	5	-9
J1421107	1761.9941648303	1	1	1	4	2011	1	1	1	2	4	1	1	5	-9
J1421108	1539.28229159913	1	1	1	4	2011	1	1	1	2	4	1	1	5	-9
J1421202	1272.13108005835	1	1	1	4	2011	2	2	1	2	4	1	1	4	3
J1421205	858.133473982808	0	5	1	4	2011	1	1	1	2	4	1	1	1	-9
J1421208	1877.22715217523	0	4	1	4	2011	1	1	1	2	4	1	1	4	-9
J1421209	748.085881742196	1	1	1	4	2011	4	4	2	2	4	1	1	2	2
J1421210	2399.99352510678	1	1	1	4	2011	1	1	1	2	4	1	1	7	-9
J1421211	1285.99797113556	1	1	1	4	2011	1	1	1	2	4	1	1	4	-9
J1421302	834.722531583611	1	1	1	5	2011	3	3	2	2	4	1	1	1	1
J1421304	1386.2559151398	0	5	1	5	2011	1	1	1	2	4	1	4	3	-9
J1421306	1253.95928260419	1	1	1	5	2011	2	2	1	2	4	1	1	9	3
J1421308	1143.56361328256	1	1	1	5	2011	2	2	1	2	4	1	1	10	3
J1421310	1780.36683819116	1	1	1	5	2011	1	1	1	2	4	1	3	5	-9
J1421401	1639.85653038006	0	5	1	5	2011	1	1	1	2	4	1	1	10	-9
J1421402	1499.88305799553	1	1	1	5	2011	1	1	1	2	4	1	1	10	-9
J1421404	1552.81087125843	1	1	1	5	2011	1	1	1	2	4	1	1	8	-9
J1421405	1285.5213699851	0	5	1	5	2011	1	1	1	2	4	1	3	9	-9
J1422101	1610.78543732192	0	5	2	7	2011	1	1	1	2	4	1	3	6	-9
J1422102	1207.17782340246	1	1	2	7	2011	1	1	1	2	4	1	1	1	-9
J1422103	1674.47882550245	1	1	2	7	2011	3	3	2	2	4	1	1	2	1
J1422104	1671.05103703645	0	4	2	7	2011	2	2	1	2	4	1	1	3	3
J1422105	1442.03107729237	0	5	2	7	2011	1	1	1	2	4	1	1	5	-9
J1422106	1595.83325940827	0	4	2	7	2011	1	1	1	2	4	1	3	4	-9
J1422107	1160.41476743163	0	5	2	7	2011	1	1	1	2	4	1	3	5	-9
J1422108	1363.52563245821	1	1	2	7	2011	1	1	1	2	4	1	2	7	-9
J1422109	1602.10414741709	0	5	2	7	2011	1	1	1	2	4	1	2	8	-9
J1422201	1236.41334180391	1	1	2	7	2011	2	2	1	2	4	1	1	4	3
J1422202	1749.59916759065	1	1	2	7	2011	1	1	1	2	4	1	1	4	-9
J1422205	1736.70419361723	0	5	2	7	2011	1	1	1	2	4	1	1	6	-9
J1422206	2018.41789680643	1	1	2	7	2011	2	2	1	2	4	1	2	6	3
J1422207	2469.02967782123	0	5	2	7	2011	1	1	1	2	4	1	2	6	-9
J1422209	1420.6649803375	0	5	2	7	2011	1	1	1	2	4	1	2	7	-9
J1422301	1674.14682698334	0	5	2	8	2011	1	1	1	2	4	1	2	10	-9
J1422302	1396.68806270718	1	1	2	8	2011	1	1	1	2	4	1	2	10	-9
J1422303	1045.88281102995	0	4	2	8	2011	2	2	1	2	4	1	4	10	3
J1422304	1460.69659925763	1	1	2	8	2011	1	1	1	2	4	1	2	8	-9
J1422306	1243.79815422541	1	1	2	8	2011	1	1	1	2	4	1	2	10	-9
J1422402	1371.239329738	1	1	2	8	2011	2	2	1	2	4	1	1	7	3
J1422403	1326.80699373315	1	1	2	8	2011	3	3	2	2	4	1	1	7	1
J1422405	1726.56734096984	0	4	2	8	2011	1	1	1	2	4	1	1	6	-9
J1422407	1815.09051330023	1	1	2	8	2011	1	1	1	2	4	1	2	10	-9
J1422408	1653.58892703105	0	5	2	8	2011	1	1	1	2	4	1	2	10	-9
J1423102	766.947651357865	0	5	3	10	2011	1	1	1	2	4	1	1	2	-9
J1423105	1772.53673727129	0	5	3	10	2011	2	2	1	2	4	1	1	7	5
J1423107	1437.94447105952	0	5	3	10	2011	1	1	1	2	4	1	1	10	-9
J1423109	925.307270970428	0	5	3	10	2011	1	1	1	2	4	1	1	7	-9
J1423110	2625.55828027374	1	1	3	10	2011	4	4	2	2	4	1	1	2	2
J1423201	1719.65792001499	1	1	3	10	2011	1	1	1	2	4	1	2	7	-9
J1423202	1114.24541784366	0	5	3	10	2011	1	1	1	2	4	1	2	10	-9
J1423203	1258.64262142699	1	1	3	10	2011	1	1	1	2	4	1	2	4	-9
J1423204	1019.14490286394	0	5	3	10	2011	1	1	1	2	4	1	2	5	-9
J1423206	1421.52209332439	1	1	3	10	2011	1	1	1	2	4	1	2	4	-9
J1423208	1586.29381858932	1	1	3	10	2011	1	1	1	2	4	1	3	4	-9
J1423301	1120.34262972395	0	5	3	11	2011	1	1	1	2	4	1	1	9	-9
J1423302	1275.24068896014	1	1	3	11	2011	2	2	1	2	4	1	1	9	3
J1423303	1216.02157157581	0	5	3	11	2011	1	1	1	2	4	1	2	4	-9
J1423304	1209.43475892225	0	5	3	11	2011	1	1	1	2	4	1	3	5	-9
J1423305	899.931793014588	0	4	3	11	2011	1	1	1	2	4	1	2	3	-9
J1423306	1436.31638075752	0	5	3	11	2011	1	1	1	2	4	1	2	8	-9
J1423307	1487.35038787284	1	1	3	11	2011	1	1	1	2	4	1	2	8	-9
J1423308	1250.14049942215	0	5	3	11	2011	1	1	1	2	4	1	2	8	-9
J1423401	1529.99201163556	1	1	3	11	2011	3	3	2	2	4	1	3	3	1
J1423402	755.882430166301	0	5	3	11	2011	1	1	1	2	4	1	2	3	-9
J1423403	1712.56165505741	1	1	3	11	2011	1	1	1	2	4	1	2	8	-9
J1423404	1388.24994669374	0	5	3	11	2011	1	1	1	2	4	1	2	8	-9
J1423405	1474.14542568739	0	5	3	11	2011	1	1	1	2	4	1	2	5	-9
J1423406	1689.3288445444	1	1	3	11	2011	1	1	1	2	4	1	2	2	-9
J1423407	1171.99648499674	0	5	3	11	2011	1	1	1	2	4	1	2	2	-9
J1423408	1335.14578918358	1	1	3	11	2011	1	1	1	2	4	1	2	2	-9
J1423409	1367.90073541703	0	5	3	11	2011	1	1	1	2	4	1	4	5	-9
J1424101	1332.20360249442	1	1	4	1	2012	1	1	1	2	4	1	1	10	-9
J1424102	1575.73908203473	0	5	4	1	2012	1	1	1	2	4	1	1	10	-9
J1424104	1326.95526985713	0	4	4	1	2012	1	1	1	2	4	1	1	8	-9
J1424105	676.181371763259	0	4	4	1	2012	2	2	1	2	4	1	1	4	3
J1424106	1273.96801347548	1	1	4	1	2012	1	1	1	2	4	1	1	7	-9
J1424107	1817.72495126249	0	5	4	1	2012	1	1	1	2	4	1	1	10	-9
J1424108	1200.95140665954	0	5	4	1	2012	1	1	1	2	4	1	1	10	-9
J1424201	1125.38074240146	0	5	4	1	2012	1	1	1	2	4	1	1	9	-9
J1424202	1297.01513585223	1	1	4	1	2012	1	1	1	2	4	1	1	9	-9
J1424203	1421.37517297887	0	5	4	1	2012	1	1	1	2	4	1	1	9	-9
J1424206	1453.0201003201	0	5	4	1	2012	1	1	1	2	4	1	1	9	-9
J1424207	1256.71130787012	1	1	4	1	2012	1	1	1	2	4	1	1	9	-9
J1424209	1374.43784696577	0	5	4	1	2012	3	3	2	2	4	1	3	6	1
J1424210	2409.36154427951	0	4	4	1	2012	1	1	1	2	4	1	3	9	-9
J1424301	2203.84847984854	0	4	4	2	2012	1	1	1	2	4	1	2	10	-9
J1424303	1560.99667595495	0	5	4	2	2012	1	1	1	2	4	1	3	7	-9
J1424307	1341.33034927234	0	5	4	2	2012	1	1	1	2	4	1	2	9	-9
J1424308	1524.02606175555	0	5	4	2	2012	1	1	1	2	4	1	2	8	-9
J1424309	1897.20451658357	1	1	4	2	2012	2	2	1	2	4	1	2	7	3
J1424402	2349.7164508054	0	4	4	2	2012	1	1	1	2	4	1	2	10	-9
J1424403	1712.45478916922	0	5	4	2	2012	1	1	1	2	4	1	2	10	-9
J1424405	3760.82012584965	1	1	4	2	2012	1	1	1	2	4	1	2	6	-9
J1424406	2058.10621825003	0	5	4	2	2012	1	1	1	2	4	1	2	7	-9
J1424407	3348.1816592585	0	4	4	2	2012	2	2	1	2	4	1	3	8	3
J1424408	1804.43894068466	0	5	4	2	2012	1	1	1	2	4	1	3	8	-9
J1424409	1836.2620375995	0	5	4	2	2012	1	1	1	2	4	1	3	7	-9
J1431101	1207.06737439318	0	5	1	4	2011	1	1	1	2	4	1	1	7	-9
J1431102	832.548197451369	1	1	1	4	2011	3	3	2	2	4	1	1	2	1
J1431103	816.86450497143	0	4	1	4	2011	4	4	2	2	4	1	1	2	2
J1431105	714.554968390101	1	1	1	4	2011	3	3	2	2	4	1	1	1	1
J1431106	724.249860266446	1	1	1	4	2011	1	1	1	2	4	1	1	3	-9
J1431201	595.097681951555	1	1	1	4	2011	3	3	2	2	4	1	1	1	1
J1431203	760.782610513338	1	1	1	4	2011	3	3	2	2	4	1	1	1	1
J1431205	1327.62760696462	1	1	1	4	2011	3	3	2	2	4	1	1	1	1
J1431206	934.299566628403	1	1	1	4	2011	3	3	2	2	4	1	1	1	1
J1431207	1471.46977471217	0	4	1	4	2011	3	3	2	2	4	1	1	1	1
J1431208	781.357048936729	1	1	1	4	2011	3	3	2	2	4	1	1	1	1
J1431209	986.461730783189	1	1	1	4	2011	4	4	2	2	4	1	1	1	2
J1431211	761.530568883303	0	4	1	4	2011	3	3	2	2	4	1	1	1	1
J1431212	951.450733977397	1	1	1	4	2011	3	3	2	2	4	1	1	1	1
J1431301	2206.7664703334	1	1	1	5	2011	1	1	1	2	4	1	1	6	-9
J1431302	1078.0066226343	1	1	1	5	2011	2	2	1	2	4	1	1	6	3
J1431303	1266.05809361795	1	1	1	5	2011	1	1	1	2	4	1	1	5	-9
J1431305	1085.66885120462	1	1	1	5	2011	3	3	2	2	4	1	1	1	1
J1431307	653.840405744355	1	1	1	5	2011	3	3	2	2	4	1	1	1	1
J1431308	891.782958626496	1	1	1	5	2011	1	1	1	2	4	1	1	1	-9
J1431309	1410.25752167598	0	5	1	5	2011	1	1	1	2	4	1	1	5	-9
J1431401	3110.9254082823	0	4	1	5	2011	1	1	1	2	4	1	1	8	-9
J1431402	1360.8756594447	0	5	1	5	2011	1	1	1	2	4	1	1	3	-9
J1431403	713.509864950456	1	1	1	5	2011	3	3	2	2	4	1	1	2	1
J1431411	633.40440523872	1	1	1	5	2011	4	4	2	2	4	1	1	2	2
J1432102	661.281383217037	1	1	2	7	2011	3	3	2	2	4	1	1	1	1
J1432104	788.65588394208	1	1	2	7	2011	3	3	2	2	4	1	1	4	1
J1432105	862.738207890249	1	1	2	7	2011	1	1	1	2	4	1	1	1	-9
J1432106	718.008186057098	1	1	2	7	2011	3	3	2	2	4	1	1	1	1
J1432107	650.246422432395	1	1	2	7	2011	3	3	2	2	4	1	1	1	1
J1432108	655.955503797606	1	1	2	7	2011	3	3	2	2	4	1	1	1	1
J1432109	814.077338268714	1	1	2	7	2011	4	4	2	2	4	1	1	3	2
J1432202	2374.77204048764	0	5	2	7	2011	1	1	1	2	4	1	1	8	-9
J1432204	1572.13812366484	0	4	2	7	2011	3	3	2	2	4	1	1	2	1
J1432207	735.060360825928	1	1	2	7	2011	1	1	1	2	4	1	1	4	-9
J1432208	1950.52513485872	0	5	2	7	2011	1	1	1	2	4	1	1	5	-9
J1432209	2079.91237842838	0	4	2	7	2011	1	1	1	2	4	1	1	3	-9
J1432301	2386.35534871935	0	4	2	8	2011	1	1	1	2	4	1	1	6	-9
J1432302	2986.92120318273	0	5	2	8	2011	1	1	1	2	4	1	1	5	-9
J1432304	819.462414847897	1	1	2	8	2011	3	3	2	2	4	1	1	1	1
J1432305	706.279697826929	1	1	2	8	2011	3	3	2	2	4	1	1	1	1
J1432306	1806.85664692321	1	1	2	8	2011	1	1	1	2	4	1	1	7	-9
J1432307	2486.74131247279	0	5	2	8	2011	1	1	1	2	4	1	1	7	-9
J1432401	745.317919411542	0	4	2	8	2011	4	4	2	2	4	1	1	3	2
J1432403	1882.48581427283	1	1	2	8	2011	2	2	1	2	4	1	1	5	3
J1432404	1581.8243750106	1	1	2	8	2011	3	3	2	2	4	1	1	4	1
J1432405	758.100179812132	1	1	2	8	2011	3	3	2	2	4	1	1	1	1
J1432409	1024.92409627227	0	5	2	8	2011	1	1	1	2	4	1	1	5	-9
J1433101	746.291632846109	0	5	3	10	2011	3	3	2	2	4	1	1	1	1
J1433102	629.27575965933	0	5	3	10	2011	1	1	1	2	4	1	1	2	-9
J1433103	1437.58197866153	0	4	3	10	2011	2	2	1	2	4	1	1	1	3
J1433104	1501.49052052816	1	1	3	10	2011	4	4	2	2	4	1	1	5	2
J1433105	867.969234794215	1	1	3	10	2011	3	3	2	2	4	1	1	2	1
J1433203	1831.97462689658	1	1	3	10	2011	1	1	1	2	4	1	1	2	-9
J1433205	1063.64178177993	0	5	3	10	2011	1	1	1	2	4	1	1	4	-9
J1433208	2158.97144201692	1	1	3	10	2011	1	1	1	2	4	1	1	9	-9
J1433303	677.048703359332	1	1	3	11	2011	3	3	2	2	4	1	1	2	1
J1433305	668.010893437774	0	5	3	11	2011	1	1	1	2	4	1	1	2	-9
J1433308	1357.20149270999	1	1	3	11	2011	3	3	2	2	4	1	1	2	1
J1433309	657.545714636366	1	1	3	11	2011	1	1	1	2	4	1	1	2	-9
J1433401	1448.35107069043	0	4	3	11	2011	3	3	2	2	4	1	1	1	1
J1433402	604.922388152207	0	5	3	11	2011	1	1	1	2	4	1	1	1	-9
J1433403	702.953249080376	1	1	3	11	2011	3	3	2	2	4	1	1	1	1
J1433404	1233.45286313036	0	5	3	11	2011	1	1	1	2	4	1	1	1	-9
J1433405	910.183039605051	0	5	3	11	2011	2	2	1	2	4	1	1	1	5
J1433406	2641.19503855236	1	1	3	11	2011	1	1	1	2	4	1	1	5	-9
J1433409	1151.53567420915	0	4	3	11	2011	2	2	1	2	4	1	1	3	3
J1434101	717.43682512163	1	1	4	1	2012	3	3	2	2	4	1	1	1	1
J1434104	969.095676589462	1	1	4	1	2012	2	2	1	2	4	1	1	1	3
J1434106	757.358184428485	1	1	4	1	2012	2	2	1	2	4	1	1	1	3
J1434107	853.603630946963	1	1	4	1	2012	3	3	2	2	4	1	1	1	1
J1434108	1291.69539808225	1	1	4	1	2012	3	3	2	2	4	1	1	1	1
J1434109	1446.19062534646	0	5	4	1	2012	1	1	1	2	4	1	1	1	-9
J1434110	999.741771058276	1	1	4	1	2012	1	1	1	2	4	1	1	1	-9
J1434202	907.887008563193	1	1	4	1	2012	3	3	2	2	4	1	1	1	1
J1434204	754.582655226369	0	5	4	1	2012	1	1	1	2	4	1	1	1	-9
J1434206	1353.18220318092	0	5	4	1	2012	1	1	1	2	4	1	1	1	-9
J1434207	2086.66080409458	1	1	4	1	2012	4	4	2	2	4	1	1	1	2
J1434208	1613.69823861852	0	4	4	1	2012	2	2	1	2	4	1	1	5	3
J1434301	803.181692724452	1	1	4	2	2012	3	3	2	2	4	1	1	1	1
J1434302	1062.02025598057	0	5	4	2	2012	1	1	1	2	4	1	1	4	-9
J1434304	896.306934009725	0	5	4	2	2012	1	1	1	2	4	1	1	1	-9
J1434305	2144.58384003525	0	5	4	2	2012	1	1	1	2	4	1	1	2	-9
J1434306	1284.90049870989	1	1	4	2	2012	1	1	1	2	4	1	1	1	-9
J1434401	1599.29877747007	1	1	4	2	2012	2	2	1	2	4	1	1	4	3
J1434402	744.411691272843	0	5	4	2	2012	1	1	1	2	4	1	1	1	-9
J1434403	588.732985436916	0	5	4	2	2012	1	1	1	2	4	1	1	1	-9
J1434404	516.955656721557	1	1	4	2	2012	1	1	1	2	4	1	1	1	-9
J1434405	873.969306102282	1	1	4	2	2012	3	3	2	2	4	1	1	1	1
J1434406	687.337730509927	1	1	4	2	2012	3	3	2	2	4	1	1	1	1
J1434407	630.345246087237	1	1	4	2	2012	3	3	2	2	4	1	1	1	1
J1434408	575.51115004211	0	5	4	2	2012	4	4	2	2	4	1	1	1	2
J1434409	1124.7824455436	1	1	4	2	2012	1	1	1	2	4	1	1	1	-9
J1434410	1258.42858842551	0	5	4	2	2012	1	1	1	2	4	1	1	1	-9
J1434411	704.565623829153	1	1	4	2	2012	4	4	2	2	4	1	1	1	2
J1434412	612.995540927646	1	1	4	2	2012	3	3	2	2	4	1	1	1	1
J1434413	897.300846912536	1	1	4	2	2012	3	3	2	2	4	1	1	1	1
J1441101	988.891488274393	1	1	1	4	2011	2	2	1	2	4	1	3	7	3
J1441104	2284.03613080328	0	5	1	4	2011	1	1	1	2	4	1	2	10	-9
J1441108	1708.40185784522	0	5	1	4	2011	1	1	1	2	4	1	3	6	-9
J1441201	1208.37441004215	1	1	1	4	2011	4	4	2	2	4	1	1	7	2
J1441202	2872.07314772022	0	5	1	4	2011	1	1	1	2	4	1	1	7	-9
J1441203	664.527243503762	1	1	1	4	2011	4	4	2	2	4	1	1	4	2
J1441205	1443.95193461166	1	1	1	4	2011	4	4	2	2	4	1	3	7	2
J1441207	2059.03992543613	0	4	1	4	2011	2	2	1	2	4	1	1	4	3
J1441208	3268.05691332515	1	1	1	4	2011	1	1	1	2	4	1	1	7	-9
J1441304	626.507797789895	1	1	1	5	2011	4	4	2	2	4	1	2	8	2
J1441306	739.195628589234	0	4	1	5	2011	1	1	1	2	4	1	2	7	-9
J1441308	1914.7466974544	1	1	1	5	2011	2	2	1	2	4	1	3	8	3
J1441309	790.466178387332	0	5	1	5	2011	1	1	1	2	4	1	3	7	-9
J1441402	1476.59875781868	0	5	1	5	2011	1	1	1	2	4	1	1	10	-9
J1441403	1595.83624024916	0	4	1	5	2011	1	1	1	2	4	1	1	10	-9
J1441404	1407.54600894331	1	1	1	5	2011	2	2	1	2	4	1	2	4	5
J1441405	984.257922971436	0	4	1	5	2011	2	2	1	2	4	1	2	4	5
J1441406	2815.13871288806	0	5	1	5	2011	1	1	1	2	4	1	2	8	-9
J1441407	1535.61107619554	1	1	1	5	2011	1	1	1	2	4	1	2	8	-9
J1442103	1915.43178787948	0	4	2	7	2011	1	1	1	2	4	1	2	5	-9
J1442104	1365.82909221602	0	5	2	7	2011	1	1	1	2	4	1	2	6	-9
J1442105	1502.55482457793	1	1	2	7	2011	1	1	1	2	4	1	2	4	-9
J1442202	1444.80749013805	0	4	2	7	2011	1	1	1	2	4	1	1	8	-9
J1442203	1727.13520644135	0	5	2	7	2011	1	1	1	2	4	1	1	1	-9
J1442204	2695.98124084452	1	1	2	7	2011	1	1	1	2	4	1	1	5	-9
J1442205	1510.16554772168	0	5	2	7	2011	1	1	1	2	4	1	1	7	-9
J1442206	1261.34225421937	0	5	2	7	2011	1	1	1	2	4	1	2	6	-9
J1442301	1002.10726792466	1	1	2	8	2011	1	1	1	2	4	1	1	1	-9
J1442309	699.583111544031	1	1	2	8	2011	4	4	2	2	4	1	1	1	2
J1442401	1464.61890410375	0	5	2	8	2011	1	1	1	2	4	1	1	4	-9
J1442402	1704.19609098421	1	1	2	8	2011	1	1	1	2	4	1	1	4	-9
J1442404	881.15366166402	1	1	2	8	2011	4	4	2	2	4	1	1	4	2
J1442405	1154.03142568499	0	5	2	8	2011	1	1	1	2	4	1	1	9	-9
J1442406	1530.93415365658	0	4	2	8	2011	1	1	1	2	4	1	1	4	-9
J1442407	1994.8794630012	1	1	2	8	2011	2	2	1	2	4	1	1	4	5
J1443101	1427.53141714339	0	5	3	10	2011	1	1	1	2	4	1	4	5	-9
J1443102	1877.13580276357	0	5	3	10	2011	2	2	1	2	4	1	3	5	3
J1443103	1421.29322770662	1	1	3	10	2011	1	1	1	2	4	1	4	5	-9
J1443104	1338.72850793122	0	5	3	10	2011	1	1	1	2	4	1	1	8	-9
J1443106	2003.93574362984	0	5	3	10	2011	1	1	1	2	4	1	1	6	-9
J1443202	1461.0977656291	1	1	3	10	2011	1	1	1	2	4	1	1	4	-9
J1443204	1509.30473901302	1	1	3	10	2011	1	1	1	2	4	1	3	8	-9
J1443205	2100.4625182509	0	5	3	10	2011	1	1	1	2	4	1	4	6	-9
J1443206	2267.96880959972	0	5	3	10	2011	1	1	1	2	4	1	3	8	-9
J1443207	1247.49045881758	0	4	3	10	2011	4	4	2	2	4	1	3	6	2
J1443301	1393.52890688208	0	5	3	11	2011	1	1	1	2	4	1	3	8	-9
J1443302	1927.76848617351	1	1	3	11	2011	2	2	1	2	4	1	4	8	3
J1443303	1507.47013276223	1	1	3	11	2011	2	2	1	2	4	1	3	7	3
J1443304	810.984330861781	0	4	3	11	2011	4	4	2	2	4	1	2	5	2
J1443306	719.650311695262	0	5	3	11	2011	4	4	2	2	4	1	2	5	2
J1443307	1769.79458775132	1	1	3	11	2011	1	1	1	2	4	1	3	7	-9
J1443308	1632.64815355344	0	5	3	11	2011	1	1	1	2	4	1	4	9	-9
J1443401	1514.51567911338	1	1	3	11	2011	1	1	1	2	4	1	3	8	-9
J1443402	1481.65470192258	1	1	3	11	2011	2	2	1	2	4	1	2	8	4
J1444101	819.139577796092	0	5	4	1	2012	4	4	2	2	4	1	2	4	2
J1444102	1171.31331165295	1	1	4	1	2012	4	4	2	2	4	1	3	4	2
J1444104	1495.87237600832	1	1	4	1	2012	1	1	1	2	4	1	1	4	-9
J1444105	1392.70828232269	1	1	4	1	2012	2	2	1	2	4	1	1	6	5
J1444108	1442.24351021956	0	5	4	1	2012	1	1	1	2	4	1	3	4	-9
J1444201	1296.13852451657	1	1	4	1	2012	2	2	1	2	4	1	3	8	5
J1444202	1624.107752297	0	5	4	1	2012	1	1	1	2	4	1	4	6	-9
J1444203	1411.86336284319	0	5	4	1	2012	1	1	1	2	4	1	1	8	-9
J1444206	1405.49993579155	1	1	4	1	2012	2	2	1	2	4	1	3	4	4
J1444207	1923.57954054408	0	5	4	1	2012	1	1	1	2	4	1	3	6	-9
J1444302	1953.38139313629	0	5	4	2	2012	1	1	1	2	4	1	1	8	-9
J1444304	854.667323936592	1	1	4	2	2012	4	4	2	2	4	1	1	1	2
J1444305	1270.9774827464	0	5	4	2	2012	1	1	1	2	4	1	1	8	-9
J1444307	2023.27558001869	0	5	4	2	2012	1	1	1	2	4	1	1	9	-9
J1444308	1491.02041162927	1	1	4	2	2012	4	4	2	2	4	1	1	8	2
J1444403	1862.73525156659	1	1	4	2	2012	1	1	1	2	4	1	2	6	-9
J1444404	1579.04233620566	0	5	4	2	2012	1	1	1	2	4	1	3	6	-9
J1444406	2090.05169524336	0	5	4	2	2012	1	1	1	2	4	1	2	9	-9
J1451102	1093.00817355531	1	1	1	4	2011	1	1	1	1	1	1	1	9	-9
J1451103	1885.69333550724	1	1	1	4	2011	2	2	1	1	1	1	1	10	3
J1451104	1241.80698697418	1	1	1	4	2011	1	1	1	1	1	1	1	10	-9
J1451105	1750.9558955538	0	4	1	4	2011	2	2	1	1	1	1	1	9	3
J1451201	1146.7726529231	1	1	1	4	2011	1	1	1	1	1	1	1	10	-9
J1451202	1606.7929898006	0	5	1	4	2011	1	1	1	1	1	1	1	9	-9
J1451203	1489.23012021986	0	4	1	4	2011	1	1	1	1	1	1	1	10	-9
J1451205	1324.4780782267	1	1	1	4	2011	1	1	1	1	1	1	1	7	-9
J1451207	1174.12825461756	0	5	1	4	2011	1	1	1	1	1	1	1	7	-9
J1451208	2071.90282641353	0	4	1	4	2011	1	1	1	1	1	1	1	9	-9
J1451302	739.364411135355	1	1	1	5	2011	4	4	2	1	1	1	1	1	2
J1451303	637.818257165876	0	5	1	5	2011	1	1	1	1	1	1	1	1	-9
J1451304	587.419810358647	1	1	1	5	2011	4	4	2	1	1	1	1	1	2
J1451306	1193.83090848051	0	4	1	5	2011	1	1	1	1	1	1	1	8	-9
J1451309	1205.43068102178	0	5	1	5	2011	1	1	1	1	1	1	1	7	-9
J1451401	1336.7929247188	1	1	1	5	2011	2	2	1	1	1	1	1	6	4
J1451402	1516.3830040411	1	1	1	5	2011	1	1	1	1	1	1	1	8	-9
J1451403	1451.76331981286	1	1	1	5	2011	1	1	1	1	1	1	1	6	-9
J1451405	680.984566446585	1	1	1	5	2011	4	4	2	1	1	1	1	1	2
J1451406	1245.47616063612	0	5	1	5	2011	1	1	1	1	1	1	1	1	-9
J1451407	635.428946381935	1	1	1	5	2011	4	4	2	1	1	1	1	1	2
J1451408	1164.16880975918	0	5	1	5	2011	1	1	1	1	1	1	1	3	-9
J1451409	853.61572879382	0	4	1	5	2011	4	4	2	1	1	1	1	1	2
J1451410	801.746452997126	0	5	1	5	2011	1	1	1	1	1	1	1	2	-9
J1452102	1173.30615943248	0	5	2	7	2011	1	1	1	1	1	1	1	4	-9
J1452103	1759.7015586338	1	1	2	7	2011	2	2	1	1	1	1	1	3	3
J1452104	1692.92466370432	0	4	2	7	2011	2	2	1	1	1	1	1	3	3
J1452105	4518.03569882673	0	4	2	7	2011	1	1	1	1	1	1	1	2	-9
J1452108	1086.1232535978	1	1	2	7	2011	4	4	2	1	1	1	1	2	2
J1452201	1627.94225783709	0	5	2	7	2011	1	1	1	1	1	1	1	1	-9
J1452203	614.565437854274	1	1	2	7	2011	2	2	1	1	1	1	1	1	5
J1452204	1499.61987074524	1	1	2	7	2011	1	1	1	1	1	1	1	1	-9
J1452205	756.851971571113	1	1	2	7	2011	4	4	2	1	1	1	1	1	2
J1452206	970.107299254283	0	4	2	7	2011	4	4	2	1	1	1	1	1	2
J1452207	1235.7321549681	1	1	2	7	2011	4	4	2	1	1	1	1	5	2
J1452301	1260.1247071029	0	5	2	8	2011	1	1	1	1	1	1	1	1	-9
J1452303	2601.40567814669	1	1	2	8	2011	2	2	1	1	1	1	1	1	5
J1452304	2448.97124421294	0	4	2	8	2011	4	4	2	1	1	1	1	1	2
J1452305	729.360501879824	1	1	2	8	2011	4	4	2	1	1	1	1	1	2
J1452308	646.462185020782	1	1	2	8	2011	4	4	2	1	1	1	1	1	2
J1452309	1960.4783371247	0	4	2	8	2011	2	2	1	1	1	1	1	1	5
J1452310	576.384889749645	1	1	2	8	2011	4	4	2	1	1	1	1	1	2
J1452311	577.667559272989	0	4	2	8	2011	4	4	2	1	1	1	1	1	2
J1452312	757.253821612448	0	5	2	8	2011	1	1	1	1	1	1	1	1	-9
J1452401	1737.18127206943	1	1	2	8	2011	2	2	1	1	1	1	1	1	3
J1452402	3143.46345154623	0	5	2	8	2011	1	1	1	1	1	1	1	8	-9
J1452403	1493.46117010383	1	1	2	8	2011	1	1	1	1	1	1	1	8	-9
J1452405	969.375635950347	1	1	2	8	2011	4	4	2	1	1	1	1	1	2
J1452406	1218.29926767373	0	5	2	8	2011	1	1	1	1	1	1	1	5	-9
J1452408	563.300333858095	0	5	2	8	2011	1	1	1	1	1	1	1	1	-9
J1452410	623.762256703976	1	1	2	8	2011	4	4	2	1	1	1	1	1	2
J1453102	1504.63553981091	1	1	3	10	2011	1	1	1	1	1	1	2	8	-9
J1453103	1157.50969253634	0	5	3	10	2011	1	1	1	1	1	1	2	1	-9
J1453105	1125.24402544686	1	1	3	10	2011	2	2	1	1	1	1	3	2	3
J1453106	2472.27046350253	0	4	3	10	2011	2	2	1	1	1	1	2	2	3
J1453107	728.682991991166	1	1	3	10	2011	1	1	1	1	1	1	2	1	-9
J1453201	1355.02178483199	1	1	3	10	2011	4	4	2	1	1	1	2	3	2
J1453202	847.051920385862	1	1	3	10	2011	2	2	1	1	1	1	2	2	5
J1453203	1078.83274454501	0	5	3	10	2011	1	1	1	1	1	1	2	4	-9
J1453204	847.771489070222	1	1	3	10	2011	2	2	1	1	1	1	2	4	4
J1453207	1591.5177795283	1	1	3	10	2011	1	1	1	1	1	1	2	7	-9
J1453208	1514.23987103702	0	5	3	10	2011	1	1	1	1	1	1	2	2	-9
J1453210	3908.17613560889	0	5	3	10	2011	1	1	1	1	1	1	2	3	-9
J1453211	2162.73906088659	0	5	3	10	2011	1	1	1	1	1	1	1	4	-9
J1453302	2003.55379874355	0	5	3	11	2011	1	1	1	1	1	1	1	10	-9
J1453303	1880.29484142593	1	1	3	11	2011	1	1	1	1	1	1	2	9	-9
J1453305	2150.14958059043	0	4	3	11	2011	2	2	1	1	1	1	1	4	5
J1453307	2937.43809140269	0	5	3	11	2011	1	1	1	1	1	1	2	5	-9
J1453401	636.432106665054	1	1	3	11	2011	4	4	2	1	1	1	1	1	2
J1453404	1856.4310138039	0	5	3	11	2011	1	1	1	1	1	1	1	1	-9
J1453405	616.860670983733	0	5	3	11	2011	2	2	1	1	1	1	1	1	5
J1453408	1508.99242591712	1	1	3	11	2011	1	1	1	1	1	1	3	4	-9
J1453409	611.503581028845	0	4	3	11	2011	4	4	2	1	1	1	1	1	2
J1453410	681.347808917197	1	1	3	11	2011	4	4	2	1	1	1	1	2	2
J1454101	1174.05337552042	0	5	4	1	2012	1	1	1	1	1	1	1	1	-9
J1454103	752.427895556532	0	5	4	1	2012	1	1	1	1	1	1	1	1	-9
J1454105	1098.12685632801	0	5	4	1	2012	1	1	1	1	1	1	1	5	-9
J1454106	1337.25641884447	0	5	4	1	2012	1	1	1	1	1	1	1	7	-9
J1454107	1519.00327286562	0	4	4	1	2012	1	1	1	1	1	1	1	8	-9
J1454108	1425.67849260299	0	5	4	1	2012	1	1	1	1	1	1	1	6	-9
J1454201	892.272594842741	1	1	4	1	2012	4	4	2	1	1	1	1	1	2
J1454202	609.634335097953	1	1	4	1	2012	4	4	2	1	1	1	1	1	2
J1454203	1194.08741935254	1	1	4	1	2012	4	4	2	1	1	1	1	1	2
J1454206	1194.62191555109	0	5	4	1	2012	1	1	1	1	1	1	1	8	-9
J1454207	1451.56936608724	0	5	4	1	2012	1	1	1	1	1	1	1	3	-9
J1454208	1345.74105736513	1	1	4	1	2012	1	1	1	1	1	1	1	2	-9
J1454302	568.023308634001	1	1	4	2	2012	4	4	2	1	1	1	1	1	2
J1454303	1083.27635160572	0	4	4	2	2012	2	2	1	1	1	1	1	2	5
J1454304	787.173778206	1	1	4	2	2012	4	4	2	1	1	1	1	1	2
J1454305	1309.28847282309	0	5	4	2	2012	1	1	1	1	1	1	1	1	-9
J1454306	1027.40295157253	1	1	4	2	2012	4	4	2	1	1	1	1	1	2
J1454402	677.228835160951	1	1	4	2	2012	4	4	2	1	1	1	1	1	2
J1454403	2628.05092335439	1	1	4	2	2012	2	2	1	1	1	1	1	1	3
J1454407	1858.13161580948	1	1	4	2	2012	4	4	2	1	1	1	1	1	2
J1454408	624.977316103937	0	4	4	2	2012	2	2	1	1	1	1	1	1	3
J1454409	1742.48260295498	0	4	4	2	2012	2	2	1	1	1	1	1	1	5
J1461104	722.113746149577	1	1	1	4	2011	3	3	2	1	1	1	1	1	1
J1461105	1663.09987212979	0	5	1	4	2011	1	1	1	1	1	1	1	3	-9
J1461106	2759.73325950957	1	1	1	4	2011	1	1	1	1	1	1	1	9	-9
J1461108	606.609847328742	0	4	1	4	2011	3	3	2	1	1	1	1	1	1
J1461109	1201.4920161025	0	4	1	4	2011	1	1	1	1	1	1	1	5	-9
J1461111	1114.45704404224	0	4	1	4	2011	2	2	1	1	1	1	4	6	5
J1461201	1724.56944625102	1	1	1	4	2011	4	4	2	1	1	1	1	6	2
J1461202	2992.58348799261	1	1	1	4	2011	1	1	1	1	1	1	1	5	-9
J1461204	1185.94112971725	1	1	1	4	2011	1	1	1	1	1	1	1	6	-9
J1461205	1076.15357333414	0	5	1	4	2011	1	1	1	1	1	1	1	9	-9
J1461206	934.13318890936	1	1	1	4	2011	3	3	2	1	1	1	1	2	1
J1461207	1584.91410377159	0	5	1	4	2011	1	1	1	1	1	1	1	3	-9
J1461208	1271.83532087823	1	1	1	4	2011	1	1	1	1	1	1	1	5	-9
J1461209	1791.82269106033	1	1	1	4	2011	1	1	1	1	1	1	1	1	-9
J1461211	819.139389165334	0	4	1	4	2011	2	2	1	1	1	1	1	1	3
J1461301	1246.53143817733	1	1	1	5	2011	1	1	1	1	1	1	1	2	-9
J1461302	835.767242925671	1	1	1	5	2011	4	4	2	1	1	1	1	1	2
J1461303	2040.6722569705	1	1	1	5	2011	1	1	1	1	1	1	1	1	-9
J1461304	2028.81522234969	1	1	1	5	2011	2	2	1	1	1	1	1	3	3
J1461306	4194.62197505779	1	1	1	5	2011	1	1	1	1	1	1	1	1	-9
J1461307	1153.34438921485	0	5	1	5	2011	1	1	1	1	1	1	1	2	-9
J1461309	1316.54962867792	0	5	1	5	2011	1	1	1	1	1	1	1	4	-9
J1461311	1480.38896499407	1	1	1	5	2011	4	4	2	1	1	1	1	1	2
J1461406	1790.64090183722	0	5	1	5	2011	1	1	1	1	1	1	1	9	-9
J1461407	772.426679373299	1	1	1	5	2011	1	1	1	1	1	1	1	1	-9
J1461408	1657.73993902101	0	5	1	5	2011	1	1	1	1	1	1	1	9	-9
J1461409	2009.04685016812	1	1	1	5	2011	1	1	1	1	1	1	2	9	-9
J1462101	712.478755894042	1	1	2	7	2011	1	1	1	1	1	1	1	1	-9
J1462103	582.199047550523	1	1	2	7	2011	4	4	2	1	1	1	1	1	2
J1462104	845.972619819831	1	1	2	7	2011	4	4	2	1	1	1	1	1	2
J1462105	1001.76788955515	0	4	2	7	2011	4	4	2	1	1	1	1	1	2
J1462106	745.530485893661	1	1	2	7	2011	4	4	2	1	1	1	1	1	2
J1462108	1306.04782833961	1	1	2	7	2011	2	2	1	1	1	1	1	2	3
J1462110	1847.86445195865	1	1	2	7	2011	2	2	1	1	1	1	1	6	3
J1462202	618.450487632397	1	1	2	7	2011	4	4	2	1	1	1	1	2	2
J1462203	2313.77412481825	0	4	2	7	2011	1	1	1	1	1	1	1	1	-9
J1462205	1235.46681722397	1	1	2	7	2011	1	1	1	1	1	1	1	9	-9
J1462208	1093.6281215875	1	1	2	7	2011	4	4	2	1	1	1	1	1	2
J1462209	1321.90106236531	1	1	2	7	2011	2	2	1	1	1	1	1	3	3
J1462210	1222.66372500485	0	5	2	7	2011	1	1	1	1	1	1	1	1	-9
J1462301	688.950040503548	1	1	2	8	2011	4	4	2	1	1	1	1	1	2
J1462302	1402.60189252695	1	1	2	8	2011	4	4	2	1	1	1	1	5	2
J1462304	659.154968274661	1	1	2	8	2011	4	4	2	1	1	1	1	1	2
J1462305	720.900580018682	0	5	2	8	2011	1	1	1	1	1	1	1	1	-9
J1462307	1511.37313146949	0	5	2	8	2011	1	1	1	1	1	1	1	8	-9
J1462309	1152.04001591322	1	1	2	8	2011	1	1	1	1	1	1	1	2	-9
J1462310	1350.83249331191	0	5	2	8	2011	1	1	1	1	1	1	1	2	-9
J1462403	753.828687149942	0	4	2	8	2011	4	4	2	1	1	1	1	1	2
J1462405	1558.52523432902	0	5	2	8	2011	1	1	1	1	1	1	1	6	-9
J1462408	559.784454656514	0	4	2	8	2011	4	4	2	1	1	1	1	1	2
J1462410	658.244862531963	0	5	2	8	2011	1	1	1	1	1	1	1	1	-9
J1462413	1749.98673540049	1	1	2	8	2011	1	1	1	1	1	1	1	3	-9
J1463101	1353.38818060849	0	4	3	10	2011	1	1	1	1	1	1	1	8	-9
J1463103	1182.4571132632	1	1	3	10	2011	1	1	1	1	1	1	1	9	-9
J1463104	787.778294608248	0	5	3	10	2011	1	1	1	1	1	1	1	4	-9
J1463105	1289.73855200917	0	5	3	10	2011	1	1	1	1	1	1	1	4	-9
J1463106	772.851846489714	1	1	3	10	2011	4	4	2	1	1	1	1	1	2
J1463108	1225.93648774601	1	1	3	10	2011	1	1	1	1	1	1	1	3	-9
J1463109	1660.48398766545	0	5	3	10	2011	1	1	1	1	1	1	1	8	-9
J1463111	1308.1344558347	0	4	3	10	2011	1	1	1	1	1	1	1	8	-9
J1463201	745.126719499458	0	4	3	10	2011	2	2	1	1	1	1	1	2	3
J1463202	2203.46928800344	1	1	3	10	2011	2	2	1	1	1	1	1	6	3
J1463203	3008.71217779344	0	5	3	10	2011	1	1	1	1	1	1	1	6	-9
J1463204	1296.14554537739	0	4	3	10	2011	1	1	1	1	1	1	1	6	-9
J1463205	1054.24665695504	0	4	3	10	2011	2	2	1	1	1	1	1	6	3
J1463207	1282.13375011996	1	1	3	10	2011	4	4	2	1	1	1	1	3	2
J1463208	3750.43365237531	0	5	3	10	2011	4	4	2	1	1	1	1	5	2
J1463209	809.701281991608	1	1	3	10	2011	4	4	2	1	1	1	1	5	2
J1463210	2898.41909826729	0	5	3	10	2011	1	1	1	1	1	1	1	3	-9
J1463211	1400.44295546366	0	4	3	10	2011	4	4	2	1	1	1	1	2	2
J1463212	2958.8546622942	0	5	3	10	2011	1	1	1	1	1	1	1	3	-9
J1463303	590.483840535991	0	5	3	11	2011	1	1	1	1	1	1	1	2	-9
J1463304	902.86467279055	0	4	3	11	2011	4	4	2	1	1	1	1	1	2
J1463305	917.953192399075	1	1	3	11	2011	1	1	1	1	1	1	1	1	-9
J1463306	585.860071482888	1	1	3	11	2011	3	3	2	1	1	1	1	4	1
J1463308	1563.7983386888	0	5	3	11	2011	1	1	1	1	1	1	1	2	-9
J1463310	1174.0592188982	0	4	3	11	2011	3	3	2	1	1	1	1	1	1
J1463312	627.306113134971	1	1	3	11	2011	4	4	2	1	1	1	1	1	2
J1463313	1926.91454380392	1	1	3	11	2011	2	2	1	1	1	1	1	2	3
J1463402	836.432841257163	1	1	3	11	2011	3	3	2	1	1	1	1	2	1
J1463403	662.60870982215	1	1	3	11	2011	3	3	2	1	1	1	1	2	1
J1463404	1061.18822440942	1	1	3	11	2011	2	2	1	1	1	1	1	1	3
J1463409	1213.12913707406	1	1	3	11	2011	3	3	2	1	1	1	1	1	1
J1463410	996.55258651465	0	4	3	11	2011	3	3	2	1	1	1	1	1	1
J1463412	1377.80700750375	0	4	3	11	2011	1	1	1	1	1	1	1	3	-9
J1463414	1791.19009325188	0	4	3	11	2011	1	1	1	1	1	1	1	6	-9
J1464101	1201.52247598449	1	1	4	1	2012	1	1	1	1	1	1	1	6	-9
J1464102	1332.40117030766	0	5	4	1	2012	1	1	1	1	1	1	1	7	-9
J1464103	1541.24294912805	0	5	4	1	2012	1	1	1	1	1	1	1	9	-9
J1464104	676.134112578921	1	1	4	1	2012	4	4	2	1	1	1	1	1	2
J1464107	1675.15499855959	1	1	4	1	2012	2	2	1	1	1	1	1	6	3
J1464108	1480.86703589984	0	5	4	1	2012	1	1	1	1	1	1	1	4	-9
J1464110	1082.63406988828	1	1	4	1	2012	2	2	1	1	1	1	1	7	4
J1464201	1208.18405362984	1	1	4	1	2012	1	1	1	1	1	1	1	7	-9
J1464202	1832.37532237127	0	5	4	1	2012	1	1	1	1	1	1	1	10	-9
J1464205	1370.13450403845	0	5	4	1	2012	1	1	1	1	1	1	1	5	-9
J1464206	2116.4640130052	0	4	4	1	2012	1	1	1	1	1	1	1	9	-9
J1464207	2167.11399622076	0	5	4	1	2012	1	1	1	1	1	1	1	10	-9
J1464212	876.556869045856	1	1	4	1	2012	4	4	2	1	1	1	1	2	2
J1464302	2617.27607872334	0	5	4	2	2012	1	1	1	1	1	1	1	9	-9
J1464303	2124.39327101353	1	1	4	2	2012	1	1	1	1	1	1	1	10	-9
J1464304	3212.23470663465	0	4	4	2	2012	2	2	1	1	1	1	1	9	4
J1464306	1978.81837935325	0	4	4	2	2012	2	2	1	1	1	1	1	10	3
J1464307	1636.88836467972	0	5	4	2	2012	1	1	1	1	1	1	1	9	-9
J1464310	1263.09393843117	0	5	4	2	2012	1	1	1	1	1	1	1	10	-9
J1464401	1758.77389436511	1	1	4	2	2012	4	4	2	1	1	1	1	5	2
J1464405	959.079390245642	0	5	4	2	2012	3	3	2	1	1	1	1	1	1
J1464406	1203.98052565017	0	4	4	2	2012	3	3	2	1	1	1	1	1	1
J1464408	578.127609110602	1	1	4	2	2012	3	3	2	1	1	1	1	1	1
J1464409	1533.4185326677	0	5	4	2	2012	1	1	1	1	1	1	3	5	-9
J1464410	1191.65413077398	1	1	4	2	2012	2	2	1	1	1	1	3	5	4
J1464411	1181.02448393176	1	1	4	2	2012	1	1	1	1	1	1	2	9	-9
J1471101	750.094712258863	1	1	1	4	2011	2	2	1	3	2	1	1	1	3
J1471102	1480.76421256224	1	1	1	4	2011	2	2	1	3	2	1	1	3	3
J1471103	1312.96405211736	0	5	1	4	2011	1	1	1	3	2	1	1	7	-9
J1471104	1557.31937572533	0	4	1	4	2011	1	1	1	3	2	1	1	3	-9
J1471105	1601.41820237731	0	5	1	4	2011	1	1	1	3	2	1	1	5	-9
J1471107	918.306457115726	0	5	1	4	2011	1	1	1	3	2	1	1	1	-9
J1471202	1257.24057247791	0	4	1	4	2011	3	3	2	3	2	1	1	1	1
J1471205	715.714855965133	0	5	1	4	2011	1	1	1	3	2	1	1	1	-9
J1471208	1868.41947201635	1	1	1	4	2011	1	1	1	3	2	1	1	2	-9
J1471209	1056.30558322337	0	5	1	4	2011	1	1	1	3	2	1	1	2	-9
J1471301	1432.25312340602	0	5	1	5	2011	1	1	1	3	2	1	1	2	-9
J1471302	2312.92092320785	1	1	1	5	2011	1	1	1	3	2	1	1	5	-9
J1471303	1268.93975730086	0	5	1	5	2011	1	1	1	3	2	1	1	8	-9
J1471304	1025.19722031932	1	1	1	5	2011	3	3	2	3	2	1	1	1	1
J1471305	1853.21923581868	1	1	1	5	2011	1	1	1	3	2	1	1	2	-9
J1471402	2167.12279213092	1	1	1	5	2011	3	3	2	3	2	1	1	1	1
J1471405	2503.04560798966	0	5	1	5	2011	1	1	1	3	2	1	1	1	-9
J1471406	2027.48172777076	1	1	1	5	2011	1	1	1	3	2	1	1	2	-9
J1472101	1777.92934438349	0	5	2	7	2011	1	1	1	3	2	1	1	6	-9
J1472102	1296.18013174812	1	1	2	7	2011	1	1	1	3	2	1	2	4	-9
J1472103	718.633401682869	0	4	2	7	2011	4	4	2	3	2	1	2	6	2
J1472104	1817.25459979379	1	1	2	7	2011	1	1	1	3	2	1	2	4	-9
J1472106	1361.41397379215	0	4	2	7	2011	2	2	1	3	2	1	2	6	3
J1472204	1422.85731617874	1	1	2	7	2011	1	1	1	3	2	1	1	5	-9
J1472301	1285.5746135386	0	5	2	8	2011	1	1	1	3	2	1	4	9	-9
J1472302	1818.54057910254	0	4	2	8	2011	1	1	1	3	2	1	2	9	-9
J1472303	3141.17653128763	0	5	2	8	2011	1	1	1	3	2	1	3	9	-9
J1472304	1227.92039768502	0	5	2	8	2011	1	1	1	3	2	1	1	7	-9
J1472305	1524.88357409676	1	1	2	8	2011	1	1	1	3	2	1	4	7	-9
J1472401	1292.39127305428	1	1	2	8	2011	2	2	1	3	2	1	4	6	4
J1472403	1230.2570608519	1	1	2	8	2011	1	1	1	3	2	1	2	8	-9
J1472405	1714.36434641332	1	1	2	8	2011	4	4	2	3	2	1	4	8	2
J1473103	1063.47386214395	0	5	3	10	2011	3	3	2	3	2	1	2	6	1
J1473105	1403.65905170827	0	5	3	10	2011	1	1	1	3	2	1	4	7	-9
J1473202	1238.44713690967	0	5	3	10	2011	1	1	1	3	2	1	1	5	-9
J1473204	596.161865066709	0	5	3	10	2011	1	1	1	3	2	1	1	4	-9
J1473206	1964.93603498113	1	1	3	10	2011	1	1	1	3	2	1	1	7	-9
J1473207	749.852538511583	0	5	3	10	2011	1	1	1	3	2	1	1	5	-9
J1473208	1795.15037541621	1	1	3	10	2011	1	1	1	3	2	1	1	7	-9
J1473303	3653.27692066461	0	4	3	11	2011	1	1	1	3	2	1	3	9	-9
J1473305	1592.58117772281	1	1	3	11	2011	1	1	1	3	2	1	4	6	-9
J1473307	1363.47352272128	0	5	3	11	2011	1	1	1	3	2	1	1	8	-9
J1473401	1575.09582334752	1	1	3	11	2011	3	3	2	3	2	1	1	3	1
J1473402	3598.01208914229	1	1	3	11	2011	1	1	1	3	2	1	1	8	-9
J1473403	2171.90878028994	0	5	3	11	2011	2	2	1	3	2	1	1	10	5
J1474103	4127.31163473011	0	4	4	1	2012	1	1	1	3	2	1	2	8	-9
J1474104	2208.39754964262	0	5	4	1	2012	1	1	1	3	2	1	2	8	-9
J1474105	1232.7603256649	1	1	4	1	2012	1	1	1	3	2	1	2	10	-9
J1474106	1170.35585046636	0	5	4	1	2012	1	1	1	3	2	1	3	9	-9
J1474108	1154.40736084651	1	1	4	1	2012	1	1	1	3	2	1	4	9	-9
J1474201	1546.81552240102	0	5	4	1	2012	1	1	1	2	4	1	2	8	-9
J1474203	1301.82706208804	0	5	4	1	2012	1	1	1	2	4	1	2	9	-9
J1474301	796.685289849907	1	1	4	2	2012	3	3	2	2	4	1	3	5	1
J1474302	1335.97700325851	1	1	4	2	2012	2	2	1	2	4	1	2	6	3
J1474303	1305.92249904589	0	5	4	2	2012	1	1	1	2	4	1	3	6	-9
J1474304	963.723725232809	0	4	4	2	2012	2	2	1	2	4	1	2	10	4
J1474305	792.648087618979	0	4	4	2	2012	2	2	1	2	4	1	3	10	4
J1474307	1659.70824941406	0	5	4	2	2012	1	1	1	2	4	1	2	3	-9
J1474308	1030.68943792239	0	5	4	2	2012	1	1	1	2	4	1	2	3	-9
J1474309	802.111918180902	1	1	4	2	2012	3	3	2	2	4	1	2	3	1
J1474403	1467.20429385878	0	5	4	2	2012	1	1	1	2	4	1	3	7	-9
J1474404	1453.54743464932	0	5	4	2	2012	1	1	1	2	4	1	2	7	-9
J1474405	1181.95795057033	1	1	4	2	2012	1	1	1	2	4	1	2	9	-9
J1474406	1383.11487397479	0	5	4	2	2012	1	1	1	2	4	1	3	7	-9
J1481101	2068.15240862366	1	1	1	4	2011	1	1	1	3	2	1	4	6	-9
J1481102	512.218768736625	1	1	1	4	2011	4	4	2	3	2	1	2	3	2
J1481104	1409.81812396199	1	1	1	4	2011	4	4	2	3	2	1	2	3	2
J1481106	1671.36692832753	1	1	1	4	2011	1	1	1	3	2	1	4	5	-9
J1481201	1210.70427822154	0	4	1	4	2011	4	4	2	3	2	1	3	8	2
J1481203	1253.57724320697	0	5	1	4	2011	1	1	1	3	2	1	2	4	-9
J1481204	1355.39108670528	0	4	1	4	2011	1	1	1	3	2	1	2	5	-9
J1481205	1408.01828259757	0	5	1	4	2011	1	1	1	3	2	1	2	2	-9
J1481206	1368.3943548533	0	4	1	4	2011	1	1	1	3	2	1	2	4	-9
J1481208	1217.17592402785	1	1	1	4	2011	1	1	1	3	2	1	3	9	-9
J1481302	1554.40741678053	0	5	1	5	2011	1	1	1	3	2	1	1	5	-9
J1481303	1584.7261828478	0	4	1	5	2011	1	1	1	3	2	1	1	3	-9
J1481305	2443.86574222036	0	5	1	5	2011	1	1	1	3	2	1	1	5	-9
J1481306	1103.15264895689	1	1	1	5	2011	4	4	2	3	2	1	1	2	2
J1481307	680.283083782757	1	1	1	5	2011	4	4	2	3	2	1	1	1	2
J1481401	2062.80874704434	0	4	1	5	2011	1	1	1	3	2	1	2	2	-9
J1481403	1242.334933353	1	1	1	5	2011	1	1	1	3	2	1	2	5	-9
J1481404	1225.05070247196	0	5	1	5	2011	1	1	1	3	2	1	4	4	-9
J1481405	972.721655705109	1	1	1	5	2011	1	1	1	3	2	1	1	3	-9
J1482102	1815.32157842588	1	1	2	7	2011	2	2	1	3	2	1	4	9	5
J1482103	1307.31009409934	0	5	2	7	2011	1	1	1	3	2	1	4	8	-9
J1482104	722.085539104429	1	1	2	7	2011	4	4	2	3	2	1	2	8	2
J1482105	1475.24565608939	0	5	2	7	2011	1	1	1	3	2	1	3	7	-9
J1482202	986.837311299267	1	1	2	7	2011	1	1	1	3	2	1	3	5	-9
J1482203	1463.91569116589	0	5	2	7	2011	1	1	1	3	2	1	4	6	-9
J1482206	1450.57576025636	1	1	2	7	2011	4	4	2	3	2	1	2	5	2
J1482301	1120.92574015136	0	5	2	8	2011	1	1	1	3	2	1	4	7	-9
J1482302	1376.16005722616	1	1	2	8	2011	1	1	1	3	2	1	3	6	-9
J1482303	1174.79580829001	0	5	2	8	2011	1	1	1	3	2	1	3	6	-9
J1482304	2038.60130962765	0	5	2	8	2011	1	1	1	3	2	1	3	8	-9
J1482306	1229.44352582958	0	5	2	8	2011	1	1	1	3	2	1	3	7	-9
J1482307	681.731218108678	1	1	2	8	2011	1	1	1	3	2	1	2	6	-9
J1482401	1544.15483834062	0	5	2	8	2011	1	1	1	3	2	1	1	4	-9
J1482402	1223.69505080182	1	1	2	8	2011	1	1	1	3	2	1	1	5	-9
J1482404	1614.31552128242	1	1	2	8	2011	1	1	1	3	2	1	1	9	-9
J1482405	1155.44016406656	0	5	2	8	2011	1	1	1	3	2	1	1	7	-9
J1482406	1433.7849612775	0	5	2	8	2011	1	1	1	3	2	1	1	9	-9
J1483103	1428.62122809234	0	5	3	10	2011	1	1	1	3	2	1	2	5	-9
J1483104	1227.33159182254	1	1	3	10	2011	1	1	1	3	2	1	2	1	-9
J1483105	791.278269764227	0	5	3	10	2011	1	1	1	3	2	1	2	1	-9
J1483107	999.240607805711	1	1	3	10	2011	1	1	1	3	2	1	2	3	-9
J1483201	1522.20280483197	0	5	3	10	2011	1	1	1	3	2	1	3	8	-9
J1483202	1191.12579527598	1	1	3	10	2011	1	1	1	3	2	1	3	7	-9
J1483203	1419.99066812745	0	5	3	10	2011	1	1	1	3	2	1	3	6	-9
J1483205	947.955083955057	1	1	3	10	2011	4	4	2	3	2	1	3	3	2
J1483206	1653.12350537015	1	1	3	10	2011	4	4	2	3	2	1	2	3	2
J1483302	1491.61811075936	0	5	3	11	2011	1	1	1	3	2	1	4	6	-9
J1483303	1246.75414425166	0	4	3	11	2011	4	4	2	3	2	1	2	3	2
J1483305	2433.83479075614	0	5	3	11	2011	1	1	1	3	2	1	3	6	-9
J1483401	2021.85148648284	1	1	3	11	2011	2	2	1	3	2	1	1	6	3
J1483402	1940.4780287976	1	1	3	11	2011	1	1	1	3	2	1	4	6	-9
J1483403	1348.73151787295	0	5	3	11	2011	1	1	1	3	2	1	3	7	-9
J1483404	1788.01848717827	0	5	3	11	2011	1	1	1	3	2	1	3	7	-9
J1483405	1353.48621466886	0	4	3	11	2011	1	1	1	3	2	1	2	4	-9
J1484101	1712.65288039226	0	4	4	1	2012	1	1	1	3	2	1	1	6	-9
J1484104	1568.20894640539	0	5	4	1	2012	1	1	1	3	2	1	1	9	-9
J1484106	1740.06978645821	1	1	4	1	2012	1	1	1	3	2	1	1	10	-9
J1484201	2309.73085180236	0	5	4	1	2012	1	1	1	3	2	1	1	4	-9
J1484203	876.632194864844	1	1	4	1	2012	4	4	2	3	2	1	1	2	2
J1484204	820.82604426697	1	1	4	1	2012	4	4	2	3	2	1	1	1	2
J1484205	2601.85281989311	0	4	4	1	2012	1	1	1	3	2	1	1	7	-9
J1484206	836.528113872755	1	1	4	1	2012	4	4	2	3	2	1	1	2	2
J1484207	852.260810341627	1	1	4	1	2012	4	4	2	3	2	1	1	1	2
J1484301	811.567259374643	0	4	4	2	2012	4	4	2	3	2	1	3	1	2
J1484302	3356.31752729923	0	5	4	2	2012	1	1	1	3	2	1	1	9	-9
J1484304	695.932526493633	0	4	4	2	2012	1	1	1	3	2	1	3	4	-9
J1484306	4033.31082918953	0	4	4	2	2012	1	1	1	3	2	1	1	4	-9
J1484308	1049.38697991241	0	5	4	2	2012	1	1	1	3	2	1	1	8	-9
J1484403	1410.23915889012	0	4	4	2	2012	4	4	2	3	2	1	2	8	2
J1491101	1064.72195128744	1	1	1	4	2011	1	1	1	1	1	1	1	7	-9
J1491102	1819.38261813971	0	5	1	4	2011	1	1	1	1	1	1	1	8	-9
J1491104	759.81532360434	0	4	1	4	2011	4	4	2	1	1	1	2	6	2
J1491106	1073.5803719598	0	5	1	4	2011	1	1	1	1	1	1	1	3	-9
J1491107	1629.5848557368	1	1	1	4	2011	1	1	1	1	1	1	1	6	-9
J1491202	825.170382182237	1	1	1	4	2011	4	4	2	1	1	1	1	4	2
J1491203	769.120730255037	1	1	1	4	2011	3	3	2	1	1	1	1	1	1
J1491204	1068.55633599662	0	4	1	4	2011	1	1	1	1	1	1	1	2	-9
J1491206	1340.69619230373	0	5	1	4	2011	1	1	1	1	1	1	1	7	-9
J1491207	615.997748141483	0	4	1	4	2011	2	2	1	1	1	1	1	1	3
J1491209	1891.4903820129	1	1	1	4	2011	1	1	1	1	1	1	1	8	-9
J1491302	1080.00369094315	0	5	1	5	2011	1	1	1	1	1	1	1	9	-9
J1491303	1367.85957213923	0	4	1	5	2011	1	1	1	1	1	1	1	9	-9
J1491305	700.28743710678	1	1	1	5	2011	1	1	1	1	1	1	2	2	-9
J1491307	1540.56837256789	0	4	1	5	2011	2	2	1	1	1	1	2	4	3
J1491401	659.787600526976	1	1	1	5	2011	2	2	1	1	1	1	1	2	3
J1491402	790.12046395149	1	1	1	5	2011	4	4	2	1	1	1	1	5	2
J1491404	1770.43943289383	1	1	1	5	2011	1	1	1	1	1	1	2	3	-9
J1491406	1731.98908003542	0	5	1	5	2011	1	1	1	1	1	1	3	2	-9
J1492106	2151.95266050354	0	5	2	7	2011	1	1	1	1	1	1	4	1	-9
J1492202	1648.54425211331	1	1	2	7	2011	1	1	1	1	1	1	3	6	-9
J1492203	1485.12248280464	0	5	2	7	2011	1	1	1	1	1	1	1	1	-9
J1492204	1384.53040016616	1	1	2	7	2011	3	3	2	1	1	1	1	1	1
J1492209	4833.2519514658	0	4	2	7	2011	2	2	1	1	1	1	1	1	3
J1492301	1153.34438921485	1	1	2	8	2011	1	1	1	1	1	1	2	9	-9
J1492302	801.387940421728	0	5	2	8	2011	1	1	1	1	1	1	2	5	-9
J1492303	1517.20327742945	1	1	2	8	2011	1	1	1	1	1	1	2	5	-9
J1492304	588.681737064537	0	5	2	8	2011	1	1	1	1	1	1	3	5	-9
J1492305	1222.05440953492	1	1	2	8	2011	1	1	1	1	1	1	4	6	-9
J1492306	1158.95689639623	0	5	2	8	2011	1	1	1	1	1	1	3	9	-9
J1492307	1102.77143432896	1	1	2	8	2011	1	1	1	1	1	1	2	5	-9
J1492401	747.747705920439	1	1	2	8	2011	3	3	2	1	1	1	2	2	1
J1492402	1209.87607766202	0	4	2	8	2011	2	2	1	1	1	1	2	6	5
J1492403	1497.51784528951	0	5	2	8	2011	1	1	1	1	1	1	3	7	-9
J1492404	1475.93329776167	0	5	2	8	2011	1	1	1	1	1	1	3	4	-9
J1492405	1528.14199932232	1	1	2	8	2011	1	1	1	1	1	1	3	5	-9
J1492406	977.011654302161	0	5	2	8	2011	1	1	1	1	1	1	3	4	-9
J1493105	1223.30118027403	1	1	3	10	2011	1	1	1	1	1	1	2	9	-9
J1493106	1653.51803968622	0	5	3	10	2011	1	1	1	1	1	1	2	4	-9
J1493107	1263.53840394429	0	5	3	10	2011	1	1	1	1	1	1	3	7	-9
J1493203	2485.76308163393	0	4	3	10	2011	1	1	1	1	1	1	1	7	-9
J1493204	2651.91806775839	0	5	3	10	2011	1	1	1	1	1	1	1	3	-9
J1493205	2384.39660836501	0	4	3	10	2011	2	2	1	1	1	1	1	7	3
J1493301	2001.53798334103	0	5	3	11	2011	1	1	1	1	1	1	1	1	-9
J1493302	1724.29772214626	1	1	3	11	2011	1	1	1	1	1	1	1	1	-9
J1493303	706.759307373233	0	4	3	11	2011	3	3	2	1	1	1	1	2	1
J1493304	588.676442133259	0	5	3	11	2011	1	1	1	1	1	1	1	2	-9
J1493305	1784.87306746225	0	4	3	11	2011	1	1	1	1	1	1	1	2	-9
J1493308	2696.399521669	0	5	3	11	2011	1	1	1	1	1	1	1	3	-9
J1493309	1770.5194674197	1	1	3	11	2011	2	2	1	1	1	1	1	3	3
J1493403	1830.68036281939	1	1	3	11	2011	4	4	2	1	1	1	1	3	2
J1493404	3712.33663892194	0	5	3	11	2011	1	1	1	1	1	1	1	3	-9
J1493405	2452.11619635767	0	5	3	11	2011	1	1	1	1	1	1	1	3	-9
J1493406	3894.83544803433	0	4	3	11	2011	1	1	1	1	1	1	1	2	-9
J1493407	609.675157723335	0	4	3	11	2011	4	4	2	1	1	1	1	2	2
J1493408	1229.80606010868	1	1	3	11	2011	1	1	1	1	1	1	1	2	-9
J1494101	1231.77371391781	0	5	4	1	2012	1	1	1	1	1	1	1	6	-9
J1494106	1066.09607503678	0	5	4	1	2012	1	1	1	1	1	1	3	3	-9
J1494108	766.056461761773	1	1	4	1	2012	4	4	2	1	1	1	1	3	2
J1494201	840.197574882501	1	1	4	1	2012	4	4	2	1	1	1	2	4	2
J1494203	821.783576015079	0	5	4	1	2012	1	1	1	1	1	1	2	3	-9
J1494204	1982.96556941337	0	4	4	1	2012	1	1	1	1	1	1	2	3	-9
J1494205	1921.9151920115	0	5	4	1	2012	1	1	1	1	1	1	3	4	-9
J1494302	1183.50534234434	1	1	4	2	2012	1	1	1	1	1	1	4	4	-9
J1494303	1321.91994568913	0	5	4	2	2012	1	1	1	1	1	1	3	5	-9
J1494304	1581.83103099259	0	5	4	2	2012	1	1	1	1	1	1	2	6	-9
J1494306	1552.48615833704	0	5	4	2	2012	1	1	1	1	1	1	2	6	-9
J1494307	1426.72157688663	1	1	4	2	2012	3	3	2	1	1	1	2	3	1
J1494308	949.417955051454	0	4	4	2	2012	3	3	2	1	1	1	2	1	1
J1494401	2406.15803079662	0	4	4	2	2012	1	1	1	1	1	1	3	2	-9
J1494403	1954.26484901911	1	1	4	2	2012	1	1	1	1	1	1	2	1	-9
J1494404	783.375561181709	1	1	4	2	2012	3	3	2	1	1	1	3	3	1
J1494406	2132.50669943535	1	1	4	2	2012	1	1	1	1	1	1	2	1	-9
J1494407	693.426311407146	0	5	4	2	2012	1	1	1	1	1	1	2	1	-9
J1494408	1749.38019028389	0	4	4	2	2012	1	1	1	1	1	1	3	5	-9
J1501101	621.165916889691	1	1	1	4	2011	3	3	2	1	1	1	3	3	1
J1501102	1185.22369285854	1	1	1	4	2011	1	1	1	1	1	1	3	2	-9
J1501103	778.001537325472	0	5	1	4	2011	1	1	1	1	1	1	2	1	-9
J1501104	640.099660186318	1	1	1	4	2011	3	3	2	1	1	1	2	2	1
J1501106	1511.94860391086	1	1	1	4	2011	2	2	1	1	1	1	1	1	4
J1501108	1282.62074071558	0	5	1	4	2011	1	1	1	1	1	1	1	2	-9
J1501201	711.618781360821	0	4	1	4	2011	3	3	2	1	1	1	2	1	1
J1501203	797.445900579068	0	4	1	4	2011	3	3	2	1	1	1	2	1	1
J1501204	1126.01122425486	0	5	1	4	2011	1	1	1	1	1	1	2	5	-9
J1501205	1189.99726645295	1	1	1	4	2011	3	3	2	1	1	1	2	5	1
J1501206	545.923687872465	0	5	1	4	2011	1	1	1	1	1	1	2	2	-9
J1501207	829.983286610087	0	4	1	4	2011	1	1	1	1	1	1	2	2	-9
J1501208	1471.48235410245	0	5	1	4	2011	1	1	1	1	1	1	2	3	-9
J1501209	923.88446046492	1	1	1	4	2011	3	3	2	1	1	1	2	2	1
J1501210	1256.35373634414	0	4	1	4	2011	1	1	1	1	1	1	2	4	-9
J1501211	902.669840995342	0	4	1	4	2011	3	3	2	1	1	1	2	2	1
J1501301	885.83595304254	1	1	1	5	2011	1	1	1	1	1	1	1	3	-9
J1501302	1404.66437291156	1	1	1	5	2011	3	3	2	1	1	1	1	10	1
J1501303	896.116563683276	0	4	1	5	2011	1	1	1	1	1	1	1	3	-9
J1501305	1749.14415578055	0	4	1	5	2011	1	1	1	1	1	1	1	10	-9
J1501306	839.141803334879	0	5	1	5	2011	1	1	1	1	1	1	2	8	-9
J1501307	2743.81065734618	1	1	1	5	2011	1	1	1	1	1	1	2	8	-9
J1501401	499.821200281415	1	1	1	5	2011	3	3	2	1	1	1	1	1	1
J1501402	907.675135773592	1	1	1	5	2011	1	1	1	1	1	1	1	6	-9
J1501403	1392.66897411201	1	1	1	5	2011	1	1	1	1	1	1	2	9	-9
J1501405	838.450798348835	1	1	1	5	2011	3	3	2	1	1	1	1	6	1
J1501406	702.153643263118	0	5	1	5	2011	1	1	1	1	1	1	2	2	-9
J1501408	702.931808199686	0	5	1	5	2011	1	1	1	1	1	1	3	2	-9
J1501409	1290.68492004703	1	1	1	5	2011	1	1	1	1	1	1	2	8	-9
J1501410	693.067128103939	1	1	1	5	2011	3	3	2	1	1	1	2	3	1
J1502101	1105.10952786306	1	1	2	7	2011	2	2	1	1	1	1	1	5	3
J1502102	1966.2830483485	1	1	2	7	2011	1	1	1	1	1	1	1	7	-9
J1502103	1336.02372673749	0	5	2	7	2011	1	1	1	1	1	1	1	8	-9
J1502106	1425.64348051938	1	1	2	7	2011	1	1	1	1	1	1	1	6	-9
J1502107	2198.59539941773	0	5	2	7	2011	1	1	1	1	1	1	1	7	-9
J1502108	827.710126063067	1	1	2	7	2011	3	3	2	1	1	1	1	1	1
J1502110	903.153622747345	0	5	2	7	2011	1	1	1	1	1	1	1	1	-9
J1502112	809.214072985554	0	4	2	7	2011	3	3	2	1	1	1	1	1	1
J1502202	1831.51800290887	0	5	2	7	2011	1	1	1	1	1	1	1	2	-9
J1502203	1503.50171826508	0	4	2	7	2011	2	2	1	1	1	1	2	3	3
J1502204	607.923536389952	0	5	2	7	2011	1	1	1	1	1	1	2	1	-9
J1502205	563.09606833187	1	1	2	7	2011	4	4	2	1	1	1	2	2	2
J1502206	1807.22565614406	0	5	2	7	2011	1	1	1	1	1	1	2	1	-9
J1502207	671.412525193934	0	4	2	7	2011	4	4	2	1	1	1	2	1	2
J1502302	2321.08333187988	0	4	2	8	2011	1	1	1	1	1	1	1	4	-9
J1502303	728.145203182096	0	5	2	8	2011	1	1	1	1	1	1	2	3	-9
J1502305	1848.64328330267	0	5	2	8	2011	1	1	1	1	1	1	2	1	-9
J1502306	591.255972173237	1	1	2	8	2011	3	3	2	1	1	1	1	1	1
J1502308	1069.13858954893	0	5	2	8	2011	1	1	1	1	1	1	1	3	-9
J1502309	973.461117569256	1	1	2	8	2011	1	1	1	1	1	1	1	1	-9
J1502404	1564.44134982503	1	1	2	8	2011	1	1	1	1	1	1	1	1	-9
J1502407	1487.12695122563	1	1	2	8	2011	4	4	2	1	1	1	2	1	2
J1502408	1742.52693992664	0	5	2	8	2011	1	1	1	1	1	1	2	3	-9
J1503101	1093.70752405654	1	1	3	10	2011	1	1	1	1	1	1	1	2	-9
J1503102	792.512717945246	0	5	3	10	2011	1	1	1	1	1	1	1	2	-9
J1503105	674.380327467431	0	4	3	10	2011	3	3	2	1	1	1	2	2	1
J1503106	1229.48935647171	1	1	3	10	2011	1	1	1	1	1	1	2	4	-9
J1503202	1368.55145303583	1	1	3	10	2011	4	4	2	1	1	1	1	2	2
J1503203	729.805084940525	1	1	3	10	2011	4	4	2	1	1	1	1	2	2
J1503206	1087.31283773841	0	5	3	10	2011	1	1	1	1	1	1	2	8	-9
J1503207	1954.75914800692	1	1	3	10	2011	1	1	1	1	1	1	2	10	-9
J1503208	1299.31397029442	0	5	3	10	2011	1	1	1	1	1	1	2	10	-9
J1503301	2009.5500392437	0	5	3	11	2011	1	1	1	1	1	1	1	4	-9
J1503303	667.119379475366	1	1	3	11	2011	4	4	2	1	1	1	1	5	2
J1503304	1838.73060570664	1	1	3	11	2011	1	1	1	1	1	1	1	4	-9
J1503305	727.825041955104	1	1	3	11	2011	4	4	2	1	1	1	1	5	2
J1503306	739.219428386206	0	5	3	11	2011	1	1	1	1	1	1	1	5	-9
J1503307	747.953291207445	1	1	3	11	2011	4	4	2	1	1	1	1	4	2
J1503308	1267.77809212838	0	5	3	11	2011	1	1	1	1	1	1	1	5	-9
J1503309	1184.48404693205	1	1	3	11	2011	1	1	1	1	1	1	1	2	-9
J1503310	666.588513809009	0	4	3	11	2011	3	3	2	1	1	1	1	1	1
J1503401	1406.69680931846	1	1	3	11	2011	3	3	2	1	1	1	1	4	1
J1503402	1688.35733192103	0	4	3	11	2011	1	1	1	1	1	1	1	4	-9
J1503403	681.347808917197	0	5	3	11	2011	3	3	2	1	1	1	1	1	1
J1503404	949.007293355392	1	1	3	11	2011	2	2	1	1	1	1	1	2	3
J1503406	1060.07070886162	0	5	3	11	2011	1	1	1	1	1	1	1	2	-9
J1503407	580.995122353633	1	1	3	11	2011	4	4	2	1	1	1	1	2	2
J1503408	559.560067208843	0	5	3	11	2011	1	1	1	1	1	1	1	5	-9
J1503409	1484.76672656264	1	1	3	11	2011	1	1	1	1	1	1	1	6	-9
J1504101	1401.94356077059	0	5	4	1	2012	1	1	1	1	1	1	2	7	-9
J1504102	960.972871976731	0	5	4	1	2012	1	1	1	1	1	1	1	7	-9
J1504103	758.419848656609	1	1	4	1	2012	1	1	1	1	1	1	1	5	-9
J1504104	2891.79121190433	0	5	4	1	2012	1	1	1	1	1	1	1	7	-9
J1504105	1236.45073309183	1	1	4	1	2012	1	1	1	1	1	1	1	10	-9
J1504106	1302.36707900586	0	5	4	1	2012	1	1	1	1	1	1	1	10	-9
J1504201	659.092459156397	1	1	4	1	2012	3	3	2	1	1	1	2	3	1
J1504202	577.667559407008	1	1	4	1	2012	3	3	2	1	1	1	2	4	1
J1504203	852.474124513779	0	5	4	1	2012	1	1	1	1	1	1	2	2	-9
J1504205	1872.55823871738	1	1	4	1	2012	2	2	1	1	1	1	2	4	3
J1504207	804.059043021118	1	1	4	1	2012	3	3	2	1	1	1	2	4	1
J1504208	1332.13983075265	0	5	4	1	2012	1	1	1	1	1	1	2	6	-9
J1504209	664.728361247207	1	1	4	1	2012	3	3	2	1	1	1	2	3	1
J1504210	598.864627925386	1	1	4	1	2012	3	3	2	1	1	1	2	3	1
J1504302	3322.31611041845	0	4	4	2	2012	2	2	1	1	1	1	1	9	3
J1504304	2782.53353838972	1	1	4	2	2012	2	2	1	1	1	1	1	10	3
J1504305	1298.72924284039	0	4	4	2	2012	3	3	2	1	1	1	1	8	1
J1504306	1587.03977246344	0	5	4	2	2012	1	1	1	1	1	1	3	4	-9
J1504401	1101.05836863588	1	1	4	2	2012	1	1	1	1	1	1	1	6	-9
J1504402	751.120957814356	0	5	4	2	2012	1	1	1	1	1	1	1	2	-9
J1504406	863.109295761728	0	4	4	2	2012	3	3	2	1	1	1	1	7	1
J1511101	1539.55920505378	1	1	1	4	2011	1	1	1	1	1	1	1	4	-9
J1511102	1257.84088508564	1	1	1	4	2011	4	4	2	1	1	1	1	3	2
J1511103	1449.22192196099	1	1	1	4	2011	1	1	1	1	1	1	1	7	-9
J1511106	1716.21672530494	0	5	1	4	2011	1	1	1	1	1	1	1	5	-9
J1511107	1410.21185834579	1	1	1	4	2011	1	1	1	1	1	1	1	3	-9
J1511108	873.26992830861	0	5	1	4	2011	1	1	1	1	1	1	1	2	-9
J1511201	990.667548975254	0	4	1	4	2011	2	2	1	1	1	1	1	2	5
J1511202	937.516287145985	1	1	1	4	2011	4	4	2	1	1	1	1	2	2
J1511203	928.04971035544	1	1	1	4	2011	4	4	2	1	1	1	1	1	2
J1511205	1042.77460564749	1	1	1	4	2011	4	4	2	1	1	1	1	2	2
J1511206	675.275550521116	1	1	1	4	2011	4	4	2	1	1	1	1	2	2
J1511207	707.701583677953	1	1	1	4	2011	4	4	2	1	1	1	1	1	2
J1511208	795.518557716461	1	1	1	4	2011	4	4	2	1	1	1	1	1	2
J1511210	1301.00606467276	0	4	1	4	2011	4	4	2	1	1	1	1	2	2
J1511301	1197.38832051121	1	1	1	5	2011	4	4	2	1	1	1	1	3	2
J1511302	3007.31715830398	1	1	1	5	2011	4	4	2	1	1	1	1	3	2
J1511303	2015.54389205169	0	4	1	5	2011	1	1	1	1	1	1	1	8	-9
J1511304	1366.19692973393	1	1	1	5	2011	4	4	2	1	1	1	1	1	2
J1511309	966.200751739764	1	1	1	5	2011	4	4	2	1	1	1	1	1	2
J1511310	1545.49764225735	0	5	1	5	2011	1	1	1	1	1	1	1	1	-9
J1511311	3897.22307834499	1	1	1	5	2011	1	1	1	1	1	1	1	9	-9
J1511401	810.549688370099	1	1	1	5	2011	4	4	2	1	1	1	1	1	2
J1511402	2101.43982600218	0	4	1	5	2011	2	2	1	1	1	1	1	5	5
J1511404	1400.79165861076	0	5	1	5	2011	1	1	1	1	1	1	1	8	-9
J1511405	1220.62485314779	1	1	1	5	2011	2	2	1	1	1	1	1	5	3
J1512105	1548.28819051438	0	5	2	7	2011	1	1	1	1	1	1	1	4	-9
J1512107	1609.45938309784	0	5	2	7	2011	1	1	1	1	1	1	1	7	-9
J1512109	1755.68912759669	0	4	2	7	2011	1	1	1	1	1	1	1	9	-9
J1512110	1552.51882066871	0	5	2	7	2011	1	1	1	1	1	1	1	9	-9
J1512201	1618.81749341642	0	4	2	7	2011	1	1	1	1	1	1	1	8	-9
J1512202	2707.46875436337	0	4	2	7	2011	4	4	2	1	1	1	1	2	2
J1512203	1858.04935265132	0	4	2	7	2011	2	2	1	1	1	1	1	8	5
J1512204	1766.64810819046	0	5	2	7	2011	1	1	1	1	1	1	1	8	-9
J1512207	3306.8584644238	1	1	2	7	2011	4	4	2	1	1	1	1	7	2
J1512208	1509.46286040226	1	1	2	7	2011	4	4	2	1	1	1	1	4	2
J1512301	807.239476319726	0	4	2	8	2011	1	1	1	1	1	1	1	1	-9
J1512302	932.118954885307	0	4	2	8	2011	4	4	2	1	1	1	1	1	2
J1512305	925.145166310634	1	1	2	8	2011	4	4	2	1	1	1	1	2	2
J1512306	789.613047155899	0	5	2	8	2011	1	1	1	1	1	1	1	2	-9
J1512309	1535.17304566075	1	1	2	8	2011	4	4	2	1	1	1	1	2	2
J1512310	957.231731947927	1	1	2	8	2011	4	4	2	1	1	1	1	1	2
J1512311	816.745693177645	1	1	2	8	2011	4	4	2	1	1	1	1	1	2
J1512401	5901.58303365047	1	1	2	8	2011	2	2	1	1	1	1	1	5	3
J1512402	1708.20965721012	1	1	2	8	2011	4	4	2	1	1	1	1	5	2
J1512403	1832.02950494318	0	4	2	8	2011	4	4	2	1	1	1	1	4	2
J1512404	927.898802073711	1	1	2	8	2011	4	4	2	1	1	1	1	2	2
J1512405	2570.34891996139	0	5	2	8	2011	1	1	1	1	1	1	1	6	-9
J1512406	1542.39861589298	1	1	2	8	2011	1	1	1	1	1	1	1	4	-9
J1512407	1566.99225007232	0	5	2	8	2011	1	1	1	1	1	1	1	7	-9
J1512408	759.176481561763	1	1	2	8	2011	4	4	2	1	1	1	1	2	2
J1513102	1905.20094523768	0	5	3	10	2011	1	1	1	1	1	1	1	6	-9
J1513103	1194.59221307245	1	1	3	10	2011	4	4	2	1	1	1	1	2	2
J1513104	801.02050225025	0	5	3	10	2011	4	4	2	1	1	1	1	1	2
J1513105	1538.31044547584	1	1	3	10	2011	1	1	1	1	1	1	1	8	-9
J1513106	1668.04442444867	0	5	3	10	2011	1	1	1	1	1	1	1	3	-9
J1513107	1020.0135261876	1	1	3	10	2011	4	4	2	1	1	1	1	3	2
J1513108	1486.88053663089	1	1	3	10	2011	1	1	1	1	1	1	1	3	-9
J1513201	1680.66388785482	0	5	3	10	2011	1	1	1	1	1	1	1	7	-9
J1513202	1792.32776240848	0	5	3	10	2011	1	1	1	1	1	1	1	7	-9
J1513203	748.650141757106	0	4	3	10	2011	2	2	1	1	1	1	1	2	3
J1513204	1557.0054053252	0	5	3	10	2011	1	1	1	1	1	1	1	6	-9
J1513205	2335.53604864647	0	4	3	10	2011	2	2	1	1	1	1	1	2	3
J1513206	949.982498380581	0	5	3	10	2011	1	1	1	1	1	1	1	2	-9
J1513208	705.802733729674	1	1	3	10	2011	4	4	2	1	1	1	1	1	2
J1513301	726.693092984765	0	5	3	11	2011	4	4	2	1	1	1	1	3	2
J1513303	1612.42758722613	1	1	3	11	2011	1	1	1	1	1	1	1	7	-9
J1513305	1054.08109004776	1	1	3	11	2011	1	1	1	1	1	1	1	5	-9
J1513309	1035.02207230729	1	1	3	11	2011	2	2	1	1	1	1	1	8	3
J1513310	1500.32449062486	1	1	3	11	2011	1	1	1	1	1	1	1	9	-9
J1513402	991.850234475469	0	5	3	11	2011	2	2	1	1	1	1	1	3	5
J1513404	1760.06020731495	0	5	3	11	2011	4	4	2	1	1	1	1	5	2
J1513405	1360.51568835936	1	1	3	11	2011	1	1	1	1	1	1	1	9	-9
J1513406	1636.19548755843	0	5	3	11	2011	1	1	1	1	1	1	1	3	-9
J1514102	791.016104945559	1	1	4	1	2012	4	4	2	1	1	1	1	1	2
J1514105	976.144374293948	1	1	4	1	2012	4	4	2	1	1	1	1	1	2
J1514111	1767.23946909587	0	4	4	1	2012	4	4	2	1	1	1	1	1	2
J1514205	1499.73125345785	1	1	4	1	2012	1	1	1	1	1	1	1	2	-9
J1514207	2086.87122293181	0	5	4	1	2012	1	1	1	1	1	1	1	4	-9
J1514304	781.393814442005	0	4	4	2	2012	4	4	2	1	1	1	1	1	2
J1514306	1810.47639833449	1	1	4	2	2012	4	4	2	1	1	1	1	2	2
J1514308	798.785712932907	1	1	4	2	2012	4	4	2	1	1	1	1	2	2
J1514401	1357.242240211	0	5	4	2	2012	1	1	1	1	1	1	1	3	-9
J1514405	709.303123602371	1	1	4	2	2012	4	4	2	1	1	1	1	1	2
J1521101	821.735009521373	1	1	1	4	2011	3	3	2	1	1	1	1	2	1
J1521105	932.14966315727	1	1	1	4	2011	3	3	2	1	1	1	1	2	1
J1521106	814.101915353346	0	5	1	4	2011	1	1	1	1	1	1	1	1	-9
J1521107	849.853784042754	1	1	1	4	2011	1	1	1	1	1	1	1	2	-9
J1521201	686.207218550371	1	1	1	4	2011	3	3	2	1	1	1	1	2	1
J1521203	1760.26744475548	1	1	1	4	2011	3	3	2	1	1	1	1	5	1
J1521204	1663.51015009013	0	5	1	4	2011	1	1	1	1	1	1	1	5	-9
J1521301	798.608537863054	0	5	1	5	2011	1	1	1	1	1	1	1	2	-9
J1521303	708.163412113517	0	5	1	5	2011	1	1	1	1	1	1	1	6	-9
J1521304	964.814871063568	1	1	1	5	2011	3	3	2	1	1	1	1	6	1
J1521305	1653.44073497624	1	1	1	5	2011	2	2	1	1	1	1	1	8	4
J1521306	1731.96902845647	0	4	1	5	2011	1	1	1	1	1	1	1	7	-9
J1521404	1345.07707640884	0	5	1	5	2011	1	1	1	1	1	1	1	5	-9
J1521405	883.735906064151	1	1	1	5	2011	1	1	1	1	1	1	1	2	-9
J1522101	669.811072011045	1	1	2	7	2011	3	3	2	1	1	1	1	2	1
J1522103	975.261004673999	0	5	2	7	2011	1	1	1	1	1	1	1	2	-9
J1522201	859.513896626798	1	1	2	7	2011	3	3	2	1	1	1	1	1	1
J1522204	761.609438223932	1	1	2	7	2011	3	3	2	1	1	1	1	3	1
J1522206	1644.67356902122	0	4	2	7	2011	1	1	1	1	1	1	1	8	-9
J1522301	972.967648113676	1	1	2	8	2011	3	3	2	1	1	1	1	2	1
J1522302	753.141705063779	1	1	2	8	2011	2	2	1	1	1	1	1	3	5
J1522307	765.74109419796	1	1	2	8	2011	3	3	2	1	1	1	1	2	1
J1522403	1545.9064083808	0	5	2	8	2011	1	1	1	1	1	1	1	8	-9
J1522404	1215.30164369926	1	1	2	8	2011	3	3	2	1	1	1	1	2	1
J1522405	724.27007464479	0	4	2	8	2011	3	3	2	1	1	1	1	3	1
J1522406	1709.10241211657	0	4	2	8	2011	1	1	1	1	1	1	1	1	-9
J1523101	3828.74069504608	0	5	3	10	2011	1	1	1	1	1	1	1	3	-9
J1523102	821.596185569915	1	1	3	10	2011	1	1	1	1	1	1	1	3	-9
J1523103	2295.6526530124	0	4	3	10	2011	2	2	1	1	1	1	1	4	5
J1523104	940.23590758874	1	1	3	10	2011	3	3	2	1	1	1	1	1	1
J1523105	1855.80791352705	0	4	3	10	2011	1	1	1	1	1	1	1	4	-9
J1523201	2341.88334747772	0	5	3	10	2011	1	1	1	1	1	1	1	5	-9
J1523202	1667.07972446825	1	1	3	10	2011	1	1	1	1	1	1	1	5	-9
J1523203	1397.67198585035	1	1	3	10	2011	4	4	2	1	1	1	1	2	2
J1523301	729.349076505678	1	1	3	11	2011	4	4	2	1	1	1	1	1	2
J1523302	720.951425898043	1	1	3	11	2011	3	3	2	1	1	1	1	1	1
J1523304	849.295981900016	0	5	3	11	2011	4	4	2	1	1	1	1	1	2
J1523305	3021.61593327769	0	5	3	11	2011	1	1	1	1	1	1	1	2	-9
J1523306	1662.92028101036	1	1	3	11	2011	2	2	1	1	1	1	1	2	3
J1523307	904.050979290133	0	5	3	11	2011	1	1	1	1	1	1	1	2	-9
J1523403	2409.9624796105	0	5	3	11	2011	1	1	1	1	1	1	1	9	-9
J1523404	4920.74454906756	1	1	3	11	2011	2	2	1	1	1	1	1	4	3
J1524101	1931.50038555988	1	1	4	1	2012	1	1	1	1	1	1	1	10	-9
J1524102	1333.48811683767	0	5	4	1	2012	1	1	1	1	1	1	1	10	-9
J1524105	692.778256058027	1	1	4	1	2012	3	3	2	1	1	1	1	1	1
J1524201	1529.90317779404	1	1	4	1	2012	3	3	2	1	1	1	1	2	1
J1524202	976.144374293948	0	4	4	1	2012	4	4	2	1	1	1	1	4	2
J1524203	736.984005190266	1	1	4	1	2012	3	3	2	1	1	1	1	3	1
J1524205	1777.28737137675	0	5	4	1	2012	3	3	2	1	1	1	1	3	1
J1524206	740.486726514574	1	1	4	1	2012	3	3	2	1	1	1	1	1	1
J1524303	1538.71632140098	1	1	4	2	2012	1	1	1	1	1	1	1	10	-9
J1524304	1470.72842910411	0	4	4	2	2012	3	3	2	1	1	1	1	9	1
J1524402	898.327545037634	1	1	4	2	2012	3	3	2	1	1	1	1	2	1
J1524403	1332.81332563795	1	1	4	2	2012	3	3	2	1	1	1	1	6	1
J1524404	762.612075268333	1	1	4	2	2012	3	3	2	1	1	1	1	1	1
J1531101	1964.97893074226	1	1	1	4	2011	2	2	1	1	1	1	1	9	5
J1531103	1715.67405809717	0	4	1	4	2011	2	2	1	1	1	1	1	9	3
J1531104	2206.29605947159	0	5	1	4	2011	1	1	1	1	1	1	2	5	-9
J1531106	789.14322768622	1	1	1	4	2011	3	3	2	1	1	1	2	4	1
J1531108	964.587083049791	0	5	1	4	2011	1	1	1	1	1	1	1	2	-9
J1531109	822.15628446191	1	1	1	4	2011	2	2	1	1	1	1	2	5	3
J1531110	1588.68506032423	1	1	1	4	2011	2	2	1	1	1	1	1	4	3
J1531201	2371.91248783532	0	4	1	4	2011	1	1	1	1	1	1	1	9	-9
J1531203	1562.10163398197	0	5	1	4	2011	1	1	1	1	1	1	1	9	-9
J1531302	1365.92243716613	1	1	1	5	2011	1	1	1	1	1	1	1	10	-9
J1531303	1864.1958954814	1	1	1	5	2011	3	3	2	1	1	1	1	7	1
J1531402	3130.37542963983	1	1	1	5	2011	1	1	1	1	1	1	1	10	-9
J1531404	2056.68385010503	0	5	1	5	2011	1	1	1	1	1	1	1	1	-9
J1531407	1886.53048961065	1	1	1	5	2011	2	2	1	1	1	1	1	4	3
J1532102	3588.95295550519	0	4	2	7	2011	2	2	1	1	1	1	1	5	3
J1532105	1167.97845859663	0	4	2	7	2011	3	3	2	1	1	1	1	1	1
J1532106	1451.00625727338	1	1	2	7	2011	3	3	2	1	1	1	1	2	1
J1532107	1583.1471100722	0	5	2	7	2011	1	1	1	1	1	1	1	2	-9
J1532201	1590.69721143726	1	1	2	7	2011	1	1	1	1	1	1	1	10	-9
J1532204	1861.38644706482	1	1	2	7	2011	1	1	1	1	1	1	1	7	-9
J1532302	1308.34666973437	1	1	2	8	2011	1	1	1	1	1	1	1	9	-9
J1532303	1252.89639339501	0	5	2	8	2011	1	1	1	1	1	1	1	7	-9
J1532304	1885.28401596023	1	1	2	8	2011	1	1	1	1	1	1	1	10	-9
J1532305	1503.08792068561	0	5	2	8	2011	1	1	1	1	1	1	1	7	-9
J1532402	903.939900878301	1	1	2	8	2011	3	3	2	1	1	1	1	2	1
J1532403	1603.06530338325	0	5	2	8	2011	1	1	1	1	1	1	1	4	-9
J1532405	870.429651167595	0	4	2	8	2011	3	3	2	1	1	1	1	3	1
J1532406	1620.87356927924	0	4	2	8	2011	1	1	1	1	1	1	1	3	-9
J1533101	1456.91501761848	0	5	3	10	2011	1	1	1	1	1	1	1	2	-9
J1533103	1242.13209736879	0	5	3	10	2011	1	1	1	1	1	1	2	4	-9
J1533104	1636.18255786487	0	5	3	10	2011	1	1	1	1	1	1	2	8	-9
J1533105	1315.93510417252	0	4	3	10	2011	3	3	2	1	1	1	2	2	1
J1533106	701.381791142056	0	5	3	10	2011	1	1	1	1	1	1	2	4	-9
J1533107	1524.62449644298	0	4	3	10	2011	3	3	2	1	1	1	2	4	1
J1533108	922.08408073403	1	1	3	10	2011	3	3	2	1	1	1	1	2	1
J1533109	1355.00342602931	0	5	3	10	2011	1	1	1	1	1	1	2	4	-9
J1533201	1260.11857275568	0	4	3	10	2011	1	1	1	1	1	1	1	2	-9
J1533202	782.219228422251	1	1	3	10	2011	2	2	1	1	1	1	1	3	3
J1533203	1236.59945134875	0	4	3	10	2011	4	4	2	1	1	1	1	9	2
J1533204	952.200310645088	1	1	3	10	2011	4	4	2	1	1	1	1	8	2
J1533205	1690.12550914155	0	5	3	10	2011	1	1	1	1	1	1	1	9	-9
J1533206	1474.40576302582	1	1	3	10	2011	1	1	1	1	1	1	1	7	-9
J1533302	1636.2499669513	1	1	3	11	2011	1	1	1	1	1	1	1	5	-9
J1533303	837.944418741689	1	1	3	11	2011	3	3	2	1	1	1	1	2	1
J1533305	1181.54975706196	1	1	3	11	2011	1	1	1	1	1	1	1	3	-9
J1533306	774.737990345839	0	5	3	11	2011	3	3	2	1	1	1	1	2	1
J1533307	2790.68211112786	1	1	3	11	2011	4	4	2	1	1	1	1	3	2
J1533401	1685.12330320034	0	5	3	11	2011	1	1	1	1	1	1	1	3	-9
J1533405	1484.07753321925	0	5	3	11	2011	1	1	1	1	1	1	1	9	-9
J1534101	2453.57571720352	0	5	4	1	2012	1	1	1	1	1	1	1	2	-9
J1534102	850.861202497212	0	4	4	1	2012	4	4	2	1	1	1	1	2	2
J1534103	1870.82150808317	0	5	4	1	2012	1	1	1	1	1	1	1	2	-9
J1534105	985.353123812119	0	4	4	1	2012	1	1	1	1	1	1	1	2	-9
J1534107	1277.6300054263	1	1	4	1	2012	3	3	2	1	1	1	1	2	1
J1534108	1356.76668767924	0	5	4	1	2012	1	1	1	1	1	1	1	6	-9
J1534201	1634.34880167795	0	5	4	1	2012	1	1	1	1	1	1	1	2	-9
J1534202	1017.39316762345	0	4	4	1	2012	2	2	1	1	1	1	1	2	3
J1534205	1407.47212121243	0	5	4	1	2012	1	1	1	1	1	1	1	6	-9
J1534206	1395.2482721263	0	5	4	1	2012	1	1	1	1	1	1	1	6	-9
J1534207	1309.16364560467	0	4	4	1	2012	1	1	1	1	1	1	1	6	-9
J1534208	1737.24473816319	0	5	4	1	2012	1	1	1	1	1	1	1	8	-9
J1534301	3805.76270627911	0	4	4	2	2012	2	2	1	1	1	1	1	2	5
J1534302	1044.56580169588	1	1	4	2	2012	1	1	1	1	1	1	1	2	-9
J1534305	1952.94985202259	1	1	4	2	2012	3	3	2	1	1	1	1	3	1
J1534401	1000.76984162695	1	1	4	2	2012	3	3	2	1	1	1	1	1	1
J1534403	798.492723933236	1	1	4	2	2012	2	2	1	1	1	1	1	4	5
J1534404	983.668324796904	1	1	4	2	2012	3	3	2	1	1	1	1	1	1
J1534405	935.054081447548	1	1	4	2	2012	4	4	2	1	1	1	1	1	2
J1534406	713.189737165311	0	5	4	2	2012	1	1	1	1	1	1	1	1	-9
J1541103	1170.78564607644	0	4	1	4	2011	2	2	1	1	1	1	1	2	5
J1541104	1069.76210728154	1	1	1	4	2011	4	4	2	1	1	1	1	2	2
J1541107	1060.81079785577	0	4	1	4	2011	2	2	1	1	1	1	1	2	3
J1541108	759.500831398442	1	1	1	4	2011	3	3	2	1	1	1	1	2	1
J1541111	866.801318916959	0	4	1	4	2011	3	3	2	1	1	1	1	1	1
J1541202	1102.40858999717	1	1	1	4	2011	2	2	1	1	1	1	1	8	3
J1541203	1892.21715782598	0	5	1	4	2011	1	1	1	1	1	1	1	8	-9
J1541204	1693.57105693731	0	4	1	4	2011	1	1	1	1	1	1	1	10	-9
J1541206	2587.05909601342	0	4	1	4	2011	2	2	1	1	1	1	1	9	3
J1541207	1031.30347276772	0	4	1	4	2011	2	2	1	1	1	1	1	9	3
J1541208	3222.32854144256	1	1	1	4	2011	1	1	1	1	1	1	1	10	-9
J1541209	1382.19571417757	0	4	1	4	2011	1	1	1	1	1	1	1	7	-9
J1541303	900.433969176214	0	5	1	5	2011	1	1	1	1	1	1	1	7	-9
J1541305	1587.44021168962	0	5	1	5	2011	1	1	1	1	1	1	1	5	-9
J1541306	1700.25582652446	1	1	1	5	2011	1	1	1	1	1	1	1	10	-9
J1541307	1615.17814498627	1	1	1	5	2011	1	1	1	1	1	1	1	6	-9
J1541402	708.259896037292	1	1	1	5	2011	1	1	1	1	1	1	1	2	-9
J1541403	767.70592734607	1	1	1	5	2011	3	3	2	1	1	1	1	2	1
J1541404	1328.02640073646	1	1	1	5	2011	1	1	1	1	1	1	1	2	-9
J1541407	1339.99154122889	0	4	1	5	2011	3	3	2	1	1	1	1	3	1
J1541408	1837.2898243882	1	1	1	5	2011	1	1	1	1	1	1	1	10	-9
J1542101	2026.14081518165	0	4	2	7	2011	1	1	1	1	1	1	1	8	-9
J1542102	1786.01373216951	0	5	2	7	2011	1	1	1	1	1	1	1	1	-9
J1542104	828.278821369778	0	5	2	7	2011	1	1	1	1	1	1	1	2	-9
J1542107	2006.32328333668	0	5	2	7	2011	1	1	1	1	1	1	1	3	-9
J1542109	1350.38572377032	0	4	2	7	2011	2	2	1	1	1	1	1	2	3
J1542110	1002.90743885813	0	4	2	7	2011	3	3	2	1	1	1	1	1	1
J1542201	883.263682837779	0	5	2	7	2011	1	1	1	1	1	1	2	3	-9
J1542203	779.713979017659	0	4	2	7	2011	3	3	2	1	1	1	2	3	1
J1542206	2572.61830892572	0	4	2	7	2011	2	2	1	1	1	1	1	9	3
J1542207	2392.84815396307	0	4	2	7	2011	1	1	1	1	1	1	1	10	-9
J1542208	1513.56248579699	0	5	2	7	2011	1	1	1	1	1	1	1	10	-9
J1542209	1844.67852821613	0	4	2	7	2011	1	1	1	1	1	1	1	10	-9
J1542301	970.13122121597	0	5	2	8	2011	1	1	1	1	1	1	1	2	-9
J1542302	1494.8497981352	1	1	2	8	2011	2	2	1	1	1	1	1	3	5
J1542304	1449.11834093074	0	5	2	8	2011	1	1	1	1	1	1	1	2	-9
J1542305	1093.97398085143	1	1	2	8	2011	3	3	2	1	1	1	1	1	1
J1542306	977.464083520291	1	1	2	8	2011	3	3	2	1	1	1	1	4	1
J1542308	1921.19804935721	0	5	2	8	2011	1	1	1	1	1	1	1	9	-9
J1542309	1611.37196605666	1	1	2	8	2011	1	1	1	1	1	1	1	9	-9
J1542401	2181.53473633376	0	4	2	8	2011	1	1	1	1	1	1	1	4	-9
J1542403	1569.62050475645	0	5	2	8	2011	1	1	1	1	1	1	1	7	-9
J1542404	3282.22603953729	1	1	2	8	2011	1	1	1	1	1	1	1	8	-9
J1542405	1907.53984977173	0	5	2	8	2011	1	1	1	1	1	1	1	8	-9
J1542407	1943.13156321213	0	5	2	8	2011	1	1	1	1	1	1	1	3	-9
J1543101	978.295698348256	1	1	3	10	2011	2	2	1	1	1	1	1	4	5
J1543105	1049.49444426054	1	1	3	10	2011	3	3	2	1	1	1	1	1	1
J1543112	1731.90413524283	0	4	3	10	2011	1	1	1	1	1	1	1	7	-9
J1543202	1687.197426161	0	5	3	10	2011	2	2	1	1	1	1	1	4	3
J1543203	803.884867127079	0	4	3	10	2011	3	3	2	1	1	1	1	1	1
J1543205	1789.42955597835	1	1	3	10	2011	4	4	2	1	1	1	1	4	2
J1543207	1389.14682606352	1	1	3	10	2011	3	3	2	1	1	1	1	1	1
J1543209	651.004105638222	0	4	3	10	2011	2	2	1	1	1	1	1	1	3
J1543210	1682.75023931329	0	4	3	10	2011	2	2	1	1	1	1	1	3	3
J1543301	1696.71126115178	0	5	3	11	2011	1	1	1	1	1	1	1	5	-9
J1543302	813.072986619645	0	4	3	11	2011	1	1	1	1	1	1	1	5	-9
J1543303	1866.37894134421	1	1	3	11	2011	2	2	1	1	1	1	1	6	3
J1543304	1676.11754101256	0	4	3	11	2011	1	1	1	1	1	1	1	5	-9
J1543402	1384.09038475256	1	1	3	11	2011	3	3	2	1	1	1	1	2	1
J1543403	662.953621770135	1	1	3	11	2011	1	1	1	1	1	1	1	1	-9
J1543407	975.598028748503	0	5	3	11	2011	1	1	1	1	1	1	1	1	-9
J1543408	1043.19079401014	1	1	3	11	2011	3	3	2	1	1	1	1	1	1
J1543409	1397.18975593221	0	5	3	11	2011	1	1	1	1	1	1	1	4	-9
J1544101	987.48094788563	0	4	4	1	2012	3	3	2	1	1	1	1	1	1
J1544102	1231.26319979291	0	5	4	1	2012	1	1	1	1	1	1	1	1	-9
J1544103	708.393545664604	0	5	4	1	2012	3	3	2	1	1	1	1	1	1
J1544105	1392.28508536311	0	5	4	1	2012	1	1	1	1	1	1	1	4	-9
J1544108	949.321436443771	1	1	4	1	2012	3	3	2	1	1	1	1	1	1
J1544202	971.148763341347	1	1	4	1	2012	3	3	2	1	1	1	1	1	1
J1544203	1121.16067717574	0	5	4	1	2012	1	1	1	1	1	1	1	1	-9
J1544204	889.806428130881	0	5	4	1	2012	3	3	2	1	1	1	1	1	1
J1544205	807.754172981324	1	1	4	1	2012	3	3	2	1	1	1	1	1	1
J1544206	747.950940625082	1	1	4	1	2012	3	3	2	1	1	1	1	1	1
J1544207	720.165780475876	1	1	4	1	2012	3	3	2	1	1	1	1	1	1
J1544209	935.371082490212	1	1	4	1	2012	3	3	2	1	1	1	1	1	1
J1544210	878.196710789303	1	1	4	1	2012	1	1	1	1	1	1	1	1	-9
J1544211	743.050486573585	1	1	4	1	2012	3	3	2	1	1	1	1	1	1
J1544213	1181.46838712582	1	1	4	1	2012	2	2	1	1	1	1	1	4	5
J1544302	1298.25136403336	1	1	4	2	2012	2	2	1	1	1	1	1	1	3
J1544303	1734.28558622243	1	1	4	2	2012	3	3	2	1	1	1	1	1	1
J1544401	2322.63558406747	1	1	4	2	2012	1	1	1	1	1	1	1	7	-9
J1544403	2057.51076116628	0	5	4	2	2012	3	3	2	1	1	1	1	10	1
J1544404	1677.66841137768	1	1	4	2	2012	1	1	1	1	1	1	1	10	-9
J1544406	3418.19362032832	1	1	4	2	2012	3	3	2	1	1	1	1	9	1
J1544407	3271.43319275351	0	5	4	2	2012	1	1	1	1	1	1	1	8	-9
J1544409	4744.37246058291	1	1	4	2	2012	1	1	1	1	1	1	1	10	-9
J1551103	1530.28335412574	0	5	1	4	2011	1	1	1	1	1	1	1	6	-9
J1551104	876.853467081219	1	1	1	4	2011	1	1	1	1	1	1	1	4	-9
J1551201	992.958446284484	1	1	1	4	2011	3	3	2	1	1	1	2	3	1
J1551202	1428.87360314065	0	5	1	4	2011	1	1	1	1	1	1	1	9	-9
J1551203	1540.50722289237	1	1	1	4	2011	1	1	1	1	1	1	1	7	-9
J1551204	1717.00095491893	0	5	1	4	2011	1	1	1	1	1	1	1	7	-9
J1551205	1382.21681051467	1	1	1	4	2011	1	1	1	1	1	1	1	7	-9
J1551302	1619.19251040676	0	4	1	5	2011	1	1	1	1	1	1	1	7	-9
J1551303	1691.28091646722	0	4	1	5	2011	1	1	1	1	1	1	1	4	-9
J1551403	1613.18107188274	0	4	1	5	2011	1	1	1	1	1	1	1	9	-9
J1551406	801.668012863341	1	1	1	5	2011	3	3	2	1	1	1	1	2	1
J1552101	1422.06513908086	0	5	2	7	2011	1	1	1	1	1	1	1	3	-9
J1552103	1368.52334341167	0	5	2	7	2011	1	1	1	1	1	1	1	7	-9
J1552108	1635.87210171749	0	5	2	7	2011	1	1	1	1	1	1	1	5	-9
J1552201	1574.06526714664	1	1	2	7	2011	1	1	1	1	1	1	1	7	-9
J1552204	832.387735052487	1	1	2	7	2011	3	3	2	1	1	1	1	1	1
J1552206	904.582460645123	0	4	2	7	2011	3	3	2	1	1	1	1	2	1
J1552208	787.879260526847	0	5	2	7	2011	1	1	1	1	1	1	1	1	-9
J1552303	1594.94028613729	0	4	2	8	2011	1	1	1	1	1	1	1	7	-9
J1552304	934.626892379265	1	1	2	8	2011	3	3	2	1	1	1	1	1	1
J1552305	1592.3078881565	0	5	2	8	2011	1	1	1	1	1	1	1	4	-9
J1552306	2362.71375613195	1	1	2	8	2011	1	1	1	1	1	1	1	4	-9
J1552401	2133.94078457118	1	1	2	8	2011	2	2	1	1	1	1	1	2	3
J1552402	2622.60016541087	0	4	2	8	2011	2	2	1	1	1	1	1	2	5
J1552404	934.895729392126	0	5	2	8	2011	1	1	1	1	1	1	1	1	-9
J1552407	2549.18373172375	0	4	2	8	2011	2	2	1	1	1	1	1	2	3
J1552408	2239.29877887849	0	5	2	8	2011	1	1	1	1	1	1	1	2	-9
J1552409	1869.28748156702	0	4	2	8	2011	2	2	1	1	1	1	1	2	5
J1553101	3352.52475634251	0	5	3	10	2011	1	1	1	1	1	1	1	4	-9
J1553102	1599.55724591076	0	5	3	10	2011	1	1	1	1	1	1	1	6	-9
J1553103	2617.84965489288	1	1	3	10	2011	1	1	1	1	1	1	2	8	-9
J1553202	1490.9022815789	0	4	3	10	2011	2	2	1	1	1	1	1	3	5
J1553203	2160.70734410731	0	5	3	10	2011	1	1	1	1	1	1	1	7	-9
J1553204	2049.37020371641	1	1	3	10	2011	1	1	1	1	1	1	1	4	-9
J1553205	1618.66200212553	0	5	3	10	2011	1	1	1	1	1	1	4	8	-9
J1553305	2188.05162904353	0	5	3	11	2011	1	1	1	1	1	1	1	1	-9
J1553306	771.53686270093	0	4	3	11	2011	4	4	2	1	1	1	1	1	2
J1553307	1127.71782145346	1	1	3	11	2011	2	2	1	1	1	1	1	1	3
J1553308	835.68936350392	0	4	3	11	2011	3	3	2	1	1	1	1	1	1
J1553402	4347.44569434081	0	5	3	11	2011	4	4	2	1	1	1	1	4	2
J1554103	1521.46672824384	1	1	4	1	2012	1	1	1	1	1	1	1	1	-9
J1554104	1213.98138196826	0	4	4	1	2012	2	2	1	1	1	1	1	1	5
J1554108	803.191274149379	1	1	4	1	2012	3	3	2	1	1	1	1	2	1
J1554205	827.223953955176	1	1	4	1	2012	4	4	2	1	1	1	1	2	2
J1554206	1893.34309845477	1	1	4	1	2012	2	2	1	1	1	1	1	3	3
J1554301	2718.27233312695	1	1	4	2	2012	3	3	2	1	1	1	1	1	1
J1554303	1442.04495505755	1	1	4	2	2012	4	4	2	1	1	1	1	2	2
J1554305	939.860487167058	1	1	4	2	2012	3	3	2	1	1	1	1	2	1
J1554307	693.679628862462	1	1	4	2	2012	3	3	2	1	1	1	1	2	1
J1554402	686.005325277712	1	1	4	2	2012	3	3	2	1	1	1	1	2	1
J1554403	1385.13402694066	1	1	4	2	2012	3	3	2	1	1	1	1	2	1
J1554404	824.565567438334	0	4	4	2	2012	3	3	2	1	1	1	1	6	1
J1554405	1682.03168945285	0	5	4	2	2012	1	1	1	1	1	1	1	2	-9
J1561101	1655.07307653919	0	5	1	4	2011	1	1	1	1	1	1	2	5	-9
J1561102	1341.48144290941	1	1	1	4	2011	1	1	1	1	1	1	2	8	-9
J1561104	1296.10163494327	1	1	1	4	2011	1	1	1	1	1	1	4	8	-9
J1561106	2551.81901403935	0	4	1	4	2011	1	1	1	1	1	1	3	5	-9
J1561108	590.045512769681	1	1	1	4	2011	3	3	2	1	1	1	3	5	1
J1561201	598.052031609469	1	1	1	4	2011	3	3	2	1	1	1	2	3	1
J1561202	683.709452310792	1	1	1	4	2011	4	4	2	1	1	1	2	6	2
J1561203	1192.75634416198	1	1	1	4	2011	1	1	1	1	1	1	2	8	-9
J1561205	1777.98005965777	1	1	1	4	2011	2	2	1	1	1	1	3	6	3
J1561207	641.347509235935	1	1	1	4	2011	1	1	1	1	1	1	4	6	-9
J1561208	1551.62085494877	1	1	1	4	2011	2	2	1	1	1	1	3	5	3
J1561210	610.559151774303	0	4	1	4	2011	3	3	2	1	1	1	2	6	1
J1561302	1354.16121644773	0	5	1	5	2011	1	1	1	1	1	1	2	5	-9
J1561305	1220.76433420549	1	1	1	5	2011	2	2	1	1	1	1	3	5	3
J1561306	1264.38607608979	0	5	1	5	2011	1	1	1	1	1	1	3	5	-9
J1561402	1198.28037371642	0	5	1	5	2011	1	1	1	1	1	1	1	4	-9
J1561403	965.668657850235	1	1	1	5	2011	1	1	1	1	1	1	1	3	-9
J1561404	1080.41011230467	0	5	1	5	2011	1	1	1	1	1	1	1	5	-9
J1561405	1543.55788615972	1	1	1	5	2011	1	1	1	1	1	1	1	8	-9
J1561406	1175.94204274953	1	1	1	5	2011	1	1	1	1	1	1	1	8	-9
J1561407	1125.82151133399	0	5	1	5	2011	1	1	1	1	1	1	3	4	-9
J1562101	2978.05931274247	0	5	2	7	2011	1	1	1	1	1	1	1	4	-9
J1562102	989.216232399055	1	1	2	7	2011	4	4	2	1	1	1	1	4	2
J1562105	1386.86686333104	1	1	2	7	2011	4	4	2	1	1	1	1	9	2
J1562106	2398.56841057978	1	1	2	7	2011	1	1	1	1	1	1	1	7	-9
J1562107	1073.08689086144	0	5	2	7	2011	1	1	1	1	1	1	2	9	-9
J1562201	1336.43377729739	1	1	2	7	2011	1	1	1	1	1	1	2	10	-9
J1562202	3103.71567146885	1	1	2	7	2011	2	2	1	1	1	1	4	7	4
J1562205	2244.89943079511	1	1	2	7	2011	4	4	2	1	1	1	1	6	2
J1562206	1932.98612005033	0	4	2	7	2011	1	1	1	1	1	1	1	9	-9
J1562302	1785.35879150144	0	5	2	8	2011	1	1	1	1	1	1	1	9	-9
J1562304	1258.63434542319	1	1	2	8	2011	2	2	1	1	1	1	1	9	3
J1562305	1622.97039026425	1	1	2	8	2011	4	4	2	1	1	1	1	6	2
J1562306	1817.38988821587	0	4	2	8	2011	2	2	1	1	1	1	1	6	3
J1562307	667.202697763319	0	4	2	8	2011	4	4	2	1	1	1	3	6	2
J1562401	822.390690244289	0	4	2	8	2011	4	4	2	1	1	1	3	7	2
J1562402	1322.48790758886	0	5	2	8	2011	1	1	1	1	1	1	4	5	-9
J1562405	1758.7105796503	1	1	2	8	2011	3	3	2	1	1	1	3	10	1
J1562406	1363.60152809212	0	5	2	8	2011	1	1	1	1	1	1	2	6	-9
J1563101	1948.26050079965	0	4	3	10	2011	1	1	1	3	2	1	1	3	-9
J1563104	1282.21083800408	0	4	3	10	2011	1	1	1	3	2	1	1	10	-9
J1563105	2029.10412958401	1	1	3	10	2011	2	2	1	3	2	1	1	7	3
J1563201	1518.84536818324	0	5	3	10	2011	1	1	1	3	2	1	1	9	-9
J1563202	1385.57307171505	0	4	3	10	2011	2	2	1	3	2	1	1	9	3
J1563203	1415.03458239459	0	5	3	10	2011	1	1	1	3	2	1	4	7	-9
J1563206	1735.48838706808	0	5	3	10	2011	1	1	1	3	2	1	2	5	-9
J1563302	1334.06076775062	1	1	3	11	2011	1	1	1	3	2	1	1	2	-9
J1563305	3930.79739127275	0	4	3	11	2011	1	1	1	3	2	1	4	6	-9
J1563306	1705.69261863731	0	5	3	11	2011	1	1	1	3	2	1	2	8	-9
J1563307	1311.01723897733	1	1	3	11	2011	1	1	1	3	2	1	2	7	-9
J1563402	1168.94877714638	0	5	3	11	2011	1	1	1	3	2	1	4	6	-9
J1563406	1302.36319197924	1	1	3	11	2011	4	4	2	1	1	1	2	5	2
J1564101	802.724743196347	0	4	4	1	2012	1	1	1	3	2	1	1	3	-9
J1564103	1601.35833339583	1	1	4	1	2012	1	1	1	3	2	1	1	4	-9
J1564106	1138.24643203585	1	1	4	1	2012	1	1	1	3	2	1	2	7	-9
J1564202	1285.5746135386	0	4	4	1	2012	1	1	1	3	2	1	1	4	-9
J1564204	1428.3210014793	0	5	4	1	2012	1	1	1	3	2	1	1	7	-9
J1564207	992.655254961291	1	1	4	1	2012	1	1	1	3	2	1	1	3	-9
J1564208	1391.49722679864	0	5	4	1	2012	1	1	1	3	2	1	1	8	-9
J1564302	709.851061990711	1	1	4	2	2012	2	2	1	3	2	1	1	3	3
J1564303	830.194779242391	1	1	4	2	2012	2	2	1	3	2	1	1	2	3
J1564304	1227.40911644061	0	5	4	2	2012	1	1	1	3	2	1	1	4	-9
J1564401	1442.38122784411	1	1	4	2	2012	1	1	1	3	2	1	1	7	-9
J1564404	2211.31916911827	1	1	4	2	2012	1	1	1	3	2	1	1	4	-9
J1571102	705.198666989407	1	1	1	4	2011	3	3	2	1	1	1	1	1	1
J1571103	3276.52591552186	1	1	1	4	2011	1	1	1	1	1	1	1	2	-9
J1571105	726.96810137614	1	1	1	4	2011	1	1	1	1	1	1	1	2	-9
J1571106	1096.87422161277	1	1	1	4	2011	4	4	2	1	1	1	1	3	2
J1571107	751.764535433912	0	5	1	4	2011	1	1	1	1	1	1	1	1	-9
J1571108	652.175250592498	1	1	1	4	2011	1	1	1	1	1	1	1	1	-9
J1571202	1419.97956504861	1	1	1	4	2011	1	1	1	1	1	1	1	5	-9
J1571203	1433.48373518728	0	5	1	4	2011	1	1	1	1	1	1	1	4	-9
J1571204	952.293230320572	1	1	1	4	2011	2	2	1	1	1	1	1	3	3
J1571205	1221.94163520284	0	5	1	4	2011	1	1	1	1	1	1	1	9	-9
J1571206	1398.16204985791	0	4	1	4	2011	2	2	1	1	1	1	1	10	5
J1571301	884.923123660305	1	1	1	5	2011	4	4	2	1	1	1	1	1	2
J1571302	870.426817386522	1	1	1	5	2011	3	3	2	1	1	1	1	4	1
J1571303	1920.90836772544	1	1	1	5	2011	1	1	1	1	1	1	1	5	-9
J1571305	745.026840806719	1	1	1	5	2011	1	1	1	1	1	1	1	3	-9
J1571306	1412.8746966728	0	5	1	5	2011	1	1	1	1	1	1	1	10	-9
J1571307	522.517671231267	0	4	1	5	2011	4	4	2	1	1	1	1	5	2
J1571401	601.930522645776	1	1	1	5	2011	3	3	2	1	1	1	1	4	1
J1571403	605.659460786943	1	1	1	5	2011	1	1	1	1	1	1	2	3	-9
J1571406	1895.67267212233	0	5	1	5	2011	1	1	1	1	1	1	2	2	-9
J1572101	2371.76777112927	0	5	2	7	2011	1	1	1	1	1	1	1	4	-9
J1572104	719.195566644779	1	1	2	7	2011	1	1	1	1	1	1	2	3	-9
J1572105	1464.34909746629	1	1	2	7	2011	3	3	2	1	1	1	2	4	1
J1572202	744.381961708601	1	1	2	7	2011	3	3	2	1	1	1	2	4	1
J1572203	851.281535627806	1	1	2	7	2011	3	3	2	1	1	1	2	5	1
J1572204	1508.17298174303	1	1	2	7	2011	3	3	2	1	1	1	2	8	1
J1572205	1888.53089540769	0	5	2	7	2011	1	1	1	1	1	1	2	8	-9
J1572206	1221.90771830644	1	1	2	7	2011	1	1	1	1	1	1	2	7	-9
J1572207	1290.64210965288	0	5	2	7	2011	1	1	1	1	1	1	3	7	-9
J1572302	1756.84009081644	0	5	2	8	2011	1	1	1	1	1	1	1	5	-9
J1572303	1103.40302447606	1	1	2	8	2011	1	1	1	1	1	1	1	5	-9
J1572306	1857.11124698972	0	4	2	8	2011	1	1	1	1	1	1	1	9	-9
J1572307	616.504860378365	0	5	2	8	2011	1	1	1	1	1	1	1	2	-9
J1572401	836.311579270543	1	1	2	8	2011	4	4	2	1	1	1	1	1	2
J1572405	1075.92134677467	0	5	2	8	2011	1	1	1	1	1	1	1	3	-9
J1573101	1142.82339302958	1	1	3	10	2011	1	1	1	1	1	1	1	1	-9
J1573102	1074.09908688226	1	1	3	10	2011	4	4	2	1	1	1	1	5	2
J1573103	1053.13583839125	1	1	3	10	2011	1	1	1	1	1	1	1	9	-9
J1573104	1658.13328531869	0	5	3	10	2011	1	1	1	1	1	1	1	1	-9
J1573106	942.288898829252	1	1	3	10	2011	1	1	1	1	1	1	1	1	-9
J1573201	1081.77255501396	1	1	3	10	2011	4	4	2	1	1	1	1	2	2
J1573202	1756.61714489238	0	4	3	10	2011	1	1	1	1	1	1	1	2	-9
J1573204	1595.61674979785	0	5	3	10	2011	1	1	1	1	1	1	1	9	-9
J1573205	608.166301336798	1	1	3	10	2011	4	4	2	1	1	1	1	1	2
J1573206	1222.33319097462	0	5	3	10	2011	1	1	1	1	1	1	2	4	-9
J1573301	1426.25424145672	1	1	3	11	2011	2	2	1	1	1	1	1	4	5
J1573302	2224.11494214672	1	1	3	11	2011	2	2	1	1	1	1	1	1	3
J1573305	1369.29045289912	1	1	3	11	2011	3	3	2	1	1	1	2	1	1
J1573401	1542.21315176501	1	1	3	11	2011	1	1	1	1	1	1	3	4	-9
J1573402	2010.42989050557	0	5	3	11	2011	1	1	1	1	1	1	2	7	-9
J1573403	2504.18997471491	1	1	3	11	2011	1	1	1	1	1	1	2	8	-9
J1574102	1002.86077250369	0	4	4	1	2012	2	2	1	1	1	1	3	6	3
J1574201	1480.94977502385	0	5	4	1	2012	1	1	1	1	1	1	4	6	-9
J1574202	1655.28285518964	1	1	4	1	2012	1	1	1	1	1	1	1	7	-9
J1574205	1069.13858972005	0	5	4	1	2012	1	1	1	1	1	1	4	6	-9
J1574206	1311.62061927905	0	5	4	1	2012	1	1	1	1	1	1	4	7	-9
J1574301	1582.66560157853	0	5	4	2	2012	1	1	1	1	1	1	1	7	-9
J1574304	1094.11473870502	0	5	4	2	2012	1	1	1	1	1	1	3	9	-9
J1574306	1080.00882625335	0	4	4	2	2012	2	2	1	1	1	1	2	3	3
J1574401	1457.97076881362	0	5	4	2	2012	1	1	1	1	1	1	1	9	-9
J1574402	1502.1537284709	1	1	4	2	2012	1	1	1	1	1	1	1	2	-9
J1574405	873.87548432167	0	5	4	2	2012	1	1	1	1	1	1	1	2	-9
J1574406	1689.74467175298	0	5	4	2	2012	1	1	1	1	1	1	1	4	-9
J1574407	585.86007123334	0	5	4	2	2012	3	3	2	1	1	1	1	1	1
